Species,Indiv,Habitat,MatchSpecies,MatchGenus,CBL_80,d_80,alphaAnt_80,alphaPos_80,DAnt_80,DPos_80,CBL_ctr_80,d_ctr_80,alphaAnt_ctr_80,alphaPos_ctr_80,DAnt_ctr_80,DPos_ctr_80,CBL_med,CBL_max,d_med,d_max,alphaAnt_med,alphaAnt_max,alphaPos_med,alphaPos_max,DAnt_med,DAnt_max,DPos_med,DPos_max,dBW_med,dBW_max,DAntBW_med,DAntBW_max,DPosBW_med,DPosBW_max,CBL_ctr_med,CBL_ctr_max,d_ctr_med,d_ctr_max,alphaAnt_ctr_med,alphaAnt_ctr_max,alphaPos_ctr_med,alphaPos_ctr_max,DAnt_ctr_med,DAnt_ctr_max,DPos_ctr_med,DPos_ctr_max,dBW_ctr_med,dBW_ctr_max,DAntBW_ctr_med,DAntBW_ctr_max,DPosBW_ctr_med,DPosBW_ctr_max,d_mid,CBL_mid,alphaPos_mid,alphaAnt_mid,DPos_mid,DAnt_mid,dBW_mid,DAntBW_mid,DPosBW_mid,d_slope,CBL_slope,alphaPos_slope,alphaAnt_slope,DPos_slope,DAnt_slope,dBW_slope,DAntBW_slope,DPosBW_slope,d_quad,CBL_quad,alphaPos_quad,alphaAnt_quad,DPos_quad,DAnt_quad,dBW_quad,DAntBW_quad,DPosBW_quad,d_order,CBL_order,alphaPos_order,alphaAnt_order,DPos_order,DAnt_order,dBW_order,DAntBW_order,DPosBW_order
Abramis_brama,1,pelagic,alburnus,Alburnus,0.0228,0.0018,85.6234,86.8924,0.0158,0.015,-0.0038499999999999993,3.9999999999999996e-4,14.842700000000008,19.353099999999998,0,-9.99999999999994e-5,0.0228,0.0239,8.500000000000001e-4,0.0018,88.71505,93.9381,84.15735000000001,86.8924,0.0155,0.016,0.01515,0.016,0.007682820999999999,0.016033714,0.1386248155,0.142833665,0.1354180725,0.142833665,-0.004049999999999998,-0.0020499999999999997,-6.25e-4,3.9999999999999996e-4,14.293800000000005,20.609949999999998,17.330849999999998,20.093400000000003,-2.999999999999982e-4,2.500000000000002e-4,-7.500000000000041e-5,4.49999999999999e-4,-0.003279434750000001,0.004416531500000001,0.028565612499999997,0.032964920999999994,0.023904043999999992,0.03073608500000001,0.0012142857142857129,0.022742857142857138,83.55987142857143,85.43882857142856,0.015271428571428568,0.015928571428571427,0.010670054714285709,0.1424328222857143,0.13649653057142855,0.00921428571428569,NA,NA,107.00671428571471,NA,NA,0.08560857714285694,NA,NA,-0.0061904761904761725,NA,NA,-98.53357142857175,NA,NA,-0.058535778571428415,NA,NA,2,0,0,2,0,0,2,0,0
Alectis_ciliaris,1,demersal,ciliaris,Alectis,0.044,7e-4,72.5533,75.6469,0.0262,0.0278,0.017349999999999997,-7e-4,1.772599999999997,8.107600000000005,0.0104,0.0127,0.04355,0.0458,0.0017000000000000001,0.0045,76.5827,89.624,76.10925,86.3325,0.0258,0.0292,0.0271,0.0283,0.015113313,0.039118657,0.2261229885,0.255888773,0.23722136100000002,0.247538183,0.016625,0.018050000000000004,5.000000000000008e-5,0.0029999999999999996,5.697225000000003,11.56219999999999,9.828625000000002,17.83945,0.010425,0.012900000000000002,0.011274999999999997,0.0127,0.0034275980000000013,0.0284510405,0.11956040925,0.1424785245,0.12041813225,0.132524174,7.807142857142891e-4,0.04494499999999994,76.74830000000003,74.3124666666667,0.027322857142857135,0.027508571428571407,0.006968365021428627,0.24096899139999978,0.23922130067142844,-0.025717857142857306,0.2196035714285713,NA,-25.63400000000002,0.11498571428571433,0.11262857142857166,-0.2192271646785728,0.9777035602857168,0.9998470007857133,0.013035714285714414,-0.15732142857142853,NA,NA,-0.08500000000000008,-0.08142857142857166,0.10990753392857253,-0.706304285714288,-0.7387866678571426,2,2,0,1,2,2,2,2,2
Alosa_pseudoharengus,1,pelagic,pseudoharengus,Alosa,0.0231,0.0033,85.8797,89.6339,0.016,0.0157,-0.003550000000000001,0.0019,15.099000000000004,22.0946,1.999999999999988e-4,5.999999999999998e-4,0.0233,0.0242,0.0033499999999999997,0.004,86.9591,101.3525,91.08,95.8023,0.01625,0.0166,0.01615,0.0169,0.0249576335,0.029579418,0.1200893545,0.122631336,0.11934473400000001,0.124942228,-0.0035499999999999993,-0.00315,0.0019,0.0022,15.205950000000001,23.2907,23.990725000000005,27.552049999999994,2.0000000000000052e-4,6.999999999999992e-4,6.999999999999992e-4,0.0010499999999999954,0.013853704000000001,0.0173031795,0.007415749749999999,0.0088102615,0.005204269499999997,0.01116478,0.0034642857142857127,0.02317142857142857,91.61827857142862,85.46269285714286,0.01619285714285714,0.015871428571428568,0.025672909642857143,0.11746667542857138,0.1197555592142857,0.017392857142857106,0.04557142857142852,-125.25889285714251,-23.111607142857103,0.015464285714285734,0.023642857142857198,0.12777765535714267,0.1768015778571428,0.11026256250000004,-0.013214285714285685,-0.03499999999999996,98.59273809523786,NA,-0.012500000000000015,-0.01952380952380956,-0.09714305357142843,-0.1455006071428571,-0.08901213690476195,2,2,2,1,2,2,2,2,2
Amia_calva,1,demersal,calva,Amia,0.0169,0.007,141.7749,141.4651,0.0166,0.0156,-0.009750000000000002,0.0056,70.9942,73.92580000000001,7.999999999999986e-4,5.000000000000004e-4,0.01925,0.0223,0.0056,0.007,131.8089,143.0377,122.36705,141.4651,0.01915,0.0202,0.0186,0.0199,0.0375614705,0.047250163,0.12892981850000002,0.135877766,0.12493238000000001,0.133776847,-0.007949999999999999,-0.0046,0.004075,0.0056,55.26744999999999,74.97540000000001,55.757775,73.92580000000001,0.0029000000000000015,0.0046,0.0026999999999999993,0.004200000000000002,0.026672594,0.035632980499999994,0.014503855749999996,0.017062926500000006,0.007338321750000001,0.013803875000000007,0.006378571428571427,0.016642857142857143,130.86378571428574,133.3344571428571,0.015771428571428568,0.01652142857142857,0.042987309928571436,0.11109386707142854,0.10586650907142857,0.023678571428571403,NA,-272.9039285714273,-293.9649285714276,-0.013571428571428573,0.002892857142857226,0.1603807460714283,0.01747925750000024,-0.0917586010714285,-0.014642857142857124,NA,241.0240476190467,245.64642857142786,NA,-0.01202380952380958,-0.0989267726190474,-0.0792872583333335,NA,2,0,2,2,1,2,2,2,1
Ammodytes_personatus,1,benthic,dubius,Ammodytes,0.0155,0.0023,65.1495,64.4601,0.0076,0.0094,-0.01115,9e-4,-5.631199999999993,-3.0792,-0.008200000000000002,-0.0056999999999999985,0.0159,0.0168,0.0023,0.0043,67.78435,75.1987,64.75215,68.91,0.008400000000000001,0.0092,0.008799999999999999,0.0096,0.0382658625,0.072181605,0.1416123915,0.15592577,0.1480174735,0.162727828,-0.011275,-0.00885,7.75e-4,0.0025,-6.636899999999997,0.43274999999999864,-2.732949999999999,2.2318499999999943,-0.007674999999999999,-0.0063999999999999994,-0.0066749999999999995,-0.0056999999999999985,0.026338869499999997,0.059905366499999994,0.02660323775,0.03589798949999999,0.03209793724999999,0.04732339199999999,0.0026571428571428566,0.015714285714285715,64.59664285714284,60.03528571428571,0.009071428571428572,0.007621428571428569,0.04476988971428571,0.12825062121428568,0.1474774529285714,NA,-0.011642857142857054,NA,-41.163571428571444,NA,0.0031785714285714464,NA,0.044474061785715086,-0.02722409464285705,NA,0.008333333333333269,NA,NA,NA,-0.005833333333333346,NA,-0.09196441547619107,NA,0,2,0,1,0,2,0,2,1
Anodontostoma_chacunda,1,pelagic,cepedianum,Dorosoma,0.0321,6e-4,79.7196,85.2613,0.0199,0.0226,0.0054499999999999965,-8e-4,8.938900000000004,17.72200000000001,0.0040999999999999995,0.0075,0.031549999999999995,0.0329,7.999999999999999e-4,0.0016,84.57849999999999,91.6076,85.1935,88.8691,0.020999999999999998,0.0226,0.0223,0.0226,0.003905881,0.007229049,0.097984864,0.105425005,0.103873364,0.105388955,0.005125000000000001,0.00605,-6.249999999999999e-4,-1.9999999999999987e-4,11.739325000000001,15.54325,19.785725,21.192449999999994,0.005225,0.0063999999999999994,0.006475000000000002,0.0075,-0.0063267365,-0.005047189499999999,-0.015358431500000005,-0.008407003999999996,-0.013514476999999997,-0.005330579000000002,8.363095238095227e-4,0.032030952380952375,84.48233154761903,81.8539107142857,0.02157738095238095,0.020825595238095237,0.004495416874999998,0.09714213654166666,0.10068669163095235,0.004720238095238093,0.032845238095238156,45.29363690476209,-18.552607142857106,0.02627380952380955,0.024291666666666704,NA,0.11300606684523802,0.12081792488095236,-0.0045833333333333325,-0.024404761904761957,-41.799702380952525,NA,-0.02154761904761907,-0.020297619047619078,NA,-0.09445450892857138,-0.09882913452380952,2,2,2,1,2,2,0,2,2
Anoplarchus_insignis,1,benthic,NA,NA,0.023,0.0014,74.8556,68.7805,0.0125,0.014,-0.0036500000000000005,0,4.0748999999999995,1.2412000000000063,-0.003300000000000001,-0.0010999999999999985,0.0241,0.0268,0.00145,0.0023,78.2501,91.0208,64.99770000000001,71.0656,0.01335,0.0152,0.0146,0.0169,0.01285113,0.019529196,0.1150102935,0.13053613,0.1258479165,0.145379981,-0.002874999999999999,9.99999999999994e-5,0,6.5e-4,6.852599999999995,15.99969999999999,-0.7041249999999977,2.5725500000000068,-0.002899999999999999,-5.999999999999998e-4,-9.249999999999987e-4,0.0011999999999999997,0.0018984272500000001,0.007292392499999998,0.0012098910000000046,0.012844759999999997,0.011193952499999993,0.02056981799999999,0.0016220238095238089,0.023674999999999998,63.892691666666664,76.87776071428569,0.01378273809523809,0.012534523809523808,0.014015102720238082,0.10786738508333332,0.11874144422619043,0.007220238095238097,NA,-14.133083333333333,-178.38610714285645,0.002863095238095218,-0.0062619047619047515,0.06092252184523813,-0.05423005166666665,0.024377865476190683,-0.005773809523809527,NA,NA,128.19416666666612,-0.007440476190476174,NA,-0.04871027321428576,NA,-0.06353727857142873,2,0,1,2,2,1,2,1,2
Anoplarchus_purpurescens,1,benthic,NA,NA,0.0179,7e-4,77.5901,58.1069,0.0093,0.0103,-0.00875,-7e-4,6.809400000000011,-9.432399999999994,-0.006500000000000002,-0.004799999999999999,0.01915,0.0213,0.0010500000000000002,0.0012,77.16069999999999,77.5942,63.3035,64.7255,0.0104,0.0114,0.011300000000000001,0.0123,0.009882921,0.011337533,0.098595104,0.108381695,0.107096343,0.116845459,-0.008475,-0.005400000000000002,-5.25e-4,-2.999999999999999e-4,3.809074999999993,8.81150000000001,-4.042149999999996,0,-0.005849999999999998,-0.004199999999999999,-0.004600000000000001,-0.0033999999999999985,-0.0013023090000000015,-1.4062049999999902e-4,-0.015205298499999999,-0.010005194000000009,-0.010098271250000006,-0.006695709000000008,9.565476190476185e-4,0.017602380952380953,59.369015476190455,76.39212261904763,0.010240476190476192,0.00911190476190476,0.00887473735119048,0.0866915905,0.09709042849999996,0.006386904761904749,0.0026309523809523792,-20.702988095238048,-27.203202380952543,-0.005238095238095239,-0.006952380952380949,0.06165528315476179,-0.06570101249999995,-0.05002850499999992,-0.005535714285714276,-0.009404761904761904,NA,21.70130952380966,NA,NA,-0.05389136249999991,NA,NA,2,2,1,2,1,1,2,1,1
Anoplogaster_cornuta,1,pelagic,cornuta,Anoplogaster,0.0347,7e-4,67.4429,60.4094,0.0188,0.0177,0.008050000000000002,-7e-4,-3.3378000000000014,-7.129899999999999,0.002999999999999999,0.0026000000000000016,0.0355,0.0394,8e-4,0.0013,68.0663,74.7481,60.4094,65.7786,0.0198,0.0201,0.0177,0.0189,0.004120017,0.006704387,0.099607718,0.101583965,0.089179243,0.095260127,0.007899999999999997,0.012699999999999996,-5e-4,-2.000000000000001e-4,-3.3378000000000014,2.3455499999999887,-7.129899999999999,-2.1220500000000015,0.003500000000000003,0.0045000000000000005,0.0026000000000000016,0.003100000000000002,-0.0055718515,-0.004361220500000001,-0.015434046499999993,-0.0126065915,-0.024964826999999995,-0.020540707500000005,8.018633540372668e-4,0.03301785714285715,61.32491000000001,69.85363333333338,0.017195031055900624,0.018185,0.004094963124223603,0.09155253342142858,0.08672762213043482,-0.0010807453416149075,0.04041071428571432,-102.29995000000015,NA,-0.005118012422360253,0.01788928571428564,-0.0051716820496894465,0.0921042488928567,-0.02533004565217399,NA,-0.04398809523809524,90.64116666666672,NA,NA,-0.020440476190476127,NA,-0.10517375678571393,NA,1,2,2,0,1,2,1,2,1
Aphareus_furca,1,pelagic,furca,Aphareus,0.0335,0.001,67.608,67.0493,0.0227,0.0223,0.006850000000000002,-3.9999999999999996e-4,-3.172699999999992,-0.4899999999999949,0.0069,0.0072000000000000015,0.039599999999999996,0.042,7.999999999999999e-4,0.0013,67.59275,77.8479,63.28665,71.6108,0.0217,0.0227,0.022,0.0223,0.0039781799999999996,0.00652477,0.10868348,0.113736792,0.1102361305,0.111771933,0.012375000000000002,0.015249999999999996,-6.000000000000001e-4,-2.999999999999999e-4,-3.702549999999995,-0.21390000000000953,-3.852924999999999,3.117750000000001,0.005950000000000002,0.0069,0.006175,0.007350000000000001,-0.0068950595,-0.0036747774999999995,-0.006122665499999999,0.005740464000000001,-0.009554161999999998,0.00520991400000001,9.78095238095238e-4,0.03748333333333334,62.472405714285756,65.42432000000002,0.021666666666666674,0.02178333333333334,0.004930305885714285,0.10915040233333335,0.10854125083333335,7.428571428571428e-4,NA,-222.57819999999978,-134.3334857142861,NA,NA,0.004181452571428569,NA,NA,NA,NA,170.33142857142852,88.22571428571459,NA,NA,NA,NA,NA,1,0,2,2,0,0,1,0,0
Apodichthys_flavidus,1,benthic,crassispina,Pholis,0.0127,0.0011,95.2429,64.0252,0.0076,0.0084,-0.01395,-2.999999999999999e-4,24.46220000000001,-3.514099999999999,-0.008200000000000002,-0.006699999999999999,0.01435,0.0153,0.0010500000000000002,0.0012,91.48065,97.7826,65.4859,71.6535,0.0083,0.009,0.0097,0.0103,0.0197141615,0.023076818,0.16043782499999998,0.175116979,0.1878312485,0.200044361,-0.012875000000000001,-0.011400000000000002,-4.2500000000000003e-4,-1.9999999999999987e-4,16.835824999999993,25.380049999999997,-0.3641500000000022,6.927999999999997,-0.0079,-0.0066,-0.0062000000000000015,-0.0053999999999999986,0.009797328999999999,0.010840014499999998,0.04663742249999999,0.057425609,0.07004241225,0.079117059,0.0010125000000000002,0.013048214285714283,63.6325119047619,88.56763333333332,0.008428571428571424,0.007414880952380951,0.01948217724999999,0.14334804282738095,0.1630344809880952,NA,0.009517857142857153,41.72376190476186,-15.262666666666627,0.013714285714285748,0.004113095238095247,NA,0.0857229297023814,0.2684151234523812,NA,-0.012083333333333342,-43.82071428571425,NA,-0.01500000000000003,-0.006845238095238103,NA,-0.13818454464285754,-0.29320374166666696,0,2,2,1,2,2,0,2,2
Apteronotus_cuchillejo,1,demersal,albifrons,Apteronotus,0.0253,9e-4,50.0094,52.733,0.0112,0.0108,-0.0013500000000000005,-5e-4,-20.771299999999997,-14.8063,-0.004600000000000002,-0.004299999999999998,0.02525,0.0257,0.00145,0.0021,59.70525,66.0082,56.6545,59.3298,0.012050000000000002,0.013,0.01225,0.013,0.02116215,0.030496646,0.1738549015,0.187620317,0.1765629305,0.187275743,-0.0017750000000000005,-3.499999999999996e-4,-1.7500000000000003e-4,5.999999999999998e-4,-12.611700000000006,-9.451300000000003,-9.9802,-5.395699999999998,-0.003999999999999998,-0.002800000000000002,-0.003550000000000001,-0.002800000000000002,0.00919778725,0.019829029499999998,0.057135887,0.069928947,0.05625743175,0.06930352299999999,0.0010017857142857129,0.02529166666666666,50.98249999999999,53.05586071428571,0.010809523809523805,0.011411309523809523,0.014338328809523798,0.1644744458214285,0.15553114910714277,0.006874999999999993,0.03895238095238094,131.46589285714276,27.47917857142858,0.036345238095238055,0.031077380952380898,0.10188628666666658,0.4489822567857144,0.5231591471428572,-0.007559523809523805,-0.029285714285714276,-125.13964285714279,-50.54511904761906,-0.03369047619047617,-0.027440476190476154,-0.1119591547619047,-0.3964016750000001,-0.48493895238095236,2,2,2,2,2,2,2,2,2
Aulorhynchus_flavidus,1,pelagic,flavidus,Aulorhynchus,0.0157,7e-4,39.5025,36.791,0.0058,0.0051,-0.010950000000000001,-7e-4,-31.2782,-30.7483,-0.010000000000000002,-0.009999999999999998,0.0176,0.0217,8.500000000000001e-4,0.0016,37.798249999999996,47.107,36.829049999999995,40.6004,0.0060999999999999995,0.0072,0.0056500000000000005,0.0073,0.011277918000000001,0.020330927,0.07976568049999999,0.094180444,0.073864615,0.095694289,-0.008675,-0.005000000000000001,-7.5e-4,4.000000000000002e-4,-33.58645,-25.295550000000006,-31.187124999999998,-24.125099999999996,-0.009524999999999999,-0.008700000000000001,-0.0098,-0.0085,-6.687924999999994e-4,0.0121024955,-0.035283581,-0.020010112499999996,-0.038843535,-0.022277931,8.666666666666668e-4,0.01644071428571429,36.124800000000015,38.61593999999997,0.00525714285714286,0.005497142857142858,0.011344433000000003,0.07197121260000003,0.0690799962666667,NA,-0.048603571428571586,NA,214.4198857142855,-0.004285714285714293,-0.0036857142857142917,NA,-0.048530816000000074,-0.05613279600000003,NA,0.02875000000000013,NA,-170.5657142857142,NA,NA,NA,NA,NA,0,2,0,2,1,1,0,1,1
Barbichthys_laevis,1,benthic,laevis,Barbichthys,0.0313,0.0014,72.4695,68.8891,0.0181,0.0181,0.004650000000000001,0,1.6888000000000005,1.3498000000000019,0.0023,0.0030000000000000027,0.0293,0.0319,0.0014,0.0018,72.90074999999999,88.0969,70.0355,72.3994,0.0168,0.0181,0.0171,0.0181,0.00876177,0.011811507,0.1072098,0.115718128,0.109208083,0.115785551,0.0030749999999999996,0.004650000000000001,-9.999999999999994e-5,1.4999999999999996e-4,3.4020999999999972,10.0351,2.8491,6.028849999999991,0.0011000000000000003,0.0023499999999999997,0.0016500000000000004,0.0030000000000000027,-0.002489823999999999,-4.252965000000001e-4,-0.004601927500000005,0.00741398800000001,-0.005044207250000002,0.005066016999999992,0.001416666666666667,0.030835714285714275,70.03704571428574,70.25064357142861,0.017783571428571426,0.01754476190476191,0.009004663833333336,0.11207564106666669,0.11366573623571428,NA,0.08667857142857147,-61.54724285714327,-250.18748928571551,0.026753571428571297,0.003742857142857135,NA,0.023812835999999983,0.17602992282142874,NA,-0.05964285714285723,49.24928571428602,170.71017857142954,-0.017678571428571356,NA,NA,NA,-0.11645901250000022,0,2,2,2,2,1,0,1,2
Catostomus_catostomus,1,demersal,plebius,Catostomus,0.0238,0.0026,90.3649,89.9291,0.0168,0.0165,-0.0028499999999999984,0.0012,19.58420000000001,22.389800000000008,9.999999999999974e-4,0.001400000000000002,0.0238,0.0249,0.0024000000000000002,0.0026,89.0235,100.9818,87.5903,89.9291,0.01675,0.0178,0.0166,0.0171,0.013489995500000001,0.014714444,0.0950242205,0.100967948,0.09421265549999999,0.09707898,-0.002975,-0.0026499999999999996,7.25e-4,0.0014,17.705374999999997,22.92,21.794124999999994,23.644449999999992,8.99999999999998e-4,0.0015000000000000013,9.24999999999997e-4,0.001400000000000002,0.0016083454999999995,0.0064468965,-0.017690044250000002,-0.012442300500000003,-0.021713747250000005,-0.01677524300000001,0.0025599999999999998,0.02362428571428571,88.84384928571427,87.39538428571433,0.01623928571428571,0.016537142857142854,0.014433916514285716,0.09387962667857142,0.09227201859285715,0.001399999999999999,0.031221428571428653,92.58231071428551,-133.4103785714292,0.00723214285714286,0.022342857142857178,0.007771823428571417,0.11969078732142845,0.043607331749999124,NA,-0.025357142857142932,-65.15839285714274,87.9146428571433,-0.00732142857142858,-0.01857142857142861,NA,-0.10030315178571429,-0.043411301785713716,1,2,2,2,2,2,1,2,2
Centropomus_undecimalis,1,pelagic,undecimalis,Centropomus,0.0337,4e-4,57.6893,56.1076,0.0158,0.0163,0.007050000000000001,-0.001,-13.091399999999993,-11.4317,0,0.0011999999999999997,0.0337,0.0369,4e-4,4e-4,63.528549999999996,79.8975,57.86455,67.0049,0.01825,0.0206,0.017300000000000003,0.0194,0.0031363809999999997,0.00350211,0.1433467995,0.161727836,0.1361293555,0.152832604,0.0075250000000000004,0.009900000000000003,-0.00115,-9e-4,-10.097675000000006,1.8356999999999886,-7.837274999999998,-1.4881499999999903,0.002199999999999999,0.005000000000000001,0.0016750000000000011,0.003700000000000002,-0.008209934750000002,-0.0056702275,0.027795990250000006,0.04170005550000001,0.02073775449999999,0.02939179800000001,3.1666666666666676e-4,0.03361666666666668,55.22357333333336,55.34164571428573,0.016093333333333334,0.015682857142857144,0.0026235351666666676,0.12328487563571425,0.1266654019142857,NA,NA,-22.263400000000036,-54.44902857142862,-0.0086,0.022528571428571512,NA,0.17779027667857175,-0.0672347305714287,NA,NA,NA,NA,NA,-0.027857142857142934,NA,-0.2193937196428576,NA,0,0,1,1,1,2,0,2,1
Cephalopholis_argus,1,benthic,argus,Cephalopholis,0.0352,0.0025,58.8855,61.6503,0.0178,0.0178,0.008550000000000002,0.0011,-11.895199999999996,-5.888999999999996,0.0019999999999999983,0.002700000000000001,0.038400000000000004,0.041,0.0023,0.0029,61.34735,78.0723,57.6053,64.0797,0.02105,0.0229,0.0184,0.021,0.015101104,0.018520235,0.13639293800000002,0.148383218,0.1192832915,0.13593028,0.011675000000000003,0.014199999999999997,8.75e-4,0.0011,-9.381375000000002,0.010499999999993292,-8.194475,-0.9422500000000014,0.005000000000000001,0.007300000000000001,0.002875000000000001,0.005300000000000003,0.0038813005000000005,0.0062439965,0.02084212875,0.02835543750000001,0.004629327499999995,0.011120116999999985,0.0025357142857142818,0.03740714285714286,56.79940714285715,60.369635714285714,0.017249999999999995,0.01936428571428571,0.01644294407142856,0.1254891541428571,0.11182403750000003,0.020107142857142806,0.062392857142857375,-267.6926071428567,-19.345035714285686,-0.06167857142857127,0.04382142857142856,0.13124323821428546,0.282459709285714,-0.399144305357142,-0.013928571428571391,-0.05297619047619064,193.18202380952349,NA,0.040357142857142744,-0.03916666666666666,-0.09079701785714267,-0.2523695214285713,0.26151752023809466,2,2,2,1,2,2,2,2,2
Chaetostoma_lineopunctatum,1,demersal,breve,Chaetostoma,0.0303,0.0041,55.1456,54.24,0.0137,0.0139,0.0036500000000000005,0.0027,-15.635099999999994,-13.299299999999995,-0.002100000000000001,-0.0011999999999999997,0.0303,0.0329,0.0027,0.0041,58.0076,76.2253,50.5195,54.24,0.0138,0.0153,0.0139,0.0164,0.007901932,0.011865623,0.040058889,0.044429866,0.040523628,0.047571677,0.0036500000000000005,0.005299999999999999,0.00145,0.0027,-10.054699999999997,1.2042000000000002,-14.205999999999996,-13.299299999999995,-0.002100000000000001,-5.000000000000022e-4,-0.00115,5.999999999999998e-4,-0.0032538075000000007,2.4844050000000055e-4,-0.0730768975,-0.066602915,-0.07040054300000001,-0.065988703,0.003539999999999998,0.03085714285714284,50.46850000000001,53.397368571428615,0.013594285714285708,0.013289999999999995,0.010262584028571387,0.0386603398,0.03955703174285716,0.06200000000000045,0.059599999999999945,NA,-492.43160000000336,-0.04660000000000045,-0.006099999999999992,0.17774885400000132,-0.017215069999999996,-0.13314739500000092,-0.04000000000000033,-0.04571428571428568,NA,320.05714285714527,0.028571428571428886,NA,-0.1143779428571438,NA,0.08164303571428637,2,2,0,2,2,1,2,1,2
Chanos_chanos,1,demersal,chanos,Chanos,0.0279,0.0029,76.9737,71.8266,0.0166,0.0172,0.0012500000000000011,0.0014999999999999998,6.192999999999998,4.287300000000002,7.999999999999986e-4,0.002100000000000001,0.024550000000000002,0.0279,0.0027,0.0031,78.9691,95.6518,79.4309,87.9935,0.01545,0.0171,0.01685,0.0172,0.0265825555,0.030883043,0.1522228885,0.16832688,0.165770712,0.169651898,-0.0016749999999999994,0.0012500000000000011,0.001075,0.0017,7.569074999999998,20.63069999999999,12.14309999999999,23.268,-7.500000000000041e-5,8.000000000000021e-4,9.750000000000002e-4,0.002100000000000001,0.0147914865,0.0202015985,0.042018310749999996,0.05491663150000001,0.047490405,0.058575717,0.0029928571428571413,0.026149999999999993,79.58952857142856,77.39675714285713,0.016657142857142856,0.01612142857142857,0.029555211571428545,0.15906070107142856,0.16410489842857137,0.01503571428571428,0.06339285714285706,NA,-31.876499999999925,0.05028571428571425,0.0256071428571428,0.14826388071428553,0.24837860535714262,0.4943293307142846,-0.00964285714285714,-0.04321428571428564,NA,NA,-0.037380952380952355,-0.017738095238095195,-0.09573020238095224,-0.17092538452380934,-0.3668714714285706,2,2,0,1,2,2,2,2,2
Cheilopogon_melanurus,1,pelagic,melanurus,Cheilopogon,0.0216,0,73.4596,85.6817,0.0138,0.0128,-0.005049999999999999,-0.0014,2.6788999999999987,18.14240000000001,-0.0020000000000000018,-0.0022999999999999982,0.022199999999999998,0.0233,1e-4,3e-4,68.6132,75.4044,69.953,85.6817,0.012650000000000002,0.0138,0.0127,0.0142,0.0012373505,0.003331102,0.1310517335,0.143042204,0.1318674195,0.147382963,-0.0045249999999999995,-0.0029500000000000012,-0.0014,-0.0012,-3.7037500000000065,7.342100000000002,4.10295,18.14240000000001,-0.0033499999999999997,-0.00145,-0.0030750000000000005,-6.499999999999995e-4,-0.009942418750000001,-0.0082284315,0.01569323200000001,0.03647668899999999,0.014537732249999998,0.04156525400000001,1.285714285714286e-4,0.0219,78.67677857142857,72.51165,0.013242857142857143,0.013257142857142856,0.001310496714285714,0.1371926022142857,0.1374030552142857,NA,-0.0024999999999999797,36.456178571428616,-20.21867857142843,-0.005285714285714275,0.0028571428571428628,NA,0.029276887500000123,0.025849936071428634,NA,NA,NA,31.62630952380942,0.006428571428571421,NA,NA,NA,NA,0,1,1,2,2,1,0,1,1
Chiasmodon_niger,1,pelagic,niger,Chiasmodon,0.0387,9e-4,53.7334,54.0902,0.0181,0.0174,0.012049999999999998,-5e-4,-17.047299999999993,-13.449099999999994,0.0023,0.0023,0.0366,0.0387,0.0015999999999999999,0.004,56.89505,78.1076,58.22735,69.614,0.01805,0.0211,0.018099999999999998,0.0206,0.0095745795,0.024634093,0.1109191465,0.129974975,0.1114110435,0.127079167,0.009675000000000001,0.012049999999999998,-1.0000000000000005e-4,0.0025,-15.421900000000008,0.04579999999999984,-7.622700000000002,1.1209500000000077,0.0020499999999999997,0.005500000000000001,0.002275000000000001,0.004900000000000002,-0.00240950075,0.013966476499999998,-0.0017468792499999997,0.009947194499999992,-0.004232913250000005,0.002269003999999991,0.0010714285714285717,0.03797142857142856,53.74892142857145,52.29372142857144,0.01695714285714285,0.018199999999999997,0.006538198571428573,0.11198637757142856,0.10437327685714284,-0.0032857142857142824,0.07535714285714294,-227.28653571428518,-147.84253571428542,-0.007642857142857132,NA,-0.02013821357142855,NA,-0.047021964285714236,NA,-0.05309523809523816,150.4324999999996,79.27011904761882,NA,NA,NA,NA,NA,1,2,2,2,1,0,1,0,1
Coryphaena_hippurus,1,pelagic,hippurus,Coryphaena,0.0307,0.0022,60.8211,64.4094,0.0166,0.0158,0.0040500000000000015,8.000000000000001e-4,-9.959599999999995,-3.129899999999992,7.999999999999986e-4,7.000000000000027e-4,0.0287,0.0307,0.002,0.0023,70.26425,86.9286,66.78975,72.4049,0.016800000000000002,0.0286,0.016050000000000002,0.0211,0.0242508365,0.028170164,0.2036825345,0.34669715,0.194578264,0.256307667,0.0015250000000000003,0.0040500000000000015,3.25e-4,8.000000000000001e-4,-4.882325000000002,18.86630000000001,0.15184999999999604,4.444600000000008,8.000000000000004e-4,0.01365,5.249999999999994e-4,0.00625,0.012304126000000002,0.016604368499999998,0.091551885,0.24364273400000003,0.08066485825,0.15048995800000003,0.0017714285714285714,0.022614285714285705,50.96407857142856,72.06205714285714,0.017864285714285718,0.021135714285714296,0.02166128128571429,0.25610353542857145,0.21675862285714295,NA,0.15057142857142816,195.3636071428565,NA,-0.028035714285714167,-0.056464285714285425,NA,-0.6846283035714246,-0.3446616699999988,NA,-0.13690476190476158,-210.6951190476185,NA,0.0286904761904761,0.06107142857142835,NA,0.7400257380952351,0.3519812452380943,0,2,2,0,2,2,0,2,2
Coryphaenoides_filifer,1,benthic,armatus,Coryphaenoides,0.0332,0.0018,49.9003,54.1888,0.0148,0.0145,0.00655,3.9999999999999996e-4,-20.880399999999995,-13.350499999999997,-0.0010000000000000009,-5.999999999999981e-4,0.0306,0.0332,0.00185,0.0023,69.98365000000001,84.9295,66.461,72.5872,0.01685,0.0186,0.01625,0.0183,0.014444096,0.017832215,0.130531638,0.144179005,0.1260001525,0.141996085,0.003125000000000001,0.00655,4.5e-4,7.000000000000001e-4,-3.642575000000001,6.867699999999999,-0.14827499999999816,5.9090499999999935,0.0010000000000000009,0.0023,4.7499999999999973e-4,0.0024499999999999973,0.003962415999999999,0.0065536885,0.011672062749999997,0.030768756499999994,0.008237486000000002,0.02619525049999999,0.0018714285714285708,0.03198571428571428,60.927299999999995,49.83740714285711,0.01624285714285714,0.014157142857142853,0.01454083171428571,0.10958077335714281,0.12605872728571427,NA,0.048642857142857134,-46.105428571428526,143.20210714285713,NA,0.07585714285714276,NA,0.5862402974999987,NA,NA,-0.030714285714285704,NA,-183.0803571428571,NA,-0.06904761904761897,NA,-0.5343050511904752,NA,0,2,1,2,0,2,0,2,0
Ctenochaetus_strigosus,1,demersal,strigosus,Ctenochaetus,0.0468,0.002,60.8763,57.9977,0.0231,0.0232,0.02015,6.000000000000001e-4,-9.904399999999995,-9.541599999999995,0.0072999999999999975,0.0081,0.0431,0.0468,0.0021999999999999997,0.0034,59.407799999999995,75.2856,60.9401,63.0501,0.02105,0.0231,0.022350000000000002,0.0232,0.012580346499999999,0.019489268,0.121688823,0.133555296,0.129361902,0.13446861,0.015425000000000001,0.02115,6e-4,0.0018999999999999998,-12.768675000000002,-2.776200000000003,-7.812899999999999,-3.237250000000003,0.005100000000000002,0.007649999999999999,0.006449999999999999,0.0081,6.336359999999999e-4,0.0088216515,0.005053725249999988,0.02741199500000001,0.012167287749999998,0.02625119599999999,0.0019864285714285747,0.04581714285714285,59.60843333333335,55.23794000000005,0.022689523809523812,0.022058095238095238,0.011298308128571452,0.12742058073333334,0.13141732668571432,-0.029560714285714256,0.06897142857142859,NA,-239.1564714285715,0.00848571428571429,0.007942857142857128,-0.1702657702142856,0.04506410599999986,0.04959556457142847,0.022321428571428558,-0.03714285714285718,NA,164.9964285714287,NA,NA,0.12832839642857138,NA,NA,2,2,0,2,1,1,2,1,1
Cyprinus_carpio,1,demersal,carpio,Cyprinus,0.0342,0.0011,56.0173,57.3523,0.016,0.0166,0.007550000000000001,-2.999999999999999e-4,-14.763399999999997,-10.186999999999998,1.999999999999988e-4,0.0015000000000000013,0.0359,0.0385,0.0012499999999999998,0.0014,55.77055,60.6545,53.1185,63.0857,0.01595,0.0169,0.01625,0.0166,0.00813157,0.009552644,0.10618986750000001,0.112300035,0.107886869,0.110642931,0.008675000000000002,0.010900000000000003,-3.0000000000000014e-4,2.000000000000001e-4,-17.057425000000006,-11.000099999999996,-13.639000000000003,-6.467950000000002,3.999999999999993e-4,0.0011000000000000003,7.25e-4,0.0015000000000000013,-0.0033493427500000013,0.0013242125000000014,-0.006309625499999999,0.0031070100000000073,-0.008870622250000001,0.0011006939999999993,0.0012000000000000003,0.03502999999999999,55.09766571428578,53.237622857142895,0.016133333333333336,0.015416666666666672,0.007992498666666669,0.10269349433333338,0.10736199216666671,NA,0.07994999999999992,-212.23451428571457,-199.57144285714298,NA,NA,NA,NA,NA,NA,-0.06749999999999999,184.5057142857146,156.27357142857156,NA,NA,NA,NA,NA,0,2,2,2,0,0,0,0,0
Diplectrum_formosum,1,demersal,formosum,Diplectrum,0.0403,9e-4,55.1633,59.9662,0.0185,0.0195,0.013650000000000002,-5e-4,-15.617399999999996,-7.573099999999997,0.0026999999999999975,0.004400000000000001,0.0395,0.0414,0.0010999999999999998,0.0016,64.63785,81.5709,60.102450000000005,68.6061,0.019799999999999998,0.021,0.019950000000000002,0.0223,0.005286494,0.008010707,0.098132013,0.103946503,0.0990065745,0.110456622,0.0122,0.01655,-5e-4,-4.9999999999999914e-5,-8.988375000000005,3.5090999999999894,-5.526074999999999,0.1130500000000012,0.00375,0.004800000000000002,0.0045000000000000005,0.006600000000000002,-0.005845771,-0.0042260965,-0.017956666250000003,-0.010244053500000003,-0.015952755,-0.014121070000000013,0.0010242857142857102,0.040404761904761916,56.028631428571444,53.12057904761907,0.018838095238095244,0.01798071428571428,0.005019569164285699,0.08910968595714283,0.09344561882857144,0.013507142857142884,0.00914285714285712,-28.63945714285719,-63.386028571428604,-0.007857142857142865,0.042424999999999886,0.07008552746428591,0.20947683292857142,-0.03889742114285724,-0.011071428571428598,NA,NA,NA,NA,-0.03982142857142852,-0.05725877321428589,-0.1966773892857144,NA,2,1,1,1,1,2,2,2,1
Discherodontus_ashmeadi,1,benthic,ashmeadi,Discherodontus,0.0293,7e-4,69.7704,73.7364,0.017,0.0173,0.0026499999999999996,-7e-4,-1.0103000000000009,6.197100000000006,0.0011999999999999997,0.0022000000000000006,0.02805,0.0297,0.0011,0.0018,73.0206,80.5384,66.5378,75.5482,0.016399999999999998,0.0174,0.01625,0.0173,0.0062516325,0.010475918,0.0949823625,0.100794654,0.0939232275,0.09990842,0.001375000000000003,0.0028499999999999984,-4.7499999999999994e-4,2.000000000000001e-4,-0.08157500000000084,5.821600000000004,0.6877500000000012,6.197100000000006,7.00000000000001e-4,0.0019499999999999986,3.499999999999979e-4,0.0022000000000000006,-0.005200577500000001,-6.868499999999889e-6,-0.018372600500000003,-0.005265552999999992,-0.023271386750000005,-0.009100379999999991,0.0011666666666666665,0.028850714285714292,71.46348500000002,70.56900500000003,0.016698095238095238,0.016821904761904767,0.006744643666666667,0.09735977493333334,0.09656230145714287,NA,0.038189285714285766,-52.99136785714256,-164.52492500000088,0.0035428571428571436,0.004257142857142836,NA,0.02440316399999993,0.0211780297142857,NA,-0.026607142857142926,61.64410714285693,116.67625000000068,NA,NA,NA,NA,NA,0,2,2,2,1,1,0,1,1
Engraulis_mordax,1,pelagic,mordax,Engraulis,0.0221,0.0037,66.6119,60.0543,0.0117,0.0119,-0.0045499999999999985,0.0023,-4.16879999999999,-7.484999999999999,-0.004100000000000001,-0.003199999999999998,0.0225,0.0237,0.0038,0.0042,69.2332,77.2323,63.42855,74.6092,0.012400000000000001,0.0138,0.012750000000000001,0.014,0.031225910000000003,0.03491269,0.1021684975,0.113452279,0.104766001,0.115239808,-0.004574999999999999,-0.0019500000000000003,0.0022500000000000003,0.0026,-4.188974999999999,-0.7941500000000019,-2.6068500000000014,9.883700000000005,-0.0036,-0.0024999999999999988,-0.0027,-0.0019499999999999986,0.0197260825,0.023220768000000003,-0.013802459499999996,4.2030499999998194e-5,-0.012998847500000008,-0.0033485860000000006,0.003657142857142856,0.022585714285714282,61.18032857142858,62.905585714285685,0.011899999999999997,0.011821428571428568,0.030000973785714265,0.09734057078571427,0.09788321371428567,0.015928571428571407,NA,53.45507142857163,106.59264285714316,0.01942857142857142,0.013107142857142937,0.1294163560714286,0.10469817321428523,0.1563290514285717,-0.013095238095238078,NA,-61.08404761904778,-109.94380952380973,-0.018809523809523804,-0.01321428571428577,-0.10686608214285717,-0.10626758214285678,-0.1517538261904764,2,0,2,2,2,2,2,2,2
Equetus_lanceolatus,1,demersal,acuminatus,Pareques,0.0415,0,42.1994,40.0347,0.0152,0.0143,0.014850000000000002,-0.0014,-28.5813,-27.504599999999996,-6.000000000000016e-4,-7.999999999999986e-4,0.0412,0.0415,7e-4,0.002,42.1031,65.004,40.239000000000004,42.7697,0.0149,0.0156,0.013600000000000001,0.0148,0.0045680040000000005,0.013239243,0.1002989315,0.105231294,0.09141240349999999,0.099874061,0.013525000000000002,0.01655,-7.000000000000001e-4,2.000000000000001e-4,-29.134225000000004,-13.0578,-27.144275,-24.039050000000003,-7.000000000000001e-4,0,-0.0022249999999999987,-4.99999999999997e-5,-0.00539217275,9.630044999999997e-4,-0.011855298,-0.0048784179999999955,-0.026304905250000003,-0.005943647999999996,6.571428571428571e-4,0.04229285714285713,37.3106928571429,37.442600000000056,0.01360714285714286,0.014814285714285712,0.004381396142857143,0.09989878314285715,0.09170623650000001,NA,0.1343214285714287,-415.40374999999955,-457.71078571428455,-0.0518214285714285,NA,NA,NA,-0.3525919310714271,NA,-0.089404761904762,314.22535714285686,319.5428571428563,0.0434523809523809,NA,NA,NA,0.29547825119047516,0,2,2,2,2,0,0,0,2
Fundulus_heteroclitus,1,demersal,heteroclitus,Fundulus,0.0248,5e-4,71.7341,73.2634,0.015,0.0145,-0.001850000000000001,-9e-4,0.953400000000002,5.724100000000007,-8.000000000000021e-4,-5.999999999999981e-4,0.02475,0.0276,9e-4,0.0018,70.4417,72.8315,71.46955,74.3999,0.014499999999999999,0.0151,0.0145,0.0152,0.004824416999999999,0.009552037,0.07729654250000001,0.080603292000000007,0.0773082665,0.081065974,-0.0018250000000000002,5.999999999999998e-4,-8.25e-4,1.9999999999999987e-4,-2.457800000000006,1.8878000000000128,4.712049999999998,5.724100000000007,-0.00115,-5.500000000000001e-4,-7.250000000000008e-4,-4.999999999999987e-4,-0.007432104,-0.002139885000000001,-0.035392941,-0.02647535899999999,-0.03784827075,-0.031107258,5.928571428571437e-4,0.024771428571428576,70.40423571428572,69.12997857142858,0.014071428571428578,0.014700000000000001,0.003161231642857136,0.07835265071428571,0.07506185292857145,0.015821428571428556,0.022500000000000096,-180.06282142857094,-149.46603571428534,-0.022785714285714218,NA,0.0846536639285713,NA,-0.12213226964285723,-0.013928571428571417,-0.0202380952380953,146.8646428571425,107.17630952380927,0.015238095238095193,NA,-0.07452013928571419,NA,0.0820268083333334,2,2,2,2,2,0,2,0,2
Gadopsis_marmoratus,1,demersal,marmoratus,Gadopsis,0.0196,0.0013,71.6187,71.2061,0.012,0.0114,-0.007050000000000001,-1.0000000000000005e-4,0.8380000000000081,3.666800000000009,-0.0038000000000000013,-0.0036999999999999984,0.0223,0.0252,0.0012499999999999998,0.0014,72.0073,83.5253,74.25200000000001,79.4067,0.0133,0.0164,0.01295,0.0145,0.010094157,0.011255869,0.107520535,0.132644071,0.10448903949999999,0.117104861,-0.004425,-0.0017999999999999995,-4.000000000000001e-4,-1.0000000000000005e-4,1.0415000000000063,6.352099999999993,8.40195,10.961300000000008,-0.002874999999999999,5.999999999999998e-4,-0.0029500000000000012,-0.001199999999999998,-0.00169077875,5.882524999999989e-4,-0.005944294249999996,0.014952700999999999,-0.012280153499999995,-0.0016988480000000028,8.071428571428572e-4,0.020857142857142855,71.14845714285715,69.9342142857143,0.011799999999999998,0.012300000000000002,0.0066630628571428575,0.09944993207142858,0.09518587121428572,-0.0019642857142857127,0.01678571428571429,-56.30099999999953,-149.76321428571384,-0.007428571428571417,-0.009285714285714267,-0.014941719999999985,-0.0752496124999999,-0.060482995357142764,NA,-0.020000000000000004,28.511190476190144,91.50523809523779,NA,NA,NA,NA,NA,1,2,2,2,1,1,1,1,1
Halieutichthys_aculeatus,1,benthic,aculeatus,Halieutichthys,0.0336,6e-4,66.2503,64.1147,0.0207,0.0154,0.006949999999999998,-8e-4,-4.5304,-3.424599999999998,0.004899999999999998,3.0000000000000165e-4,0.0487,0.0705,3e-4,8e-4,49.043099999999995,73.8169,52.366,83.0822,0.02055,0.0214,0.01975,0.0242,0.00037782100000000003,9.9775e-4,0.0249493035,0.026039131,0.024006798,0.029477448,0.022925,0.0435,-0.0010999999999999998,-8e-4,-24.01895,1.5855499999999978,-15.650174999999997,18.060249999999996,0.00465,0.005599999999999997,0.003875,0.0085,-0.01078600675,-0.0082284315,-0.089006631,-0.081439048,-0.092526166000000007,-0.08467672799999999,3.666666666666667e-4,0.03791047619047622,66.4947438095238,60.172168571428564,0.01749333333333334,0.01967857142857142,4.558068333333335e-4,0.02392685789285714,0.021283408723809537,NA,-0.08248571428571434,81.0405142857143,61.19345714285715,-0.013600000000000006,0.02746428571428542,NA,0.034160183392856966,-0.016566236285714298,NA,NA,NA,NA,NA,-0.02464285714285695,NA,-0.030525569642857034,NA,0,1,1,1,1,2,0,2,1
Hemitaurichthys_polylepis,1,pelagic,polylepis,Hemitaurichthys,0.0411,7e-4,75.663,69.3989,0.0245,0.024,0.014449999999999998,-7e-4,4.882300000000001,1.8596000000000004,0.0087,0.008900000000000002,0.0412,0.042,5e-4,8e-4,73.53585000000001,75.8472,70.52019999999999,72.0396,0.02365,0.0247,0.0242,0.0249,0.004201753,0.006225759,0.19258082799999998,0.201223625,0.197199348,0.203186564,0.014100000000000001,0.015000000000000003,-0.0010500000000000002,-3.9999999999999986e-4,3.0020250000000033,4.882300000000001,3.032874999999997,7.017649999999989,0.007975000000000003,0.0087,0.0086,0.009099999999999997,-0.007242442250000001,-0.0020026724999999993,0.08334544975000001,0.0895370515,0.08234341974999998,0.08521434399999998,6.714285714285715e-4,0.04087142857142857,69.48237142857143,74.44125714285713,0.023621428571428564,0.024128571428571423,0.005248228785714285,0.19663774792857147,0.1925601944285714,0.0010000000000000002,0.10014285714285719,NA,NA,0.06024999999999999,0.04835714285714282,0.0077322510714285695,0.3916328153571425,0.4880454114285704,NA,-0.07738095238095243,NA,NA,-0.04773809523809523,-0.03499999999999997,NA,-0.28281048690476157,-0.38675812380952296,1,2,0,0,2,2,1,2,2
Hirundichthys_rondeletii,1,pelagic,marginatus,Hirundichthys,0.023,3e-4,78.2317,74.0818,0.0146,0.0138,-0.0036500000000000005,-0.0011,7.451000000000008,6.542500000000004,-0.0012000000000000014,-0.001299999999999999,0.02485,0.0285,1.5000000000000001e-4,3e-4,72.4651,82.1795,68.97125,84.2623,0.014450000000000001,0.0169,0.01415,0.0162,0.0010633370000000001,0.001854023,0.0992174935,0.115658314,0.09698175949999999,0.110750607,-0.002149999999999999,0.0017999999999999995,-0.001425,-0.0011,0.148149999999994,14.117200000000011,3.1211999999999946,14.708649999999992,-0.0015999999999999999,0.0019499999999999986,-0.0013750000000000012,0.0013499999999999988,-0.01060720325,-0.0082284315,-0.012523002000000005,0.012603898000000002,-0.01811611575000001,0.004932898000000005,1.571428571428569e-4,0.024257142857142866,76.20121428571429,76.55912142857146,0.014428571428571428,0.015042857142857143,9.971217142857123e-4,0.10319039957142861,0.09893315785714286,0.0024999999999999922,-0.005785714285714267,-42.80071428571363,-125.09067857142806,NA,-0.043428571428571226,0.01674853071428566,-0.2912880371428557,NA,-0.0019047619047618987,NA,63.59666666666618,118.93821428571391,NA,0.034999999999999844,-0.01285352380952377,0.23454428809523706,NA,2,1,2,2,0,2,2,2,0
Hypomesus_pretiosus,1,demersal,pretiosus,Hypomesus,0.0187,0.0052,84.5935,79.921,0.0131,0.0113,-0.007949999999999999,0.0037999999999999996,13.81280000000001,12.38170000000001,-0.002700000000000001,-0.0037999999999999996,0.018000000000000002,0.0191,0.00505,0.0056,91.30664999999999,107.3322,86.2671,91.1346,0.013000000000000001,0.0136,0.0123,0.013,0.050288094000000005,0.056059113,0.1302504385,0.136165176,0.1233645655,0.130012727,-0.008774999999999998,-0.007550000000000001,0.0036,0.0038499999999999997,18.90037499999999,32.311099999999996,20.322249999999997,21.58095,-0.0027,-0.00255,-0.0032249999999999996,-0.0027500000000000007,0.0391456945,0.0437828745,0.021360589749999992,0.0219746195,0.008585447999999996,0.015550149,0.004953571428571429,0.01832380952380952,86.23256249999999,89.48720238095238,0.01220535714285714,0.012992857142857141,0.049595305023809516,0.1304992119702381,0.1223923334523809,0.0027142857142857142,0.023452380952380968,NA,-28.03419047619051,0.012875000000000034,0.014607142857142898,0.027538673095238102,0.14376310791666694,0.12970923452380964,NA,-0.016190476190476207,NA,NA,-0.010178571428571457,-0.010119047619047652,NA,-0.09847331011904786,-0.10203731904761916,1,2,0,1,2,2,1,2,2
Hypsypops_rubicundus,1,demersal,rubicundus,Hypsypops,0.0367,0.0021,70.1275,56.5581,0.0203,0.0178,0.010050000000000003,6.999999999999999e-4,-0.6531999999999982,-10.981199999999994,0.004499999999999997,0.002700000000000001,0.037000000000000005,0.0398,7e-4,0.0021,68.1588,81.9042,58.051950000000005,75.8191,0.0199,0.0203,0.01905,0.0251,0.003125488,0.009759788,0.0907265195,0.092659532,0.0868343915,0.114222739,0.009800000000000003,0.012200000000000003,-7.75e-4,6.999999999999999e-4,-1.8536999999999964,3.842399999999998,-8.228674999999999,7.326050000000009,0.004249999999999999,0.004749999999999999,0.003474999999999999,0.009400000000000002,-0.007859532,-0.0018573944999999998,-0.024511105499999998,-0.013357662999999992,-0.028534341000000005,-0.010587423999999998,9.5e-4,0.036769285714285706,59.06278714285722,64.27689500000007,0.017960000000000018,0.018933333333333337,0.0055575175714285725,0.08631346333333335,0.08192520245714299,NA,0.06953928571428578,-514.7704785714288,-273.62086071428683,-0.09252857142857145,NA,0.00826081714285714,NA,-0.4194852902857151,NA,-0.05696428571428579,400.99535714285753,193.1544642857152,0.06357142857142861,NA,NA,NA,0.28839690000000073,0,2,2,2,2,0,1,0,2
Labroides_dimidiatus,1,demersal,dimidiatus,Labroides,0.037,0.0013,43.6979,49.3365,0.0143,0.0145,0.010349999999999998,-1.0000000000000005e-4,-27.0828,-18.202799999999996,-0.0015000000000000013,-5.999999999999981e-4,0.0355,0.037,0.0012000000000000001,0.0023,51.58875,54.6429,52.085499999999996,58.6546,0.01525,0.0168,0.01555,0.0172,0.0113650825,0.021207942,0.142362987,0.157184334,0.144900938,0.160487514,0.008349999999999998,0.010349999999999998,-3.0000000000000003e-4,8.000000000000001e-4,-21.024225,-20.009850000000007,-14.672,-6.070899999999995,-1.2499999999999924e-4,9.999999999999974e-4,-2.5000000000000196e-4,0.0013999999999999985,-2.8946975000000014e-4,0.0105403255,0.03413065475000001,0.03966149249999999,0.026577708500000005,0.042515293999999995,0.0012857142857142893,0.03615714285714286,50.81652857142858,47.385871428571434,0.01487142857142857,0.015485714285714285,0.011846206214285726,0.14447708285714286,0.1386640875714285,-0.022214285714285652,0.04342857142857135,-14.507428571428566,-22.81314285714281,0.01442857142857148,NA,-0.20770277178571375,NA,0.13520075785714283,0.0171428571428571,-0.031190476190476133,NA,NA,-0.01452380952380956,NA,0.16010006071428531,NA,-0.13602146904761903,2,2,1,1,2,0,2,0,2
Lagodon_rhomboides,1,demersal,rhomboides,Lagodon,0.0338,0.0021,68.7138,51.4246,0.0162,0.0168,0.007149999999999997,6.999999999999999e-4,-2.0668999999999897,-16.1147,3.999999999999976e-4,0.0017000000000000001,0.03485,0.0377,0.0021,0.0025,55.5163,68.7138,51.3086,60.642,0.01565,0.0162,0.01595,0.0168,0.013499856000000001,0.015902706,0.0999145465,0.103713389,0.10173032100000001,0.107426023,0.0077,0.010699999999999998,4.999999999999999e-4,0.0010000000000000002,-16.922825000000003,-2.0668999999999897,-14.972025000000002,-8.911650000000002,-2.999999999999982e-4,9.500000000000012e-4,5.249999999999994e-4,0.0017000000000000001,0.0015531455000000003,0.005587821500000001,-0.0167865985,-0.0016410830000000015,-0.01636026075,-0.003293511000000013,0.0022009523809523807,0.034817857142857137,50.566900714285794,54.62563333333336,0.015350000000000004,0.014483333333333336,0.013955673095238097,0.0925575066666667,0.09798955900000003,0.0022285714285714296,0.097767857142857,-310.009846428571,NA,NA,NA,0.013806432857142857,NA,NA,NA,-0.07839285714285708,256.39660714285696,NA,NA,NA,NA,NA,NA,1,2,2,0,0,0,1,0,0
Lepidogalaxias_salamandroides,1,demersal,salamandroides,Lepidogalaxias,0.0213,0.0051,76.284,81.6175,0.0126,0.0144,-0.005350000000000001,0.0037,5.50330000000001,14.07820000000001,-0.0032000000000000015,-6.999999999999992e-4,0.02345,0.0266,0.00675,0.0078,82.6818,94.1254,81.29745,86.065,0.015899999999999997,0.0168,0.0162,0.0173,0.076693448,0.089198669,0.181360584,0.191415648,0.1840139325,0.196941589,-0.004224999999999998,-1.0000000000000286e-4,0.005175,0.0062,6.36365,21.894049999999993,15.374199999999995,19.386849999999995,-3.499999999999996e-4,0.0011999999999999997,4.249999999999983e-4,0.0013500000000000005,0.065241238000000007,0.07750674699999999,0.067410579,0.073617641,0.06370843375,0.078353195,0.005758333333333333,0.021187499999999995,83.6576119047619,82.44617499999997,0.014316071428571426,0.013433928571428567,0.06553473709523809,0.15292869287499997,0.16282579013095233,0.009297619047619048,0.015196428571428557,17.192047619047646,NA,0.016303571428571455,0.018160714285714277,0.10259578738095254,0.20982177125000034,0.189153906666667,-0.011547619047619048,-0.023154761904761897,NA,NA,-0.01946428571428574,-0.02208333333333333,-0.1289977166666668,-0.25437379583333364,-0.22446049047619077,2,2,1,0,2,2,2,2,2
Lepomis_macrochirus,1,demersal,macrochirus,Lepomis,0.0302,9e-4,63.4564,60.3667,0.0164,0.015,0.003550000000000001,-5e-4,-7.324299999999994,-7.172599999999996,5.999999999999998e-4,-9.99999999999994e-5,0.0306,0.0316,0.00155,0.0023,65.8125,82.8093,58.9799,73.477,0.01675,0.0178,0.01555,0.0186,0.0094460095,0.014226289,0.102509324,0.108611543,0.0947981485,0.113648014,0.0038750000000000017,0.00545,5.000000000000002e-5,6.5e-4,-4.08605,7.788199999999989,-7.300725,3.9233499999999992,9.499999999999995e-4,0.002449999999999999,-1.0000000000000113e-4,0.0029499999999999995,-8.063254999999998e-4,0.001989485499999999,-0.012257959249999999,0.003288344999999998,-0.020433790750000007,0.002866140000000003,0.001566666666666667,0.030792142857142858,60.39744428571436,62.374586428571504,0.01525785714285717,0.01620357142857144,0.009574902000000003,0.09909093311428577,0.09321095119285722,NA,0.019453571428571452,-385.29990714285736,-285.1644892857166,-0.09127500000000031,-0.042660714285714475,NA,-0.2583378047142878,-0.5563407063928585,NA,-0.015535714285714318,311.4982142857146,196.0458928571447,0.06946428571428596,0.031607142857143014,NA,0.19155399285714442,0.4234355910714297,0,2,2,2,2,2,0,2,2
Lumpenus_sagitta,1,benthic,fabricii,Lumpenus,0.0143,0.0023,71.6523,75.7997,0.0087,0.0087,-0.01235,9e-4,0.8716000000000008,8.260400000000004,-0.007100000000000002,-0.0063999999999999994,0.015600000000000001,0.016,0.0022,0.0024,71.81784999999999,77.1991,76.5178,77.6269,0.0093,0.0099,0.00935,0.0097,0.0326488735,0.035146335,0.13944698449999998,0.148450525,0.1400494565,0.144812641,-0.011399999999999999,-0.0109,6e-4,9e-4,-1.1037000000000035,0.8716000000000008,9.604575000000004,12.758800000000008,-0.006900000000000001,-0.0058,-0.006324999999999999,-0.0060999999999999995,0.021314798750000002,0.0228700965,0.025074172999999998,0.030759154999999996,0.01993665674999999,0.026224246999999992,0.0018130952380952376,0.014607142857142857,75.68310119047618,68.35608749999999,0.008613095238095236,0.008604166666666663,0.027010755261904742,0.12859368682142852,0.1290057572023809,0.010880952380952373,0.01546428571428575,57.259511904762,6.074910714285549,0.014023809523809513,0.013363095238095255,0.15868375333333326,0.20390045392857173,0.21138221023809525,-0.009761904761904758,-0.01511904761904765,-46.76202380952389,-20.508869047618923,-0.013571428571428564,-0.01315476190476192,-0.1418690976190476,-0.20122246547619074,-0.20345798809523813,2,2,2,2,2,2,2,2,2
Malacocottus_zonurus,1,benthic,zonurus,Malacocottus,0.0274,0.0035,73.2983,75.761,0.017,0.0159,7.500000000000007e-4,0.0021000000000000003,2.5176000000000016,8.221699999999998,0.0011999999999999997,8.000000000000021e-4,0.0288,0.0313,0.0031999999999999997,0.0035,73.6054,92.1056,76.1802,82.2953,0.0175,0.0208,0.017550000000000003,0.0196,0.012518634,0.013752321,0.0684050635,0.08105618,0.068476381,0.076492137,0.0025000000000000005,0.004300000000000002,0.00165,0.0021000000000000003,3.5271000000000043,14.04379999999999,9.248825000000004,13.80225,0.0017499999999999998,0.0052,0.0017000000000000001,0.0039000000000000007,9.695210000000001e-4,0.004708806500000001,-0.044146018,-0.03595992499999999,-0.047958536,-0.047248503,0.003150000000000001,0.028044761904761913,73.05771904761907,76.11788333333337,0.015941904761904768,0.016906428571428576,0.01233494216666667,0.06601933545000004,0.06227952486666667,NA,-0.006257142857142877,-17.777428571428633,NA,-0.008942857142857157,-0.04047499999999997,NA,-0.15447339110714325,-0.03469334200000006,NA,NA,NA,NA,NA,0.026607142857142847,NA,0.10107256964285746,NA,0,1,1,0,1,2,0,2,1
Malacosteus_niger,1,pelagic,niger,Malacosteus,0.0256,0.003,71.9536,68.615,0.0149,0.0142,-0.0010499999999999989,0.0016,1.1728999999999985,1.0756999999999977,-9.000000000000015e-4,-8.99999999999998e-4,0.0271,0.0278,0.0029,0.0039,82.09145,89.6855,79.7671,87.1677,0.01785,0.0192,0.01725,0.0192,0.027980256000000002,0.037652559,0.17116765150000002,0.184340253,0.1659010215,0.184010343,-4.7499999999999973e-4,0.0010999999999999968,0.001375,0.0023,6.944874999999989,17.28295,13.009600000000006,22.4422,0.0019000000000000024,0.002999999999999999,0.0013999999999999985,0.0033999999999999968,0.016053262999999998,0.025960637,0.054448637,0.07014969650000001,0.04559552274999999,0.06603812299999999,0.0025255952380952365,0.02416488095238094,65.79615297619043,66.66553392857138,0.012731547619047604,0.013702380952380942,0.024467388636904758,0.13130148994642848,0.12244642110119046,0.003684523809523805,0.03279166666666661,164.5158511904761,228.69673214285706,0.04602976190476185,0.059523809523809486,0.0381846242261905,0.5738664766071423,0.44135562529761857,-0.004940476190476187,-0.03577380952380948,-180.25446428571425,-233.3123214285714,-0.052678571428571394,-0.0607142857142857,-0.04898509226190479,-0.5853002660714283,-0.5050302696428568,2,2,2,2,2,2,2,2,2
Menidia_beryllina,1,demersal,beryllina,Menidia,0.0234,2e-4,61.6318,67.3208,0.0136,0.0119,-0.0032499999999999994,-0.0012,-9.148899999999998,-0.2184999999999917,-0.0022000000000000023,-0.003199999999999998,0.02465,0.0261,4.5e-4,9e-4,63.3786,66.5235,63.0846,67.3208,0.01295,0.0144,0.012150000000000001,0.0141,0.0030111965,0.006614462,0.094677625,0.105582825,0.0886363245,0.102905467,-0.0027249999999999983,-5.999999999999998e-4,-0.0012,-6.000000000000001e-4,-9.107625000000002,-4.470099999999995,-4.109200000000001,-0.2184999999999917,-0.0032500000000000003,-0.0011999999999999997,-0.0033,-0.0018499999999999992,-0.008173485500000001,-0.004053154500000001,-0.0191227775,-0.010336877499999994,-0.025208165499999997,-0.015682927,2.642857142857145e-4,0.023035714285714284,65.34515,63.23255714285714,0.01207142857142857,0.012842857142857144,0.0018274292857142823,0.09392031357142856,0.08806327699999997,0.007464285714285709,0.0313928571428572,19.577250000000056,NA,0.0252857142857142,NA,0.05081887714285711,NA,0.1848800257142856,-0.006785714285714281,-0.03083333333333338,NA,NA,-0.0216666666666666,NA,-0.046499109523809506,NA,-0.15894137380952372,2,2,1,0,2,0,2,0,2
Microgadus_proximus,1,demersal,proximus,Microgadus,0.0218,0.0015,77.1872,73.7433,0.0142,0.0126,-0.00485,1.0000000000000005e-4,6.406500000000008,6.204000000000008,-0.0016000000000000007,-0.0024999999999999988,0.02215,0.0231,0.00185,0.0023,79.80015,88.1967,80.80879999999999,94.3238,0.0149,0.0164,0.014700000000000001,0.0164,0.0146121715,0.018800033,0.119902659,0.131276067,0.117935926,0.132003112,-0.004624999999999999,-0.00315,1.7500000000000003e-4,6.999999999999999e-4,8.295950000000005,15.794150000000002,14.958749999999995,25.83075000000001,-9.499999999999995e-4,2.0000000000000226e-4,-0.0012000000000000005,7.000000000000027e-4,0.0028015880000000007,0.007108111,0.005119506249999996,0.017085510499999998,7.41311750000001e-4,0.007192949000000004,0.0016571428571428562,0.021328571428571422,73.49306428571427,79.05792142857143,0.013064285714285709,0.014364285714285713,0.013193495999999997,0.1153646742142857,0.10492694400000001,0.008714285714285707,NA,-15.698321428571148,60.8599642857144,0.00796428571428577,0.028035714285714254,0.06975549285714286,0.22080706892857152,0.057652494285714305,-0.007619047619047616,NA,-26.32583333333353,-60.42392857142864,-0.01250000000000004,-0.025119047619047596,-0.06136812142857143,-0.19817854166666674,-0.09527913809523811,2,0,2,2,2,2,2,2,2
Mugil_cephalus,1,pelagic,cephalus,Mugil,0.0354,7e-4,61.877,61.2156,0.0182,0.0177,0.00875,-7e-4,-8.903699999999994,-6.323699999999995,0.0023999999999999994,0.0026000000000000016,0.03725,0.0396,6.000000000000001e-4,8e-4,58.1031,62.3396,54.2209,61.2156,0.018000000000000002,0.0182,0.01745,0.018,0.0034495439999999997,0.004892389,0.1058095385,0.106906248,0.1028881485,0.105680166,0.010025,0.012000000000000004,-8.75e-4,-6.999999999999999e-4,-14.213850000000008,-5.722699999999996,-12.252225,-6.323699999999995,0.0018500000000000027,0.0029499999999999995,0.001700000000000001,0.0026000000000000016,-0.00760715375,-0.0051933785,-0.007199661499999996,0.0021371840000000003,-0.012045243249999997,-0.006285397000000012,6.428571428571426e-4,0.03618571428571429,58.1696642857143,61.09005,0.017514285714285708,0.018164285714285716,0.003842715999999999,0.10682413278571429,0.10301742357142858,0.0031428571428571386,0.0545000000000001,20.502035714285707,31.386964285714566,0.03592857142857144,0.022607142857142888,0.017512812142857104,0.13460653178571422,0.2119638735714286,-0.0023809523809523777,-0.04690476190476198,NA,-9.355119047619253,-0.02714285714285715,-0.01416666666666669,-0.012719735714285686,-0.08475541309523806,-0.16026206190476194,2,2,1,2,2,2,2,2,2
Myoxocephalus_polyacanthocephalus,1,benthic,polyacanthocephalus,Myoxocephalus,0.0249,0.0025,83.9603,81.2272,0.0176,0.0154,-0.0017500000000000016,0.0011,13.179600000000008,13.687899999999999,0.0017999999999999995,3.0000000000000165e-4,0.02575,0.0293,0.0026,0.0034,79.8681,111.8336,78.887200000000007,90.5408,0.0172,0.0209,0.01645,0.0179,0.0071023575,0.009270662,0.046723877,0.056775106,0.044718726,0.04877354,-0.0011500000000000017,0.0023,0.0010500000000000002,0.0017499999999999998,8.566725000000005,33.7718,11.079625,22.047750000000008,0.0015749999999999991,0.005299999999999999,5.750000000000009e-4,0.0022000000000000006,-0.0046689365,-0.0029661415,-0.0658565255,-0.058719235999999994,-0.07173661675000001,-0.067410939,0.002407142857142849,0.02539142857142858,78.26158333333338,76.65753785714293,0.015253333333333336,0.01640285714285715,0.0065116777285714085,0.04459693292142861,0.041510704342857155,0.028750000000000046,-0.005057142857142871,NA,-384.5691464285706,-0.006200000000000005,-0.04788571428571445,0.07980125092857152,-0.12894120117857197,-0.01685992771428572,-0.02321428571428576,NA,NA,263.87589285714233,NA,0.031428571428571556,-0.06457204642857153,0.08440465892857187,NA,2,1,0,2,1,2,2,2,1
Myripristis_jacobus,1,demersal,murdjan,Myripristis,0.0348,0.0014,70.5367,64.3393,0.0193,0.0189,0.008149999999999998,0,-0.24399999999999977,-3.200000000000003,0.0034999999999999996,0.0038000000000000013,0.035500000000000004,0.0375,0.0018,0.0035,64.2381,86.9638,61.60095,73.0421,0.018750000000000003,0.0234,0.01885,0.0221,0.0078157805,0.015134502,0.08078366649999999,0.100758822,0.081359966,0.095412051,0.009275,0.010400000000000003,3.4999999999999994e-4,0.00185,-6.222525000000001,8.902000000000001,-4.679675000000003,3.4884500000000003,0.0032499999999999994,0.007800000000000001,0.0034000000000000002,0.006400000000000003,-0.00339898775,0.0028976984999999986,-0.03035898,-0.019268958500000002,-0.033133156500000004,-0.02020703,0.0023471428571428463,0.03536500000000001,61.82951071428579,62.34506785714291,0.01799071428571431,0.01809428571428573,0.010192725114285678,0.07799914492857149,0.07753440898571437,0.037278571428571446,0.02647499999999993,-385.8206964285723,-301.2072678571432,-0.09328214285714304,-0.07372857142857156,0.1615483202857144,-0.31839476607142864,-0.40185898664285863,-0.026785714285714312,-0.02374999999999995,305.93910714285795,211.24482142857175,0.06982142857142874,0.05214285714285726,-0.11588885714285727,0.22551760357142872,0.3005438892857155,2,2,2,2,2,2,2,2,2
Nannaethiops_unitaeniatus,1,demersal,ansorgii,Neolebias,0.0315,8e-4,67.5097,71.1127,0.0178,0.018,0.00485,-6e-4,-3.271000000000001,3.5734000000000066,0.0019999999999999983,0.0029,0.03195,0.033,0.00115,0.0015,67.64519999999999,76.5354,64.14435,78.5526,0.0175,0.0207,0.01745,0.0204,0.007955212,0.010319145,0.1225153045,0.145359295,0.1225877705,0.143305911,0.004824999999999999,0.008150000000000001,-5.250000000000001e-4,0,-5.216475000000003,8.473100000000002,-2.4649249999999974,8.998949999999994,0.0016499999999999987,0.00575,0.001724999999999999,0.005550000000000001,-0.0042244285,-3.48471500000001e-4,0.006964495249999994,0.042304879000000004,0.002668453749999987,0.03748820200000001,7.285714285714265e-4,0.03244285714285714,67.87360000000001,69.54809999999999,0.01812857142857143,0.018357142857142864,0.00515773092857142,0.12882962542857146,0.12734324642857148,0.01607142857142855,0.003642857142857155,-295.0428571428557,NA,-0.04192857142857121,-0.04607142857142839,0.11184885464285696,-0.32545679499999924,-0.2957662042857135,-0.013809523809523794,NA,246.5095238095228,NA,0.036904761904761746,0.03928571428571415,-0.09579822499999988,0.27767997142857087,0.26004566904761844,2,1,2,0,2,2,2,2,2
Nealotus_tripes,1,pelagic,tripes,Nealotus,0.0254,0.0016,48.9527,52.8184,0.0107,0.0108,-0.0012500000000000011,2.000000000000001e-4,-21.827999999999996,-14.7209,-0.005100000000000002,-0.004299999999999998,0.02565,0.026,0.0017499999999999998,0.0027,49.08955,51.6762,50.95195,66.1721,0.01075,0.0113,0.0106,0.0114,0.033078762,0.049317706,0.19931071,0.209555364,0.19778051600000002,0.212244727,-0.0014999999999999996,-8.000000000000021e-4,1.9999999999999998e-4,0.0015000000000000002,-24.325175000000005,-20.555150000000005,-15.619025,-3.3815500000000043,-0.005,-0.0049,-0.004550000000000001,-0.004299999999999998,0.02109468175,0.0410892745,0.08542965375,0.09579096849999999,0.08885686749999999,0.093656333,0.0018999999999999993,0.025043452380952375,56.389792857142865,43.03000833333331,0.010894642857142853,0.009694642857142855,0.035215661375,0.1799682474345237,0.20240357776190465,NA,0.05304166666666665,-143.1253571428567,-24.04141666666663,0.015767857142857163,0.025374999999999974,NA,0.4596485275595239,0.2926232726190477,NA,-0.04422619047619047,138.66142857142822,NA,-0.011964285714285731,-0.02398809523809522,NA,-0.43561109940476206,-0.222336611904762,0,2,2,1,2,2,0,2,2
Nectamia_fusca,1,demersal,fusca,Nectamia,0.0363,4e-4,64.9124,70.8829,0.0204,0.0196,0.009649999999999999,-0.001,-5.868299999999991,3.3436000000000092,0.0046,0.0045000000000000005,0.0351,0.0369,4.5e-4,0.009,65.439,78.0513,64.78045,77.6795,0.019250000000000003,0.0208,0.01805,0.0215,0.0023016135,0.044516895,0.0953924655,0.103258252,0.0895170575,0.106633129,0.007425000000000001,0.012050000000000002,-0.001075,0.0075,-5.0045749999999956,-0.010500000000007503,-2.507350000000006,12.954000000000008,0.0034500000000000017,0.005849999999999999,0.002624999999999999,0.005699999999999997,-0.0096253795,0.033849278499999996,-0.020465619499999997,2.038359999999989e-4,-0.023296416250000007,-0.009276093999999999,-3.7428571428569507e-4,0.036521428571428566,63.182216666666676,62.70988333333333,0.019037142857142857,0.01980571428571429,-0.0017951789071427304,0.09836780937142858,0.09446596493333334,-0.11818571428571426,0.07796428571428585,NA,NA,0.011914285714285693,0.01537142857142856,-0.5832094228928566,0.07680066914285716,0.05912454399999988,0.08214285714285716,-0.043928571428571574,NA,NA,NA,NA,0.40518261607142836,NA,NA,2,2,0,0,1,1,2,1,1
Novumbra_hubbsi,1,demersal,hubbsi,Novumbra,0.0244,0.0034,61.3714,79.9925,0.0137,0.0147,-0.0022499999999999985,0.002,-9.409299999999995,12.45320000000001,-0.002100000000000001,-3.999999999999993e-4,0.02565,0.027,0.0034,0.0036,79.08279999999999,86.4207,66.25495000000001,79.9925,0.0146,0.0149,0.0155,0.0163,0.0207062965,0.021831496,0.088567328,0.090639084,0.09395877550000001,0.099242713,-0.0011750000000000007,-5.000000000000004e-4,0.001725,0.0024000000000000002,4.80115,14.018149999999991,1.3812250000000006,12.45320000000001,-0.0013999999999999985,-4.99999999999997e-5,-2.2499999999999864e-4,4.99999999999997e-4,0.008749286499999998,0.0136030645,-0.02543069,-0.012833881999999991,-0.0217101035,-0.018729507000000006,0.003442857142857142,0.02472857142857143,73.20074285714288,72.62997142857144,0.014814285714285714,0.014528571428571429,0.020972031285714284,0.08813092828571427,0.08982754085714284,0.0015,0.019928571428571427,-138.35435714285674,-24.517357142857087,0.009,NA,0.00922259,NA,0.05483502857142925,NA,-0.019523809523809523,133.76380952380924,NA,-0.009999999999999998,NA,NA,NA,-0.061477000000000497,1,2,2,1,2,0,1,0,2
Oncorhynchus_gorbuscha,1,demersal,nerka,Oncorhynchus,0.0217,0.0062,100.3343,111.9755,0.0175,0.018,-0.0049499999999999995,0.0048,29.553600000000003,44.4362,0.0017000000000000001,0.0029,0.02095,0.0219,0.0062,0.0073,103.99375,117.3519,111.24705,117.9191,0.01735,0.0181,0.01675,0.0181,0.052485972000000006,0.061699555,0.1476011625,0.15420784,0.14238566749999998,0.153492975,-0.005924999999999998,-0.004550000000000002,0.004699999999999999,0.0055,31.6768,39.290099999999995,44.966425,51.24095,0.0015499999999999993,0.001800000000000003,0.0010499999999999989,0.0029,0.04083141975,0.0494233165,0.035855480750000016,0.04079759150000001,0.028654362250000003,0.04201260599999998,0.0060928571428571394,0.021394047619047615,111.69947499999996,100.52642261904762,0.01701785714285714,0.01734940476190476,0.05155768051190475,0.14759896469047615,0.1445762204047619,0.011571428571428578,0.038226190476190525,NA,-23.792559523809505,0.03207142857142857,0.033565476190476215,0.09466640261904773,0.28413375619047593,0.2724684908333333,-0.010000000000000007,-0.025833333333333375,NA,NA,-0.023333333333333338,-0.024226190476190502,-0.08219457857142867,-0.2046359880952379,-0.19830024404761906,2,2,0,1,2,2,2,2,2
Ophidion_scrippsae,1,demersal,holbrookii,Ophidion,0.0154,0.001,75.278,75.8081,0.0094,0.0095,-0.01125,-3.9999999999999996e-4,4.49730000000001,8.268799999999999,-0.006400000000000001,-0.005599999999999999,0.0177,0.0209,0.0015999999999999999,0.0021,77.99244999999999,84.3056,76.3866,79.5828,0.0111,0.0125,0.01125,0.0143,0.018802849,0.0238897,0.12892172400000002,0.145697081,0.131037527,0.165704992,-0.009974999999999998,-0.005800000000000003,-1.25e-4,4.999999999999998e-4,4.873075,8.194949999999992,9.723774999999996,14.85730000000001,-0.005149999999999998,-0.003299999999999999,-0.004650000000000001,-0.0013999999999999985,0.006546328,0.012197778,0.0151213215,0.028005711000000003,0.013842912749999998,0.040894828999999994,0.0010291666666666656,0.015445833333333332,77.01586249999998,71.80993214285712,0.009341666666666663,0.009108333333333333,0.012081722053571423,0.10575377208333331,0.10879140184523806,0.00400595238095238,0.00531547619047621,NA,-39.15482142857141,-0.0019404761904761813,-0.010416666666666656,0.0451254001785714,-0.12089396416666665,-0.024588238690475602,-0.005297619047619047,-0.015773809523809537,NA,NA,-0.007976190476190486,NA,-0.06016603988095236,NA,-0.09034557976190521,2,2,0,1,2,1,2,1,2
Ophiodon_elongatus,1,benthic,decagrammus,Hexagrammos,0.017,0.0022,75.9392,77.0552,0.0107,0.0111,-0.009649999999999999,8.000000000000001e-4,5.158500000000004,9.515900000000002,-0.005100000000000002,-0.003999999999999998,0.01795,0.0184,0.0019000000000000002,0.003,79.64375000000001,82.419,77.2277,82.6255,0.01125,0.0125,0.0118,0.0124,0.016699848,0.026314935,0.099756736,0.110383862,0.104838241,0.110215775,-0.0092,-0.008150000000000001,3.749999999999999e-4,0.0012000000000000001,6.457025000000002,10.352400000000003,11.730399999999996,15.94735,-0.004399999999999999,-0.0036999999999999984,-0.00375,-0.003299999999999999,0.00504529575,0.014038696500000001,-0.011486320000000001,-0.003806694499999999,-0.011106240000000003,-0.008831799000000001,0.0018499999999999983,0.01722857142857143,78.41107142857142,79.04027142857142,0.011249999999999998,0.011435714285714282,0.016215054642857142,0.10139590321428568,0.09953151557142853,0.021107142857142793,0.00428571428571435,NA,71.38235714285736,0.002678571428571455,0.019321428571428576,0.18942167821428516,0.16483012964285712,0.024036891428571804,-0.017261904761904714,-0.005952380952380998,NA,-57.90000000000017,-0.004642857142857161,-0.015357142857142863,-0.15515813928571387,-0.13064572499999996,-0.04231234523809552,2,2,0,2,2,2,2,2,2
Opsanus_pardus,1,benthic,pardus,Opsanus,0.0243,6e-4,71.0247,76.1214,0.015,0.0137,-0.0023500000000000014,-8e-4,0.24399999999999977,8.582099999999997,-8.000000000000021e-4,-0.0013999999999999985,0.0283,0.0308,0.001,0.0038,74.51175,103.2669,71.4764,76.1214,0.0172,0.0237,0.0152,0.0179,0.0046657555,0.017211794,0.07739075000000001,0.106692063,0.068226693,0.080548939,6.250000000000006e-4,0.0038000000000000013,-5.250000000000001e-4,0.0021999999999999997,3.160074999999999,25.2051,4.199799999999996,8.582099999999997,9.500000000000012e-4,0.0081,-6.750000000000003e-4,0.0022000000000000006,-0.007012071999999999,0.005519871999999999,-0.03672104175,-0.013335717499999997,-0.048665318,-0.044261224,0.001233333333333334,0.025417857142857138,70.34290000000001,70.50361214285722,0.013743809523809526,0.014872142857142872,0.0056582505000000016,0.0669343336071429,0.06180939618095241,NA,0.016053571428571133,NA,-305.5315321428569,-0.00848571428571429,-0.05977500000000019,NA,-0.27183296946428565,-0.03808811657142858,NA,-0.024107142857142657,NA,197.18517857142845,NA,0.033035714285714425,NA,0.15082671607142856,NA,0,2,0,2,1,2,0,2,1
Osteoglossum_bicirrhosum,1,demersal,bicirrhosum,Osteoglossum,0.0172,0.0038,88.1847,101.0035,0.0127,0.0128,-0.00945,0.0024000000000000002,17.40400000000001,33.464200000000005,-0.003100000000000002,-0.0022999999999999982,0.018349999999999998,0.0191,0.00475,0.0062,98.18809999999999,106.4079,106.72355,110.274,0.0142,0.0153,0.01475,0.0153,0.036071541,0.047071699,0.10750336199999999,0.115762572,0.1116957745,0.115995698,-0.008725,-0.0079,0.0031999999999999997,0.004399999999999999,23.041524999999993,31.386799999999994,40.851325,43.59585,-0.002049999999999999,-5.000000000000022e-4,-0.0011000000000000012,-4.999999999999987e-4,0.02489177175,0.0347954605,-0.008313354000000002,-0.0019287980000000093,-0.008609724250000006,-0.002554276000000008,0.004421428571428569,0.017678571428571422,102.46344285714284,89.92034285714284,0.012935714285714286,0.012571428571428572,0.03367127057142853,0.0950523119285714,0.0981341665,0.038392857142857076,0.07353571428571419,136.43385714285745,126.56385714285663,0.026964285714285673,0.026214285714285624,0.29388315071428517,0.1947149075,0.20942675678571418,-0.03178571428571424,-0.058690476190476126,-121.0223809523812,-130.8854761904758,-0.027023809523809488,-0.0266666666666666,-0.2429917880952377,-0.199497225,-0.20856713214285705,2,2,2,2,2,2,2,2,2
Parophrys_vetulus,1,benthic,vetulus,Parophrys,0.0238,0.0026,75.8051,87.2085,0.0151,0.0152,-0.0028499999999999984,0.0012,5.0244,19.669200000000004,-7.00000000000001e-4,1.0000000000000113e-4,0.02345,0.0247,0.00285,0.0035,84.45760000000001,98.6408,88.91025,94.593,0.01585,0.0172,0.01555,0.0177,0.0321750175,0.039939595,0.18141812200000001,0.19775431500000001,0.1783829995,0.203198556,-0.0037999999999999996,-1.5000000000000083e-4,0.0012000000000000001,0.002,9.311025,23.619699999999995,22.320475000000002,29.867500000000007,4.0000000000000105e-4,0.0013999999999999985,2.5000000000000716e-5,0.001899999999999999,0.02019093725,0.0292719785,0.069999322,0.08006294500000001,0.06388789750000001,0.085226336,0.0024428571428571424,0.023642857142857153,86.34872857142855,79.43562857142857,0.015428571428571427,0.015492857142857142,0.028004234999999978,0.1778773929285714,0.17700414028571426,0.006999999999999993,-0.018785714285714242,93.39778571428573,65.57578571428625,0.010999999999999946,-0.003535714285714274,0.07285398499999991,-0.039876331785714154,0.12832702428571408,-0.007380952380952375,0.016428571428571397,-88.25309523809524,-81.79904761904803,-0.011666666666666626,NA,-0.0777480904761904,NA,-0.1353115023809522,2,2,2,2,2,1,2,1,2
Percopsis_omiscomaycus,1,demersal,omiscomaycus,Percopsis,0.0273,7e-4,65.6265,71.3578,0.0159,0.0149,6.500000000000013e-4,-7e-4,-5.154200000000003,3.8185000000000002,9.99999999999994e-5,-1.999999999999988e-4,0.02595,0.0275,7e-4,9e-4,70.82005000000001,76.852,70.5769,75.0726,0.01565,0.0161,0.01495,0.0156,0.004037364,0.0051729,0.0947304225,0.09738442,0.09011332350000001,0.094371173,-4.5000000000000075e-4,9.499999999999995e-4,-8.25e-4,-6.999999999999999e-4,-0.9862250000000046,1.9379000000000133,2.9825250000000025,5.51894999999999,-1.499999999999991e-4,4.5000000000000075e-4,-5.749999999999991e-4,1.499999999999991e-4,-0.007491840500000001,-0.0049249025,-0.016829453,-0.010239151000000002,-0.028158128750000004,-0.01495089999999999,7.071428571428574e-4,0.026678571428571426,69.78587142857144,68.02634285714284,0.014350000000000002,0.01577142857142857,0.004242221571428565,0.0952548687142857,0.08666913578571431,0.008464285714285704,0.03167857142857134,-245.84607142857072,-149.7078571428567,-0.05639285714285704,0.0025714285714285817,0.047300614285714235,0.015139187142857228,-0.3441610717857138,-0.006547619047619039,-0.023452380952380884,193.48142857142804,104.06976190476159,0.04154761904761898,NA,-0.0363313333333333,NA,0.25386781071428544,2,2,2,2,2,1,2,1,2
Phalacronotus_bleekeri,1,demersal,bleekeri,Phalacronotus,0.016,2e-4,55.329,60.9369,0.0079,0.0073,-0.01065,-0.0012,-15.451699999999995,-6.602399999999996,-0.0079,-0.007799999999999999,0.01895,0.021,3e-4,5e-4,68.41775,81.4093,66.2071,85.0826,0.011,0.0141,0.01015,0.0135,0.0029740775,0.005608364,0.117401883,0.149944806,0.10795285900000001,0.143425604,-0.008724999999999998,-0.005999999999999998,-0.0012499999999999998,-9e-4,-3.8992000000000075,3.3811999999999927,0.357050000000001,16.589550000000003,-0.005249999999999999,-0.0014999999999999996,-0.005750000000000001,-0.002199999999999999,-0.007876807,-0.0051902534999999994,0.003601480499999997,0.029917025500000013,-0.009241755249999997,0.021330435999999994,3.0000000000000003e-4,0.01586428571428572,56.10598571428572,58.39585714285715,0.007214285714285714,0.008192857142857144,0.003224260142857142,0.08752393057142857,0.07680345592857142,NA,0.02874999999999997,-74.56557142857137,-61.46007142857136,0.00564285714285711,0.005107142857142836,NA,0.0543912121428569,0.05764024678571445,NA,-0.03464285714285712,NA,NA,-0.018333333333333306,-0.01678571428571427,NA,-0.17871301666666647,-0.19297214404761914,0,2,1,1,2,2,0,2,2
Pholis_laeta,1,demersal,ornata,Pholis,0.0148,6e-4,96.6466,50.7002,0.0076,0.0088,-0.01185,-8e-4,25.86590000000001,-16.839099999999995,-0.008200000000000002,-0.006299999999999998,0.016300000000000002,0.0172,0.001,0.0016,90.15305000000001,98.4982,54.26075,60.6636,0.008549999999999999,0.009,0.0098,0.0105,0.017860255,0.028261639,0.153006642,0.161778302,0.1755745765,0.187457823,-0.010450000000000001,-0.009999999999999998,-5.500000000000001e-4,-1.0000000000000005e-4,14.796024999999993,26.095649999999992,-13.3061,-4.3583500000000015,-0.007649999999999999,-0.006800000000000002,-0.005975000000000001,-0.005449999999999998,0.00589589225,0.015985400500000004,0.036287627499999996,0.04408693200000001,0.0542506535,0.068869429,6.982142857142844e-4,0.015477380952380944,54.68515,90.45096249999997,0.009158333333333333,0.007738690476190476,0.012645060440476152,0.13886982247619042,0.16889990562499996,0.00891071428571428,0.013380952380952455,NA,NA,0.010333333333333378,0.007779761904761904,0.1603024533333333,0.1407640515476199,NA,-0.008392857142857141,-0.013571428571428632,NA,NA,-0.010000000000000038,-0.00875,-0.15056359523809523,-0.1568634488095245,NA,2,2,0,0,2,2,2,2,0
Pholis_ornata,1,benthic,ornata,Pholis,0.0145,0.0025,73.8243,67.7578,0.0076,0.0089,-0.01215,0.0011,3.043599999999998,0.2185000000000059,-0.008200000000000002,-0.006199999999999999,0.01565,0.0163,0.00195,0.0025,79.26910000000001,82.9269,66.65255,69.4174,0.00825,0.0095,0.0099,0.0107,0.0385713195,0.049326456,0.161765218,0.187954362,0.194576107,0.211773764,-0.011675000000000001,-0.010400000000000003,2.7499999999999996e-4,0.0011,6.120349999999995,10.524349999999998,0.3719250000000045,3.260000000000005,-0.007525,-0.0060999999999999995,-0.005875,-0.0052499999999999995,0.0263147985,0.0377092735,0.04803614275000001,0.06792658150000001,0.07427060825,0.09318537,0.0020375000000000002,0.014320238095238092,66.2538607142857,76.51814404761903,0.008904761904761901,0.007624999999999999,0.040248161124999994,0.14985356321428572,0.17604694647023808,NA,0.007452380952380985,45.38517857142871,-14.182523809523772,0.014833333333333367,-0.0037499999999999977,NA,-0.07434724714285712,0.2894142214880948,NA,-0.010238095238095265,-38.76345238095249,NA,-0.015714285714285743,NA,NA,NA,-0.3050776053571425,0,2,2,1,2,1,0,1,2
Phytichthys_chirus,1,benthic,violaceus,Cebidichthys,0.0149,0.0016,66.6635,54.9741,0.0067,0.0083,-0.01175,2.000000000000001e-4,-4.117199999999997,-12.565199999999997,-0.0091,-0.006799999999999999,0.0159,0.0176,0.0015,0.0023,75.2132,88.6762,57.58135,62.2479,0.00785,0.0092,0.00945,0.0107,0.0228199555,0.03562753,0.1201446675,0.141383892,0.1446158045,0.163405377,-0.011149999999999998,-0.0091,5.000000000000002e-5,6.999999999999999e-4,2.896249999999995,10.61439999999999,-9.4618,-2.4775999999999954,-0.008324999999999999,-0.0063999999999999994,-0.006450000000000002,-0.004999999999999999,0.012298279999999998,0.023935607999999997,0.006344264999999995,0.02135611150000001,0.027421190249999998,0.04198165999999999,0.0015999999999999996,0.015002380952380948,55.17501904761904,66.81629107142854,0.00813333333333333,0.006951190476190475,0.02458753399999999,0.10638327160714282,0.12488362354166661,NA,-0.00569047619047619,-12.667773809523812,105.14091071428581,0.007297619047619059,-0.0015952380952380931,NA,-0.024388663928571207,0.11505266434523846,NA,NA,NA,-123.8514880952382,-0.011547619047619057,-0.0033333333333333344,NA,-0.05115088214285734,-0.1786336839285717,0,1,1,2,2,2,0,2,2
Pimelodella_cristata,1,demersal,cristata,Pimelodella,0.0243,4e-4,73.2473,72.041,0.0144,0.0144,-0.0023500000000000014,-0.001,2.4665999999999997,4.5017,-0.001400000000000002,-6.999999999999992e-4,0.02525,0.027,5.5e-4,0.0015,72.95085,75.4012,72.37559999999999,74.2281,0.01505,0.0159,0.0148,0.0165,0.0037188805,0.010148542,0.099895382,0.105426845,0.098512517,0.109584455,-0.0014000000000000002,0,-8.749999999999999e-4,-2.999999999999999e-4,-1.087600000000002,2.998649999999998,5.709400000000002,9.206149999999994,-8.999999999999998e-4,9.99999999999994e-5,-8.500000000000001e-4,5.500000000000019e-4,-0.006607874499999999,-0.0021276965,-0.012217450999999997,-0.009222921500000009,-0.018374010250000003,-0.009003939000000002,6.999999999999988e-4,0.025028571428571428,71.34492142857142,68.74362142857143,0.013942857142857142,0.014628571428571425,0.004711078357142847,0.09709252342857143,0.0926494227142857,0.013999999999999969,0.05371428571428568,-175.24639285714264,-28.748464285714252,0.018428571428571367,0.012928571428571503,0.09425610535714261,0.08440211071428577,0.12214558642857198,-0.011190476190476167,-0.043571428571428546,126.62369047619033,NA,-0.018809523809523762,-0.01261904761904767,-0.07532314404761888,-0.0828692904761905,-0.1249848952380956,2,2,2,1,2,2,2,2,2
Poecilia_reticulata,1,demersal,latipinna,Poecilia,0.0298,0.0023,65.7438,72.7947,0.0173,0.0166,0.00315,9e-4,-5.036900000000003,5.255400000000009,0.0014999999999999979,0.0015000000000000013,0.0311,0.0393,0.00205,0.0024,68.40215,109.7406,58.2696,78.7895,0.01645,0.0318,0.01575,0.0169,0.012136751,0.013975653,0.09772449050000001,0.188828935,0.09365263700000001,0.100509113,0.003774999999999999,0.012300000000000002,4.249999999999999e-4,0.0010000000000000002,-1.8302750000000003,34.7195,-7.580450000000003,9.23585,7.499999999999989e-4,0.016,2.2499999999999864e-4,0.0015000000000000013,3.00550499999999e-4,0.0049065805,-0.011993213000000003,0.071137565,-0.021703075750000002,-0.008986398999999992,0.002366428571428569,0.02986285714285715,70.9184819047619,67.54242857142859,0.016362857142857144,0.018700000000000005,0.01390660035714283,0.11112220300000003,0.09722160723809525,0.018353571428571448,-0.01391428571428573,79.81565714285713,-55.107142857142925,0.004085714285714275,NA,0.0997285203571429,NA,0.02379313714285709,-0.011964285714285733,NA,NA,NA,NA,NA,-0.06417391785714292,NA,NA,2,1,1,1,1,0,2,0,1
Polymixia_lowei,1,demersal,lowei,Polymixia,0.032,0.002,65.181,64.2433,0.0169,0.0174,0.005350000000000001,6.000000000000001e-4,-5.599699999999999,-3.2959999999999923,0.0010999999999999968,0.0023,0.0315,0.032,0.0022,0.0032,65.40245,67.0686,62.93945,64.2433,0.01625,0.0169,0.0169,0.0174,0.017111801,0.02438258,0.1254925155,0.130298524,0.1301705345,0.134562794,0.004100000000000001,0.007049999999999997,8.000000000000001e-4,0.0014000000000000002,-7.835525000000004,-5.162750000000003,-4.559449999999998,-2.065650000000005,1.734723475976807e-18,0.0014500000000000016,0.0011000000000000012,0.0023,0.0071516242499999995,0.012106341500000001,0.011692112999999997,0.02362674499999999,0.014796442000000007,0.023843260000000005,0.0025357142857142835,0.03158571428571428,61.82671428571428,63.47187142857143,0.01691428571428572,0.016371428571428568,0.01960583385714284,0.12632666714285712,0.13037999328571429,0.020464285714285685,-0.022214285714285586,NA,24.909071428571668,NA,NA,0.1555064349999998,NA,NA,-0.015595238095238075,0.017619047619047524,NA,-28.382380952381126,NA,NA,-0.11784971666666655,NA,NA,2,2,0,2,0,0,2,0,0
Polypterus_senegalus,1,demersal,senegalus,Polypterus,0.0248,8e-4,79.722,80.3423,0.0164,0.0157,-0.001850000000000001,-6e-4,8.941299999999998,12.802999999999997,5.999999999999998e-4,5.999999999999998e-4,0.026,0.0263,7e-4,0.0011,84.11085,98.3547,80.726,85.1025,0.0166,0.0179,0.0175,0.0188,0.005472848,0.0089444,0.129975356,0.140368315,0.1372662095,0.147224503,-0.0015249999999999986,-5.999999999999998e-4,-9.500000000000001e-4,-5e-4,13.350974999999998,20.29289999999999,13.467574999999997,18.6986,5.999999999999998e-4,0.0023,0.001599999999999999,0.003100000000000002,-0.0058868085,-0.0027475220000000005,0.017844706499999988,0.022598493999999983,0.020071595249999998,0.022414340000000005,4.065476190476193e-4,0.02447023809523809,79.08624285714284,82.29435833333332,0.015753571428571426,0.015839285714285715,0.0032909159523809486,0.12404980342857143,0.12354002161309517,0.00710119047619047,0.015345238095238127,-12.35742857142851,-22.49416666666665,0.01785714285714287,-0.004142857142857132,0.057642985238095204,-0.03314973428571426,0.14016562970238103,-0.006249999999999997,-0.01654761904761908,NA,NA,-0.020476190476190488,NA,-0.05065247142857141,NA,-0.1606025708333334,2,2,1,1,2,1,2,1,2
Remora_remora,1,benthic,osteochir,Remora,0.0342,7e-4,50.5157,43.1141,0.0147,0.0127,0.007550000000000001,-7e-4,-20.264999999999993,-24.425199999999997,-0.001100000000000002,-0.0023999999999999994,0.03215,0.0362,0.00165,0.0019,52.0248,57.6151,53.18815,54.6796,0.0148,0.0152,0.014249999999999999,0.0149,0.0112002945,0.012648291,0.10111450699999999,0.103862122,0.09736118299999999,0.10165309,0.004850000000000002,0.011350000000000002,0,2.999999999999999e-4,-19.481225,-16.271650000000008,-13.71895,-11.026599999999995,-0.0010500000000000006,-6.000000000000016e-4,-0.0014999999999999996,-7.999999999999986e-4,-2.716330000000003e-4,9.563690000000003e-4,-0.010862366999999998,-0.007250804999999999,-0.019833431250000005,-0.01394475399999999,0.0012785714285714284,0.03440714285714286,47.52414285714285,50.587628571428525,0.013678571428571429,0.0149142857142857,0.00889381764285713,0.1019463096428571,0.0936134509285714,0.01289285714285713,0.010392857142857157,86.29328571428569,177.85442857142837,0.02317857142857145,0.047642857142857174,0.08563596964285705,0.3266019453571426,0.15888747035714287,-0.011071428571428564,NA,-82.61166666666665,-147.83999999999986,-0.01964285714285716,-0.03523809523809526,-0.07305343690476185,-0.24164249642857125,-0.13424284166666667,2,1,2,2,2,2,2,2,2
Risor_ruber,1,benthic,ruber,Risor,0.0317,0.0021,69.924,53.3971,0.017,0.0156,0.005049999999999999,6.999999999999999e-4,-0.8566999999999894,-14.142199999999995,0.0011999999999999997,5.000000000000004e-4,0.0361,0.0405,0.00275,0.0057,65.10425000000001,72.3713,53.79695,71.1907,0.01685,0.021,0.0168,0.0207,0.0185453435,0.038384325,0.114181297,0.141982765,0.1136585105,0.14056821,0.008425000000000002,0.013600000000000001,0.0014000000000000002,0.00405,-7.957799999999999,-0.03125,-14.098374999999997,1.6370500000000021,0.0014749999999999997,0.005400000000000002,0.0013999999999999993,0.005000000000000001,0.0090973195,0.026147521499999996,0.007618717750000004,0.02195498450000001,0.0014554589999999992,0.015758046999999997,0.0029,0.033135714285714296,53.39160714285714,59.63110714285716,0.014557142857142862,0.016278571428571434,0.019627711428571427,0.11029612157142853,0.09852408864285717,NA,0.0830357142857142,-420.37939285714197,-259.3407499999994,-0.06949999999999971,-0.007821428571428575,NA,-0.05243234785714279,-0.4710752432142839,NA,-0.07797619047619042,335.5470238095232,192.35630952380913,0.04619047619047597,NA,NA,NA,0.31283236309523677,0,2,2,2,2,1,0,1,2
Roeboides_affinis,1,demersal,descalvadensis,Roeboides,0.0267,0.0024,71.515,71.4107,0.016,0.015,5.000000000000143e-5,9.999999999999998e-4,0.7343000000000046,3.8714000000000084,1.999999999999988e-4,-9.99999999999994e-5,0.02645,0.0277,0.0023,0.0026,76.02340000000001,85.944,74.094,76.0311,0.01625,0.0178,0.01615,0.0169,0.025532654000000002,0.028906098,0.1803677865,0.197167716,0.17892362099999998,0.187180674,-1.7499999999999807e-4,1.5000000000000083e-4,9.749999999999998e-4,0.0010000000000000002,3.021374999999999,7.882199999999997,6.0958499999999916,11.305599999999998,5.500000000000001e-4,0.0015000000000000013,3.249999999999989e-4,9.499999999999995e-4,0.015443375,0.017214176,0.0650926615,0.08375746749999999,0.058826576499999984,0.06859227999999999,0.0024142857142857134,0.026364285714285708,73.15447142857143,70.36070714285715,0.015049999999999996,0.015857142857142854,0.02662886935714284,0.17584876257142856,0.16681842507142858,0.0087142857142857,0.017678571428571415,-6.7026428571428145,-41.26596428571421,-0.005035714285714272,-0.004499999999999988,0.09189313892857132,-0.050570512857142674,-0.056557673214285634,-0.006428571428571419,-0.015357142857142842,NA,NA,NA,NA,-0.06839899880952373,NA,NA,2,2,1,1,1,1,2,1,1
Ronquilus_jordani,1,benthic,signatus,Bathymaster,0.0215,0.0013,61.6204,64.626,0.0113,0.0113,-0.005150000000000002,-1.0000000000000005e-4,-9.1603,-2.9132999999999925,-0.004500000000000002,-0.0037999999999999996,0.0233,0.025,0.0013,0.0015,71.6132,74.1473,67.94345000000001,71.3196,0.01325,0.0142,0.01325,0.0152,0.0104876925,0.012355034,0.106384262,0.113839189,0.10640554199999999,0.122404887,-0.004125,-0.0017000000000000001,-1.25e-4,0,-3.348850000000006,0.9832499999999982,0.3578500000000062,4.527600000000007,-0.0028499999999999992,-0.0013999999999999985,-0.0026500000000000013,-4.999999999999987e-4,-2.7709500000000064e-4,0.0012258745000000015,-0.00916654725000001,-0.003196428500000001,-0.010789072250000004,-0.002405275999999998,0.0013285714285714285,0.02163571428571429,67.52357142857144,63.38232857142855,0.011678571428571427,0.011735714285714285,0.010658096142857142,0.09418064349999997,0.09366398185714288,0.00421428571428571,0.004964285714285654,NA,32.67985714285726,0.003107142857142905,0.006107142857142875,0.03481386285714284,0.05432096964285721,0.026768282857143087,-0.00333333333333333,-0.010595238095238053,NA,-53.62547619047627,-0.008928571428571465,-0.01035714285714287,-0.028068354761904744,-0.08745123690476195,-0.0737073690476192,2,2,0,2,2,2,2,2,2
Salarias_fasciatus,1,benthic,fasciatus,Salarias,0.0266,8e-4,73.9117,75.8305,0.0165,0.0163,-5.000000000000143e-5,-6e-4,3.1310000000000002,8.291200000000003,6.999999999999992e-4,0.0011999999999999997,0.03075,0.0344,0.0018,0.0025,72.76315,77.8029,75.22775,85.4897,0.01805,0.0204,0.0182,0.0202,0.0102999105,0.014396977,0.1043956655,0.11769137,0.105048207,0.116625011,0.0030750000000000013,0.0076999999999999985,2.2499999999999994e-4,7.000000000000001e-4,0.9295749999999998,3.1310000000000002,8.471425000000004,15.936049999999994,0.002100000000000001,0.0046,0.002425,0.004399999999999998,-9.710675000000001e-4,0.0021207385000000002,-0.01155418825,0,-0.015052608750000009,-0.001347209000000002,0.0014499999999999995,0.027907142857142853,79.3569,72.27615,0.016928571428571425,0.0172,0.008388855857142849,0.09919120707142856,0.09783061792857144,0.010964285714285704,0.036607142857142894,33.97500000000002,122.46917857142816,0.03614285714285722,0.03371428571428571,0.06491531357142849,0.1949537182142861,0.20810207178571444,-0.010119047619047613,-0.04083333333333337,NA,-96.69940476190445,-0.033809523809523866,-0.031190476190476185,-0.05949163333333328,-0.1807014250000003,-0.19451514404761916,2,2,1,2,2,2,2,2,2
Scomber_japonicus,1,pelagic,japonicus,Scomber,0.0314,0.0021,63.2238,52.0591,0.0152,0.0149,0.004749999999999997,6.999999999999999e-4,-7.556899999999999,-15.480199999999996,-6.000000000000016e-4,-1.999999999999988e-4,0.031,0.0314,0.0025,0.003,61.134150000000005,63.2238,54.7488,58.1623,0.015,0.0157,0.01495,0.0156,0.022831279000000003,0.027196821,0.13641062199999998,0.14310947,0.135933925,0.142105897,0.003575,0.00605,0.001,0.0014,-11.242175,-7.556899999999999,-12.666325,-6.859650000000002,-8.500000000000001e-4,-1.499999999999991e-4,-3.5000000000000135e-4,1.499999999999991e-4,0.012152426000000001,0.015504898999999999,0.0268779865,0.03137415,0.024089964499999998,0.030668181000000003,0.0025142857142857137,0.031442857142857134,56.105785714285716,59.69062142857143,0.015107142857142854,0.01514285714285714,0.022705832928571416,0.13794465464285716,0.13738552114285713,0.015499999999999979,0.04500000000000006,NA,-11.391678571428509,0.003035714285714296,0.013000000000000024,0.13732817035714262,0.12395915178571365,0.027006859285714318,-0.012380952380952366,-0.03000000000000004,NA,NA,NA,-0.008571428571428584,-0.11045273214285699,-0.0826155392857138,NA,2,2,0,1,1,2,2,2,1
Serrasalmus_rhombeus,1,demersal,rhombeus,Serrasalmus,0.0263,0.0031,88.5188,93.5196,0.0185,0.0183,-3.499999999999996e-4,0.0017,17.738100000000003,25.9803,0.0026999999999999975,0.0032000000000000015,0.027549999999999998,0.0314,0.0017499999999999998,0.0031,90.2179,92.9137,90.3616,93.53,0.0194,0.0208,0.01935,0.021,0.0112718285,0.019571395,0.124336748,0.133468864,0.1239816265,0.134653176,-2.499999999999898e-5,0.004699999999999996,2.2499999999999994e-4,0.0017,17.798325,22.801900000000003,22.245699999999992,28.508049999999997,0.0033999999999999985,0.0052,0.0034999999999999996,0.005300000000000003,-6.761150000000014e-5,0.007954212499999998,0.011061623999999999,0.0177887065,0.007142375999999999,0.012243468499999993,0.0019500000000000003,0.02538857142857144,93.47267785714284,89.56741666666669,0.018180952380952384,0.01859809523809524,0.012454972833333335,0.11923335299047624,0.11664988305714288,NA,-0.012742857142857156,182.3590964285715,NA,-0.006571428571428578,-0.004457142857142873,NA,-0.028399402285714352,-0.04161812628571442,NA,NA,-116.60196428571442,NA,NA,NA,NA,NA,NA,0,1,2,0,1,1,0,1,1
Sphyraena_sphyraena,1,pelagic,sphyraena,Sphyraena,0.032,6e-4,49.1276,44.6217,0.0126,0.0127,0.005350000000000001,-8e-4,-21.653099999999995,-22.9176,-0.0032000000000000015,-0.0023999999999999994,0.03425,0.0383,0.001,0.0022,42.44155,49.1276,39.4812,44.6217,0.011800000000000001,0.0126,0.012400000000000001,0.0129,0.011501629499999999,0.024806023,0.13589229549999998,0.145951715,0.1432115145,0.148764025,0.006975,0.0116,-5.500000000000001e-4,0.0010000000000000002,-28.303150000000006,-21.653099999999995,-27.223950000000002,-22.9176,-0.004075,-0.0032000000000000015,-0.0032250000000000013,-0.0023999999999999994,-4.6273325000000063e-4,0.016577591500000002,0.022091892999999994,0.03588097250000001,0.027963410499999994,0.035376402,0.0014095238095238093,0.031923809523809535,42.33888,46.43217285714283,0.012332857142857142,0.011750000000000002,0.012126587666666671,0.13562789033333333,0.14233794698571428,0.0022857142857142846,-0.0162857142857143,18.276199999999964,109.48295000000002,0.018492857142857033,NA,NA,NA,0.20817278835714184,NA,NA,NA,-69.58178571428577,-0.014642857142857076,NA,NA,NA,-0.1648240607142851,1,1,1,2,2,0,0,0,2
Stenobrachius_leucopsarus,1,pelagic,leucopsarus,Stenobrachius,0.0279,0.0034,69.6688,63.6741,0.0153,0.0159,0.0012500000000000011,0.002,-1.1118999999999915,-3.8651999999999944,-5.000000000000022e-4,8.000000000000021e-4,0.02875,0.03,0.0034,0.0037,71.52860000000001,78.1716,64.42415,70.6125,0.01545,0.018,0.016649999999999998,0.018,0.0378192455,0.041890447,0.1739131155,0.202254392,0.18732833100000001,0.202254392,0.0019249999999999996,0.0026000000000000016,0.0019500000000000001,0.0021999999999999997,-1.3722999999999956,5.769049999999993,-1.708249999999996,4.939849999999993,-2.500000000000002e-4,0.0017999999999999995,0.001174999999999999,0.0020499999999999997,0.027663128500000002,0.029614208499999996,0.06010382325000001,0.0880638355,0.07406814675,0.083665998,0.003482142857142856,0.028206547619047614,65.09502499999999,70.29840416666664,0.015858333333333325,0.015808928571428568,0.03888341778571428,0.17795391436904762,0.1784496858988095,0.00117857142857143,0.021494047619047694,NA,147.37047023809487,0.02786904761904763,0.03455357142857139,0.012798662142857149,0.3859186904761898,0.3064188239880958,NA,-0.019226190476190542,NA,-125.34351190476164,-0.025119047619047635,-0.028392857142857126,NA,-0.3166312666666662,-0.2759110446428576,1,2,0,2,2,2,1,2,2
Stephanolepis_hispidus,1,demersal,hispidus,Stephanolepis,0.0554,0.0062,64.531,58.4263,0.0268,0.0295,0.028749999999999998,0.0048,-6.24969999999999,-9.113,0.011,0.0144,0.0552,0.0567,0.0029,0.0062,72.9726,86.2852,64.8267,67.713,0.0293,0.0331,0.0323,0.0339,0.009799386,0.021205191,0.100362379,0.11338963,0.110680355,0.116286585,0.027450000000000002,0.03185,0.0010999999999999998,0.0048,0.7412499999999937,11.2641,-1.8514499999999998,2.987499999999997,0.0131,0.017299999999999996,0.01645,0.01795,-0.0024025584999999997,0.009588008500000002,-0.013828177499999997,-0.004301739999999998,-0.005120479500000011,-0.002301809000000002,0.004642857142857122,0.054830000000000004,57.08123428571426,63.50447,0.029054285714285692,0.02683,0.015859815085714296,0.09205998869999998,0.09959205262857139,0.14570000000000097,0.01989999999999999,220.61820000000313,-70.09650000000002,0.13160000000000127,-0.019499999999999993,0.4969139810000036,-0.06628099099999991,0.4526497460000029,-0.09928571428571498,NA,-194.14142857143074,NA,-0.11142857142857232,NA,-0.3384688785714311,NA,-0.3831020428571449,2,1,2,1,2,1,2,1,2
Symphysodon_discus,1,demersal,discus,Symphysodon,0.034,0.0041,95.773,82.8651,0.0241,0.0237,0.007350000000000002,0.0027,24.9923,15.325800000000001,0.008299999999999998,0.0086,0.0343,0.0378,0.0023,0.0041,96.8357,106.5357,79.0817,91.3359,0.0242,0.0277,0.02395,0.0264,0.0121403595,0.021539618,0.1275614775,0.146007993,0.126539671,0.139240978,0.007175000000000001,0.011099999999999999,6e-4,0.0027,26.085974999999998,34.13315,14.207974999999998,21.78224999999999,0.00815,0.0115,0.008474999999999998,0.010700000000000001,1.562792499999995e-4,0.0099224355,0.014697466249999992,0.031817436500000004,0.013211964749999985,0.01573119699999999,0.002971428571428572,0.033235714285714285,83.88689285714287,99.21531428571427,0.023514285714285706,0.024414285714285708,0.01567717021428571,0.12873008442857142,0.12417237214285716,0.0044285714285714275,0.07053571428571423,-112.82696428571388,NA,NA,0.07842857142857138,0.023447106071428567,0.4147630328571424,NA,NA,-0.060357142857142825,108.40702380952351,NA,NA,-0.06119047619047615,NA,-0.32367572619047585,NA,1,2,2,0,0,2,1,2,0
Trachurus_trachurus,1,pelagic,lathami,Trachurus,0.0434,7e-4,48.9435,50.557,0.0176,0.0194,0.01675,-7e-4,-21.837199999999996,-16.982299999999995,0.0017999999999999995,0.004300000000000002,0.04335,0.0456,7.5e-4,9e-4,54.45375,65.0717,51.654650000000004,57.1755,0.0187,0.0205,0.0206,0.0211,0.005066913,0.00645783,0.129951417,0.142370322,0.143314159,0.146443722,0.016075,0.02075,-7.25e-4,-6e-4,-17.863200000000003,-12.990099999999998,-13.219075,-11.317549999999997,0.0025250000000000003,0.004900000000000002,0.004774999999999998,0.005400000000000002,-0.0063136484999999996,-0.004155030499999999,0.017255530250000005,0.022342541499999993,0.0243484495,0.028159107500000002,7.257142857142853e-4,0.04432476190476191,48.50954857142857,49.19464285714288,0.019510714285714284,0.017762142857142862,0.005199381333333335,0.12353971407857148,0.13558179414285715,0.002528571428571445,0.005942857142857133,-20.284342857142878,-37.30871428571435,0.016589285714285768,-0.011067857142857278,NA,-0.07467310525000109,0.11709963214285717,-0.002142857142857157,NA,NA,NA,-0.016607142857142907,0.003392857142857241,NA,0.022176619642857946,-0.11673770714285728,2,1,1,1,2,2,0,2,2
Xiphister_atropurpureus,1,benthic,NA,NA,0.0152,0.0013,75.7209,55.4437,0.0076,0.0085,-0.01145,-1.0000000000000005e-4,4.940200000000004,-12.095599999999997,-0.008200000000000002,-0.006599999999999998,0.01665,0.018,0.0010500000000000002,0.0013,74.87235,75.8555,57.10725,62.1901,0.00795,0.009,0.0097,0.0105,0.014340549000000001,0.017895324,0.107446232,0.121503641,0.1313329485,0.142365669,-0.010624999999999999,-0.008700000000000003,-5.25e-4,0,1.6798500000000018,4.940200000000004,-9.65025,-4.488050000000001,-0.0081,-0.0066,-0.0062000000000000015,-0.005199999999999998,0.0025338789999999993,0.007762864499999999,-0.005419378250000002,0.0014758604999999952,0.013655193750000003,0.023811400999999996,0.0011666666666666665,0.015033928571428571,55.85386785714285,74.91809999999997,0.008547619047619045,0.0071583333333333325,0.01583190813095238,0.09695482242857142,0.11573324261309514,9.16666666666667e-4,0.0013750000000000407,83.33192857142859,NA,0.013726190476190482,-0.00466666666666666,0.012948409523809533,-0.06301047428571424,0.18977527398809538,NA,-0.00779761904761908,-70.30952380952385,NA,-0.015119047619047626,NA,NA,NA,-0.20771548511904778,1,2,2,0,2,1,1,1,2
Xiphister_mucosus,1,benthic,NA,NA,0.0143,4e-4,71.4678,54.3119,0.007,0.0077,-0.01235,-0.001,0.6871000000000009,-13.227399999999996,-0.008800000000000002,-0.007399999999999999,0.0156,0.0166,4e-4,0.0012,79.62610000000001,86.5951,57.8254,60.0878,0.00795,0.0092,0.009000000000000001,0.01,0.005577598,0.015518833,0.106321432,0.123486486,0.1212134285,0.13458565,-0.011625,-0.010100000000000001,-9e-4,-3.0000000000000014e-4,4.800674999999998,11.573999999999998,-8.328499999999998,-5.591999999999999,-0.008275,-0.0066,-0.006825000000000002,-0.0056999999999999985,-0.004345208999999999,0.004851216499999998,-0.007478970500000001,0.005795116000000003,0.004326901249999987,0.011146714999999988,3.928571428571428e-4,0.014263690476190475,53.31526071428571,73.63557857142857,0.00761190476190476,0.007094047619047615,0.005386405190476189,0.09516773608928572,0.10244164686904761,-9.285714285714286e-4,0.0016726190476190283,44.33653571428569,124.78260714285712,0.01197619047619049,0.006833333333333341,-0.011923822738095233,0.08631701053571393,0.16121758404761913,NA,-0.006726190476190461,-50.62630952380951,-118.90297619047618,-0.014761904761904775,-0.00952380952380953,NA,-0.12275138392857117,-0.19820826190476196,1,2,2,2,2,2,1,2,2
Xiphophorus_hellerii,1,demersal,latipinna,Poecilia,0.0306,5e-4,79.2912,61.9422,0.0177,0.0182,0.003949999999999999,-9e-4,8.510500000000008,-5.5970999999999975,0.001899999999999999,0.003100000000000002,0.0322,0.035,7.5e-4,0.0012,71.99115,79.2912,54.245149999999995,72.7382,0.01695,0.0188,0.01675,0.0188,0,0,0.075817311,0.101089747,0.075817311,0.101089747,0.005875000000000002,0.008000000000000004,-7.499999999999999e-4,-3.0000000000000014e-4,-0.2759500000000017,8.510500000000008,-12.427875,3.1845500000000015,9.499999999999995e-4,0.003850000000000001,9.749999999999984e-4,0.00395,-0.01165455225,-0.0082284315,-0.0379830915,-0.0019646690000000022,-0.041069216250000005,-0.004727962000000002,5.552380952380956e-4,0.0315504761904762,63.287050000000036,75.74090000000001,0.01796571428571429,0.017841904761904767,0,0.08394059400000006,0.09170284220000006,-0.001742857142857143,-0.005885714285714325,-89.33639285714271,23.282999999999948,0.00777142857142856,0.008057142857142837,NA,-0.2572372950000006,-0.17690705200000084,NA,NA,111.59535714285705,NA,NA,NA,NA,0.2256467500000005,0.1805174000000007,1,1,2,1,1,1,0,2,2
