Species,Indiv,Habitat,MatchSpecies,MatchGenus,CBL_80,d_80,alphaAnt_80,alphaPos_80,DAnt_80,DPos_80,CBL_ctr_80,d_ctr_80,alphaAnt_ctr_80,alphaPos_ctr_80,DAnt_ctr_80,DPos_ctr_80,CBL_med,CBL_max,d_med,d_max,alphaAnt_med,alphaAnt_max,alphaPos_med,alphaPos_max,DAnt_med,DAnt_max,DPos_med,DPos_max,dBW_med,dBW_max,DAntBW_med,DAntBW_max,DPosBW_med,DPosBW_max,CBL_ctr_med,CBL_ctr_max,d_ctr_med,d_ctr_max,alphaAnt_ctr_med,alphaAnt_ctr_max,alphaPos_ctr_med,alphaPos_ctr_max,DAnt_ctr_med,DAnt_ctr_max,DPos_ctr_med,DPos_ctr_max,dBW_ctr_med,dBW_ctr_max,DAntBW_ctr_med,DAntBW_ctr_max,DPosBW_ctr_med,DPosBW_ctr_max,d_mn,CBL_mn,alphaPos_mn,alphaAnt_mn,DPos_mn,DAnt_mn,d_slope,CBL_slope,alphaPos_slope,alphaAnt_slope,DPos_slope,DAnt_slope,d_quad,CBL_quad,alphaPos_quad,alphaAnt_quad,DPos_quad,DAnt_quad,d_order,CBL_order,alphaPos_order,alphaAnt_order,DPos_order,DAnt_order,FullName,Family,Tip
Abramis_brama,1,pelagic,alburnus,Alburnus,0.0228,0.0018,85.6234,86.8924,0.0158,0.015,-0.00384999999999999,4e-4,14.842700000000008,19.3531,0,-9.99999999999994e-5,0.0228,0.0239,8.500000000000001e-4,0.0018,88.71505,93.9381,84.15735000000001,86.8924,0.0155,0.016,0.01515,0.016,0.00768282099999999,0.016033714,0.1386248155,0.142833665,0.1354180725,0.142833665,-0.00404999999999999,-0.00204999999999999,-6.25e-4,4e-4,14.293800000000005,20.60995,17.330849999999998,20.093400000000003,-2.999999999999982e-4,2.500000000000002e-4,-7.500000000000041e-5,4.49999999999999e-4,-0.00327943475,0.0044165315,0.02856561249999999,0.03296492099999999,0.02390404399999999,0.03073608500000001,-0.00219523809523808,0.02274285714285713,83.55987142857143,62.89494285714272,0.01527142857142856,0.01592857142857142,0.00921428571428569,NA,NA,107.00671428571472,NA,NA,-0.00619047619047617,NA,NA,-98.53357142857176,NA,NA,2,0,0,2,0,0,Leuciscidae_Alburnus_alburnus_I2696-175,Leuciscidae,216
Alectis_ciliaris,1,demersal,ciliaris,Alectis,0.044,7e-4,72.5533,75.6469,0.0262,0.0278,0.01734999999999999,-7e-4,1.772599999999997,8.107600000000005,0.0104,0.0127,0.04355,0.0458,0.0017,0.0045,76.5827,89.624,76.10925,86.3325,0.0258,0.0292,0.0271,0.0283,0.015113313,0.039118657,0.2261229885,0.255888773,0.237221361,0.247538183,0.016625,0.01805,5.000000000000008e-5,0.00299999999999999,5.697225000000003,11.56219999999999,9.828625000000002,17.83945,0.010425,0.0129,0.01127499999999999,0.0127,0.003427598,0.0284510405,0.11956040925,0.1424785245,0.12041813225,0.132524174,0.01301214285714291,-0.0300521428571428,76.74830000000003,94.8196666666667,-0.01026571428571428,-0.01048000000000005,-0.0257178571428573,0.2196035714285713,NA,-25.63400000000002,0.11498571428571432,0.11262857142857166,0.01303571428571441,-0.15732142857142853,NA,NA,-0.08500000000000008,-0.08142857142857166,2,2,0,1,2,2,Carangidae_Alectis_ciliaris_E00469,Carangidae,1032
Alosa_pseudoharengus,1,pelagic,pseudoharengus,Alosa,0.0231,0.0033,85.8797,89.6339,0.016,0.0157,-0.00355,0.0019,15.099000000000004,22.0946,1.999999999999988e-4,5.999999999999998e-4,0.0233,0.0242,0.00334999999999999,0.004,86.9591,101.3525,91.08,95.8023,0.01625,0.0166,0.01615,0.0169,0.0249576335,0.029579418,0.1200893545,0.122631336,0.119344734,0.124942228,-0.00354999999999999,-0.00315,0.0019,0.0022,15.20595,23.2907,23.990725000000005,27.55204999999999,2.0000000000000052e-4,6.999999999999992e-4,6.999999999999992e-4,0.00104999999999999,0.013853704,0.0173031795,0.00741574974999999,0.0088102615,0.00520426949999999,0.01116478,-0.00199285714285713,0.00911428571428572,128.72604047619038,103.95197857142854,0.011821428571428561,0.00945238095238093,0.0173928571428571,0.04557142857142852,-125.25889285714253,-23.111607142857103,0.01546428571428573,0.02364285714285719,-0.01321428571428568,-0.03499999999999996,98.59273809523786,NA,-0.01250000000000001,-0.01952380952380956,2,2,2,1,2,2,Clupeidae_Alosa_pseudoharengus_G01195,Clupeidae,59
Amia_calva,1,demersal,calva,Amia,0.0169,0.007,141.7749,141.4651,0.0166,0.0156,-0.00975,0.0056,70.9942,73.92580000000001,7.999999999999986e-4,5.000000000000004e-4,0.01925,0.0223,0.0056,0.007,131.8089,143.0377,122.36705,141.4651,0.01915,0.0202,0.0186,0.0199,0.0375614705,0.047250163,0.12892981850000002,0.135877766,0.12493238,0.133776847,-0.00794999999999999,-0.0046,0.004075,0.0056,55.26744999999999,74.97540000000001,55.757775,73.92580000000001,0.0029,0.0046,0.00269999999999999,0.0042,0.026672594,0.03563298049999999,0.01450385574999999,0.0170629265,0.00733832175,0.013803875,-0.00319285714285713,0.01664285714285714,194.93153809523767,211.29268571428537,0.02662857142857143,0.02190238095238092,0.0236785714285714,NA,-272.9039285714273,-293.9649285714276,-0.01357142857142857,0.00289285714285722,-0.01464285714285712,NA,241.0240476190467,245.64642857142783,NA,-0.01202380952380958,2,0,2,2,1,2,Amiidae_Amia_calva_E00461,Amiidae,18
Ammodytes_personatus,1,benthic,dubius,Ammodytes,0.0155,0.0023,65.1495,64.4601,0.0076,0.0094,-0.01115,9e-4,-5.631199999999993,-3.0792,-0.0082,-0.00569999999999999,0.0159,0.0168,0.0023,0.0043,67.78435,75.1987,64.75215,68.91,0.0084,0.0092,0.00879999999999999,0.0096,0.0382658625,0.072181605,0.1416123915,0.15592577,0.1480174735,0.162727828,-0.011275,-0.00885,7.75e-4,0.0025,-6.636899999999997,0.43274999999999864,-2.732949999999999,2.2318499999999943,-0.00767499999999999,-0.00639999999999999,-0.00667499999999999,-0.00569999999999999,0.02633886949999999,0.05990536649999999,0.02660323775,0.03589798949999999,0.03209793724999999,0.04732339199999999,0.00265714285714285,0.01969523809523806,64.59664285714284,92.96614285714288,0.00907142857142857,0.00881190476190475,NA,-0.01164285714285705,NA,-41.16357142857144,NA,0.00317857142857144,NA,0.00833333333333326,NA,NA,NA,-0.00583333333333334,0,2,0,1,0,2,Ammodytidae_Ammodytes_dubius_N02375,Ammodytidae,1696
Anodontostoma_chacunda,1,pelagic,cepedianum,Dorosoma,0.0321,6e-4,79.7196,85.2613,0.0199,0.0226,0.00544999999999999,-8e-4,8.938900000000004,17.72200000000001,0.00409999999999999,0.0075,0.03154999999999999,0.0329,7.999999999999999e-4,0.0016,84.57849999999999,91.6076,85.1935,88.8691,0.02099999999999999,0.0226,0.0223,0.0226,0.003905881,0.007229049,0.097984864,0.105425005,0.103873364,0.105388955,0.005125,0.00605,-6.249999999999999e-4,-1.9999999999999987e-4,11.739325,15.54325,19.785725,21.19244999999999,0.005225,0.00639999999999999,0.006475,0.0075,-0.0063267365,-0.00504718949999999,-0.0153584315,-0.00840700399999999,-0.01351447699999999,-0.005330579,-6.547619047618603e-6,0.0213738095238095,74.99923154761898,96.6959964285714,0.01434880952380951,0.01438273809523808,0.00472023809523809,0.03284523809523815,45.29363690476209,-18.552607142857106,0.02627380952380955,0.0242916666666667,-0.00458333333333333,-0.02440476190476195,-41.799702380952525,NA,-0.02154761904761907,-0.02029761904761907,2,2,2,1,2,2,Clupeidae_Dorosoma_cepedianum_E01016,Clupeidae,60
Anoplogaster_cornuta,1,pelagic,cornuta,Anoplogaster,0.0347,7e-4,67.4429,60.4094,0.0188,0.0177,0.00805,-7e-4,-3.3378000000000014,-7.129899999999999,0.00299999999999999,0.0026,0.0355,0.0394,8e-4,0.0013,68.0663,74.7481,60.4094,65.7786,0.0198,0.0201,0.0177,0.0189,0.004120017,0.006704387,0.099607718,0.101583965,0.089179243,0.095260127,0.00789999999999999,0.01269999999999999,-5e-4,-2.000000000000001e-4,-3.3378000000000014,2.3455499999999887,-7.129899999999999,-2.1220500000000015,0.0035,0.0045,0.0026,0.0031,-0.0055718515,-0.0043612205,-0.01543404649999999,-0.0126065915,-0.02496482699999999,-0.0205407075,0.00166645962732919,0.02884166666666665,85.15452333333343,69.85363333333338,0.02128944099378882,0.01695547619047621,-0.0010807453416149,0.04041071428571432,-102.29995000000017,NA,-0.00511801242236025,0.01788928571428564,NA,-0.04398809523809524,90.64116666666672,NA,NA,-0.02044047619047612,1,2,2,0,1,2,Anoplogastridae_Anoplogaster_cornuta_E00662,Anoplogastridae,648
Aphareus_furca,1,pelagic,furca,Aphareus,0.0335,0.001,67.608,67.0493,0.0227,0.0223,0.00685,-4e-4,-3.172699999999992,-0.4899999999999949,0.0069,0.0072,0.03959999999999999,0.042,7.999999999999999e-4,0.0013,67.59275,77.8479,63.28665,71.6108,0.0217,0.0227,0.022,0.0223,0.00397817999999999,0.00652477,0.10868348,0.113736792,0.1102361305,0.111771933,0.012375,0.01524999999999999,-6.000000000000001e-4,-2.999999999999999e-4,-3.702549999999995,-0.21390000000000953,-3.852924999999999,3.117750000000001,0.00595,0.0069,0.006175,0.00735,-0.0068950595,-0.00367477749999999,-0.00612266549999999,0.005740464,-0.00955416199999999,0.00520991400000001,3.8380952380952373e-4,0.03748333333333334,131.52285142857133,116.42665142857156,0.02166666666666667,0.02178333333333334,7.428571428571428e-4,NA,-222.57819999999975,-134.3334857142861,NA,NA,NA,NA,170.33142857142852,88.22571428571459,NA,NA,1,0,2,2,0,0,Lutjanidae_Aphareus_furca_E00563,Lutjanidae,1577
Apodichthys_flavidus,1,benthic,crassispina,Pholis,0.0127,0.0011,95.2429,64.0252,0.0076,0.0084,-0.01395,-2.999999999999999e-4,24.46220000000001,-3.514099999999999,-0.0082,-0.00669999999999999,0.01435,0.0153,0.00105,0.0012,91.48065,97.7826,65.4859,71.6535,0.0083,0.009,0.0097,0.0103,0.0197141615,0.023076818,0.16043782499999998,0.175116979,0.1878312485,0.200044361,-0.012875,-0.0114,-4.25e-4,-1.9999999999999987e-4,16.835824999999993,25.380049999999997,-0.3641500000000022,6.927999999999997,-0.0079,-0.0066,-0.0062,-0.00539999999999999,0.00979732899999999,0.01084001449999999,0.04663742249999999,0.057425609,0.07004241225,0.079117059,0.0010125,0.0131672619047619,58.29875952380954,100.77776666666662,0.00705714285714284,0.00850535714285714,NA,0.00951785714285715,41.72376190476186,-15.262666666666629,0.01371428571428574,0.00411309523809524,NA,-0.01208333333333334,-43.82071428571425,NA,-0.01500000000000003,-0.0068452380952381,0,2,2,1,2,2,Pholidae_Pholis_crassispina_G01437,Pholidae,1248
Apteronotus_cuchillejo,1,demersal,albifrons,Apteronotus,0.0253,9e-4,50.0094,52.733,0.0112,0.0108,-0.00135,-5e-4,-20.771299999999997,-14.8063,-0.0046,-0.00429999999999999,0.02525,0.0257,0.00145,0.0021,59.70525,66.0082,56.6545,59.3298,0.01205,0.013,0.01225,0.013,0.02116215,0.030496646,0.1738549015,0.187620317,0.1765629305,0.187275743,-0.001775,-3.499999999999996e-4,-1.7500000000000005e-4,5.999999999999998e-4,-12.611700000000006,-9.451300000000003,-9.9802,-5.395699999999998,-0.00399999999999999,-0.0028,-0.00355,-0.0028,0.00919778725,0.01982902949999999,0.057135887,0.069928947,0.05625743175,0.06930352299999999,3.398809523809544e-4,0.01287261904761905,25.899157142857163,63.421394047619046,0.0032952380952381,0.00411130952380954,0.00687499999999999,0.03895238095238094,131.46589285714276,27.47917857142858,0.03634523809523805,0.03107738095238089,-0.0075595238095238,-0.02928571428571427,-125.1396428571428,-50.54511904761906,-0.03369047619047617,-0.02744047619047615,2,2,2,2,2,2,Apteronotidae_Apteronotus_albifrons_P1_C09_RG93,Apteronotidae,248
Aulorhynchus_flavidus,1,pelagic,flavidus,Aulorhynchus,0.0157,7e-4,39.5025,36.791,0.0058,0.0051,-0.01095,-7e-4,-31.2782,-30.7483,-0.01,-0.00999999999999999,0.0176,0.0217,8.500000000000001e-4,0.0016,37.79825,47.107,36.829049999999995,40.6004,0.00609999999999999,0.0072,0.00565,0.0073,0.011277918,0.020330927,0.07976568049999999,0.094180444,0.073864615,0.095694289,-0.008675,-0.005,-7.5e-4,4.000000000000002e-4,-33.58645,-25.29555000000001,-31.187125,-24.125099999999996,-0.00952499999999999,-0.0087,-0.0098,-0.0085,-6.687924999999994e-4,0.0121024955,-0.035283581,-0.02001011249999999,-0.038843535,-0.022277931,8.666666666666668e-4,0.03692357142857148,36.124800000000015,-23.75791142857134,0.00868571428571429,0.00844571428571429,NA,-0.04860357142857158,NA,214.4198857142855,-0.00428571428571429,-0.00368571428571429,NA,0.02875000000000013,NA,-170.5657142857142,NA,NA,0,2,0,2,1,1,Aulorhynchidae_Aulorhynchus_flavidus_G01217,Aulorhynchidae,1265
Barbichthys_laevis,1,benthic,laevis,Barbichthys,0.0313,0.0014,72.4695,68.8891,0.0181,0.0181,0.00465,0,1.6888000000000003,1.349800000000002,0.0023,0.003,0.0293,0.0319,0.0014,0.0018,72.90074999999999,88.0969,70.0355,72.3994,0.0168,0.0181,0.0171,0.0181,0.00876177,0.011811507,0.1072098,0.115718128,0.109208083,0.115785551,0.00307499999999999,0.00465,-9.999999999999994e-5,1.4999999999999996e-4,3.4020999999999972,10.0351,2.8491,6.028849999999991,0.0011,0.00234999999999999,0.00165,0.003,-0.00248982399999999,-4.252965000000001e-4,-0.0046019275,0.00741398800000001,-0.00504420725,0.00506601699999999,0.00141666666666666,-3.357142857142695e-4,87.7552971428573,161.14612071428613,0.00769500000000005,0.0145504761904762,NA,0.08667857142857147,-61.54724285714327,-250.18748928571551,0.02675357142857129,0.00374285714285713,NA,-0.05964285714285723,49.24928571428602,170.71017857142954,-0.01767857142857135,NA,0,2,2,2,2,1,Cyprinidae_Barbichthys_laevis_I2665-102,Cyprinidae,120
Catostomus_catostomus,1,demersal,plebius,Catostomus,0.0238,0.0026,90.3649,89.9291,0.0168,0.0165,-0.00284999999999999,0.0012,19.58420000000001,22.389800000000008,9.999999999999974e-4,0.0014,0.0238,0.0249,0.0024,0.0026,89.0235,100.9818,87.5903,89.9291,0.01675,0.0178,0.0166,0.0171,0.0134899955,0.014714444,0.0950242205,0.100967948,0.0942126555,0.09707898,-0.002975,-0.00264999999999999,7.25e-4,0.0014,17.705374999999997,22.92,21.79412499999999,23.644449999999992,8.99999999999998e-4,0.0015,9.24999999999997e-4,0.0014,0.00160834549999999,0.0064468965,-0.01769004425,-0.0124423005,-0.02171374725,-0.01677524300000001,0.00144,0.01487571428571426,56.47937214285721,137.85831571428596,0.01513928571428571,0.01054857142857142,0.00139999999999999,0.03122142857142865,92.58231071428553,-133.4103785714292,0.00723214285714286,0.02234285714285717,NA,-0.02535714285714293,-65.15839285714274,87.9146428571433,-0.00732142857142858,-0.01857142857142861,1,2,2,2,2,2,Catostomidae_Catostomus_plebius_I2585-18,Catostomidae,84
Centropomus_undecimalis,1,pelagic,undecimalis,Centropomus,0.0337,4e-4,57.6893,56.1076,0.0158,0.0163,0.00705,-0.001,-13.091399999999991,-11.4317,0,0.00119999999999999,0.0337,0.0369,4e-4,4e-4,63.52855,79.8975,57.86455,67.0049,0.01825,0.0206,0.0173,0.0194,0.00313638099999999,0.00350211,0.1433467995,0.161727836,0.1361293555,0.152832604,0.007525,0.0099,-0.00115,-9e-4,-10.097675000000006,1.8356999999999888,-7.837274999999998,-1.4881499999999903,0.00219999999999999,0.005,0.001675,0.0037,-0.00820993475,-0.0056702275,0.02779599025,0.04170005550000001,0.02073775449999999,0.02939179800000001,3.1666666666666676e-4,0.03361666666666668,73.0342933333334,98.90086857142865,0.02297333333333333,0.01548857142857141,NA,NA,-22.263400000000036,-54.44902857142862,-0.0086,0.02252857142857151,NA,NA,NA,NA,NA,-0.02785714285714293,0,0,1,1,1,2,Centropomidae_Centropomus_undecimalis_E00194,Centropomidae,924
Cephalopholis_argus,1,benthic,argus,Cephalopholis,0.0352,0.0025,58.8855,61.6503,0.0178,0.0178,0.00855,0.0011,-11.895199999999996,-5.888999999999996,0.00199999999999999,0.0027,0.0384,0.041,0.0023,0.0029,61.34735,78.0723,57.6053,64.0797,0.02105,0.0229,0.0184,0.021,0.015101104,0.018520235,0.13639293800000002,0.148383218,0.1192832915,0.13593028,0.011675,0.01419999999999999,8.75e-4,0.0011,-9.381375000000002,0.01049999999999329,-8.194475,-0.9422500000000014,0.005,0.0073,0.002875,0.0053,0.0038813005,0.0062439965,0.02084212875,0.02835543750000001,0.00462932749999999,0.01112011699999998,-0.00463571428571427,0.02139761904761897,147.31699761904744,75.84566428571426,0.04076428571428565,0.00937380952380952,0.0201071428571428,0.06239285714285737,-267.6926071428567,-19.34503571428569,-0.06167857142857127,0.04382142857142856,-0.01392857142857139,-0.05297619047619064,193.18202380952349,NA,0.04035714285714274,-0.03916666666666666,2,2,2,1,2,2,Serranidae_Cephalopholis_argus_E00868,Serranidae,1189
Chaetostoma_lineopunctatum,1,demersal,breve,Chaetostoma,0.0303,0.0041,55.1456,54.24,0.0137,0.0139,0.00365,0.0027,-15.635099999999994,-13.299299999999995,-0.0021,-0.00119999999999999,0.0303,0.0329,0.0027,0.0041,58.0076,76.2253,50.5195,54.24,0.0138,0.0153,0.0139,0.0164,0.007901932,0.011865623,0.040058889,0.044429866,0.040523628,0.047571677,0.00365,0.00529999999999999,0.00145,0.0027,-10.054699999999997,1.2042000000000002,-14.205999999999996,-13.299299999999995,-0.0021,-5.000000000000022e-4,-0.00115,5.999999999999998e-4,-0.0032538075,2.4844050000000055e-4,-0.0730768975,-0.066602915,-0.07040054300000001,-0.065988703,-0.02046000000000015,0.01243428571428572,50.46850000000001,242.5060771428583,0.03258857142857158,0.01816999999999998,0.06200000000000045,0.05959999999999994,NA,-492.43160000000336,-0.04660000000000045,-0.00609999999999999,-0.04000000000000033,-0.04571428571428568,NA,320.05714285714527,0.02857142857142888,NA,2,2,0,2,2,1,Loricariidae_Chaetostoma_breve_P1_B10_RG55,Loricariidae,274
Chanos_chanos,1,demersal,chanos,Chanos,0.0279,0.0029,76.9737,71.8266,0.0166,0.0172,0.00125,0.00149999999999999,6.192999999999998,4.287300000000002,7.999999999999986e-4,0.0021,0.02455,0.0279,0.0027,0.0031,78.9691,95.6518,79.4309,87.9935,0.01545,0.0171,0.01685,0.0172,0.0265825555,0.030883043,0.1522228885,0.16832688,0.165770712,0.169651898,-0.00167499999999999,0.00125,0.001075,0.0017,7.569074999999998,20.63069999999999,12.14309999999999,23.268,-7.500000000000041e-5,8.000000000000021e-4,9.750000000000002e-4,0.0021,0.0147914865,0.0202015985,0.04201831074999999,0.05491663150000001,0.047490405,0.058575717,-0.00286428571428571,0.00309285714285716,79.58952857142856,102.89795714285708,3.5238095238096084e-4,0.00698809523809525,0.01503571428571428,0.06339285714285706,NA,-31.876499999999925,0.05028571428571425,0.0256071428571428,-0.00964285714285714,-0.04321428571428564,NA,NA,-0.03738095238095235,-0.017738095238095192,2,2,0,1,2,2,Chanidae_Chanos_chanos_E00345,Chanidae,74
Cheilopogon_melanurus,1,pelagic,melanurus,Cheilopogon,0.0216,0,73.4596,85.6817,0.0138,0.0128,-0.00504999999999999,-0.0014,2.6788999999999987,18.14240000000001,-0.002,-0.00229999999999999,0.02219999999999999,0.0233,1e-4,3e-4,68.6132,75.4044,69.953,85.6817,0.01265,0.0138,0.0127,0.0142,0.0012373505,0.003331102,0.1310517335,0.143042204,0.1318674195,0.147382963,-0.00452499999999999,-0.00295,-0.0014,-0.0012,-3.7037500000000065,7.342100000000002,4.10295,18.14240000000001,-0.00334999999999999,-0.00145,-0.003075,-6.499999999999995e-4,-0.00994241875,-0.0082284315,0.01569323200000001,0.03647668899999999,0.01453773224999999,0.04156525400000001,1.285714285714286e-4,0.02389999999999998,49.51183571428568,68.44575476190472,0.01335714285714285,0.01097142857142856,NA,-0.00249999999999997,36.456178571428616,-20.21867857142843,-0.00528571428571427,0.00285714285714286,NA,NA,NA,31.62630952380942,0.00642857142857142,NA,0,1,1,2,2,1,Exocoetidae_Cheilopogon_melanurus_N14975,Exocoetidae,717
Chiasmodon_niger,1,pelagic,niger,Chiasmodon,0.0387,9e-4,53.7334,54.0902,0.0181,0.0174,0.01204999999999999,-5e-4,-17.047299999999993,-13.449099999999994,0.0023,0.0023,0.0366,0.0387,0.00159999999999999,0.004,56.89505,78.1076,58.22735,69.614,0.01805,0.0211,0.01809999999999999,0.0206,0.0095745795,0.024634093,0.1109191465,0.129974975,0.1114110435,0.127079167,0.009675,0.01204999999999999,-1.0000000000000005e-4,0.0025,-15.421900000000008,0.04579999999999984,-7.622700000000002,1.1209500000000077,0.00204999999999999,0.0055,0.002275,0.0049,-0.00240950075,0.01396647649999999,-0.00174687924999999,0.00994719449999999,-0.00423291325,0.00226900399999999,0.00369999999999999,0.01166666666666663,139.30134999999984,119.83487380952371,0.02307142857142856,0.01819999999999999,-0.00328571428571428,0.07535714285714294,-227.2865357142852,-147.84253571428542,-0.00764285714285713,NA,NA,-0.05309523809523816,150.4324999999996,79.27011904761882,NA,NA,1,2,2,2,1,0,Chiasmodontidae_Chiasmodon_niger_E01115,Chiasmodontidae,1904
Coryphaena_hippurus,1,pelagic,hippurus,Coryphaena,0.0307,0.0022,60.8211,64.4094,0.0166,0.0158,0.00405,8.000000000000001e-4,-9.959599999999996,-3.129899999999992,7.999999999999986e-4,7.000000000000027e-4,0.0287,0.0307,0.002,0.0023,70.26425,86.9286,66.78975,72.4049,0.0168,0.0286,0.01605,0.0211,0.0242508365,0.028170164,0.2036825345,0.34669715,0.194578264,0.256307667,0.001525,0.00405,3.25e-4,8.000000000000001e-4,-4.882325000000002,18.86630000000001,0.15184999999999604,4.444600000000008,8.000000000000004e-4,0.01365,5.249999999999994e-4,0.00625,0.012304126,0.01660436849999999,0.091551885,0.24364273400000003,0.08066485825,0.15048995800000003,0.00177142857142857,-0.0102238095238094,29.518069047619235,72.06205714285714,0.02193095238095234,0.02722142857142848,NA,0.15057142857142816,195.3636071428565,NA,-0.02803571428571416,-0.05646428571428542,NA,-0.13690476190476158,-210.6951190476185,NA,0.0286904761904761,0.06107142857142835,0,2,2,0,2,2,Coryphaenidae_Coryphaena_hippurus_E00937,Coryphaenidae,1046
Coryphaenoides_filifer,1,benthic,armatus,Coryphaenoides,0.0332,0.0018,49.9003,54.1888,0.0148,0.0145,0.00655,4e-4,-20.880399999999995,-13.350499999999997,-0.001,-5.999999999999981e-4,0.0306,0.0332,0.00185,0.0023,69.98365000000001,84.9295,66.461,72.5872,0.01685,0.0186,0.01625,0.0183,0.014444096,0.017832215,0.130531638,0.144179005,0.1260001525,0.141996085,0.003125,0.00655,4.5e-4,7.000000000000001e-4,-3.642575000000001,6.867699999999999,-0.14827499999999816,5.9090499999999935,0.001,0.0023,4.749999999999998e-4,0.00244999999999999,0.00396241599999999,0.0065536885,0.01167206274999999,0.03076875649999999,0.008237486,0.02619525049999999,0.00187142857142857,0.01272857142857142,97.8116428571428,52.44714999999997,0.01624285714285714,-0.00233809523809521,NA,0.04864285714285713,-46.105428571428526,143.20210714285713,NA,0.07585714285714276,NA,-0.0307142857142857,NA,-183.0803571428571,NA,-0.06904761904761897,0,2,1,2,0,2,Macrouridae_Coryphaenoides_armatus_M20312,Macrouridae,611
Ctenochaetus_strigosus,1,demersal,strigosus,Ctenochaetus,0.0468,0.002,60.8763,57.9977,0.0231,0.0232,0.02015,6.000000000000001e-4,-9.904399999999995,-9.541599999999995,0.00729999999999999,0.0081,0.0431,0.0468,0.00219999999999999,0.0034,59.407799999999995,75.2856,60.9401,63.0501,0.02105,0.0231,0.02235,0.0232,0.01258034649999999,0.019489268,0.121688823,0.133555296,0.129361902,0.13446861,0.015425,0.02115,6e-4,0.00189999999999999,-12.768675000000002,-2.776200000000003,-7.812899999999999,-3.237250000000003,0.0051,0.00764999999999999,0.00644999999999999,0.0081,6.336359999999999e-4,0.0088216515,0.00505372524999998,0.02741199500000001,0.01216728774999999,0.02625119599999999,0.0113492857142857,0.01441142857142857,59.60843333333335,140.9654028571429,0.01590095238095238,0.01570380952380953,-0.02956071428571425,0.06897142857142859,NA,-239.1564714285715,0.00848571428571429,0.00794285714285712,0.02232142857142855,-0.03714285714285718,NA,164.9964285714287,NA,NA,2,2,0,2,1,1,Acanthuridae_Ctenochaetus_strigosus_E00050,Acanthuridae,1603
Cyprinus_carpio,1,demersal,carpio,Cyprinus,0.0342,0.0011,56.0173,57.3523,0.016,0.0166,0.00755,-2.999999999999999e-4,-14.763399999999995,-10.186999999999998,1.999999999999988e-4,0.0015,0.0359,0.0385,0.00124999999999999,0.0014,55.77055,60.6545,53.1185,63.0857,0.01595,0.0169,0.01625,0.0166,0.00813157,0.009552644,0.1061898675,0.112300035,0.107886869,0.110642931,0.008675,0.0109,-3.0000000000000014e-4,2.000000000000001e-4,-17.057425000000006,-11.000099999999996,-13.639000000000005,-6.467950000000002,3.999999999999993e-4,0.0011,7.25e-4,0.0015,-0.00334934275,0.0013242125,-0.00630962549999999,0.00310701,-0.00887062225,0.00110069399999999,0.0012,0.01427000000000004,106.80162000000009,112.87969142857148,0.01613333333333333,0.01541666666666667,NA,0.07994999999999992,-212.23451428571457,-199.57144285714296,NA,NA,NA,-0.06749999999999999,184.5057142857146,156.27357142857156,NA,NA,0,2,2,2,0,0,Cyprinidae_Cyprinus_carpio_I2598-58,Cyprinidae,127
Diplectrum_formosum,1,demersal,formosum,Diplectrum,0.0403,9e-4,55.1633,59.9662,0.0185,0.0195,0.01365,-5e-4,-15.617399999999996,-7.573099999999997,0.00269999999999999,0.0044,0.0395,0.0414,0.00109999999999999,0.0016,64.63785,81.5709,60.102450000000005,68.6061,0.01979999999999999,0.021,0.01995,0.0223,0.005286494,0.008010707,0.098132013,0.103946503,0.0990065745,0.110456622,0.0122,0.01655,-5e-4,-4.9999999999999914e-5,-8.988375000000005,3.5090999999999894,-5.526074999999999,0.1130500000000012,0.00375,0.0048,0.0045,0.0066,-0.005845771,-0.0042260965,-0.01795666625,-0.0102440535,-0.015952755,-0.01412107000000001,-0.00269571428571429,0.03309047619047622,78.9401971428572,103.82940190476197,0.02512380952380953,0.00952642857142863,0.01350714285714288,0.00914285714285712,-28.63945714285719,-63.38602857142861,-0.00785714285714286,0.04242499999999988,-0.01107142857142859,NA,NA,NA,NA,-0.03982142857142852,2,1,1,1,1,2,Serranidae_Diplectrum_formosum_E01002,Serranidae,1170
Discherodontus_ashmeadi,1,benthic,ashmeadi,Discherodontus,0.0293,7e-4,69.7704,73.7364,0.017,0.0173,0.00264999999999999,-7e-4,-1.0103000000000009,6.197100000000006,0.00119999999999999,0.0022,0.02805,0.0297,0.0011,0.0018,73.0206,80.5384,66.5378,75.5482,0.01639999999999999,0.0174,0.01625,0.0173,0.0062516325,0.010475918,0.0949823625,0.100794654,0.0939232275,0.09990842,0.001375,0.00284999999999999,-4.7499999999999994e-4,2.000000000000001e-4,-0.08157500000000084,5.821600000000004,0.6877500000000012,6.197100000000006,7.00000000000001e-4,0.00194999999999999,3.499999999999979e-4,0.0022,-0.0052005775,-6.868499999999889e-6,-0.0183726005,-0.00526555299999999,-0.02327138675,-0.00910037999999999,0.00116666666666666,0.01532785714285715,74.40435071428564,127.51614500000028,0.01386380952380952,0.01341619047619049,NA,0.03818928571428576,-52.99136785714256,-164.52492500000088,0.00354285714285714,0.00425714285714283,NA,-0.02660714285714292,61.64410714285693,116.67625000000068,NA,NA,0,2,2,2,1,1,Cyprinidae_Discherodontus_ashmeadi_I2636-31,Cyprinidae,150
Engraulis_mordax,1,pelagic,mordax,Engraulis,0.0221,0.0037,66.6119,60.0543,0.0117,0.0119,-0.00454999999999999,0.0023,-4.16879999999999,-7.484999999999999,-0.0041,-0.00319999999999999,0.0225,0.0237,0.0038,0.0042,69.2332,77.2323,63.42855,74.6092,0.0124,0.0138,0.01275,0.014,0.03122591,0.03491269,0.1021684975,0.113452279,0.104766001,0.115239808,-0.00457499999999999,-0.00195,0.00225,0.0026,-4.188974999999999,-0.7941500000000019,-2.6068500000000014,9.883700000000005,-0.0036,-0.00249999999999999,-0.0027,-0.00194999999999999,0.0197260825,0.023220768,-0.01380245949999999,4.2030499999998194e-5,-0.0129988475,-0.003348586,-7.04761904761898e-4,0.02258571428571428,57.51006190476186,47.99550952380939,0.00839523809523809,0.00979285714285711,0.0159285714285714,NA,53.45507142857163,106.59264285714316,0.01942857142857142,0.01310714285714293,-0.01309523809523807,NA,-61.08404761904778,-109.94380952380972,-0.0188095238095238,-0.01321428571428577,2,0,2,2,2,2,Engraulidae_Engraulis_mordax_eurystole_E00351,Engraulidae,55
Equetus_lanceolatus,1,demersal,acuminatus,Pareques,0.0415,0,42.1994,40.0347,0.0152,0.0143,0.01485,-0.0014,-28.5813,-27.504599999999996,-6.000000000000016e-4,-7.999999999999986e-4,0.0412,0.0415,7e-4,0.002,42.1031,65.004,40.239,42.7697,0.0149,0.0156,0.0136,0.0148,0.004568004,0.013239243,0.1002989315,0.105231294,0.0914124035,0.099874061,0.013525,0.01655,-7.000000000000001e-4,2.000000000000001e-4,-29.134225000000004,-13.0578,-27.144275,-24.039050000000003,-7.000000000000001e-4,0,-0.00222499999999999,-4.99999999999997e-5,-0.00539217275,9.630044999999996e-4,-0.011855298,-0.00487841799999999,-0.02630490525,-0.00594364799999999,6.571428571428571e-4,-0.00794523809523815,168.5294642857141,199.1037999999997,0.02725476190476188,0.01481428571428571,NA,0.1343214285714287,-415.40374999999955,-457.71078571428455,-0.0518214285714285,NA,NA,-0.089404761904762,314.22535714285686,319.5428571428563,0.0434523809523809,NA,0,2,2,2,2,0,Sciaenidae_Pareques_acuminatus_E01050,Sciaenidae,1536
Fundulus_heteroclitus,1,demersal,heteroclitus,Fundulus,0.0248,5e-4,71.7341,73.2634,0.015,0.0145,-0.00185,-9e-4,0.953400000000002,5.724100000000007,-8.000000000000021e-4,-5.999999999999981e-4,0.02475,0.0276,9e-4,0.0018,70.4417,72.8315,71.46955,74.3999,0.01449999999999999,0.0151,0.0145,0.0152,0.00482441699999999,0.009552037,0.07729654250000001,0.080603292000000007,0.0773082665,0.081065974,-0.001825,5.999999999999998e-4,-8.25e-4,1.9999999999999987e-4,-2.457800000000006,1.8878000000000128,4.712049999999998,5.724100000000007,-0.00115,-5.500000000000001e-4,-7.250000000000008e-4,-4.999999999999987e-4,-0.007432104,-0.002139885,-0.035392941,-0.02647535899999999,-0.03784827075,-0.031107258,-0.00314999999999999,0.01972380952380949,120.46112142857126,120.10996904761892,0.02254761904761902,0.0147,0.01582142857142855,0.02250000000000009,-180.06282142857094,-149.46603571428534,-0.02278571428571421,NA,-0.01392857142857141,-0.0202380952380953,146.8646428571425,107.17630952380928,0.01523809523809519,NA,2,2,2,2,2,0,Fundulidae_Fundulus_heteroclitus_G01293,Fundulidae,742
Gadopsis_marmoratus,1,demersal,marmoratus,Gadopsis,0.0196,0.0013,71.6187,71.2061,0.012,0.0114,-0.00705,-1.0000000000000005e-4,0.8380000000000081,3.666800000000009,-0.0038,-0.00369999999999999,0.0223,0.0252,0.00124999999999999,0.0014,72.0073,83.5253,74.25200000000001,79.4067,0.0133,0.0164,0.01295,0.0145,0.010094157,0.011255869,0.107520535,0.132644071,0.1044890395,0.117104861,-0.004425,-0.00179999999999999,-4.000000000000001e-4,-1.0000000000000005e-4,1.0415000000000063,6.352099999999993,8.40195,10.961300000000008,-0.00287499999999999,5.999999999999998e-4,-0.00295,-0.00119999999999999,-0.00169077875,5.882524999999989e-4,-0.00594429424999999,0.01495270099999999,-0.01228015349999999,-0.001698848,0.00237857142857142,0.02022857142857143,97.94209523809508,131.1814333333332,0.01774285714285713,0.01972857142857141,-0.00196428571428571,0.01678571428571429,-56.30099999999953,-149.76321428571384,-0.00742857142857141,-0.00928571428571426,NA,-0.02,28.511190476190144,91.5052380952378,NA,NA,1,2,2,2,1,1,Percichthyidae_Gadopsis_marmoratus_E01144,Percichthyidae,1075
Halieutichthys_aculeatus,1,benthic,aculeatus,Halieutichthys,0.0336,6e-4,66.2503,64.1147,0.0207,0.0154,0.00694999999999999,-8e-4,-4.5304,-3.424599999999998,0.00489999999999999,3.0000000000000165e-4,0.0487,0.0705,3e-4,8e-4,49.043099999999995,73.8169,52.366,83.0822,0.02055,0.0214,0.01975,0.0242,0.00037782100000000003,9.9775e-4,0.0249493035,0.026039131,0.024006798,0.029477448,0.022925,0.0435,-0.00109999999999999,-8e-4,-24.01895,1.5855499999999978,-15.650174999999996,18.060249999999996,0.00465,0.00559999999999999,0.003875,0.0085,-0.01078600675,-0.0082284315,-0.089006631,-0.081439048,-0.092526166000000007,-0.08467672799999999,3.666666666666667e-4,0.1038990476190477,1.6623323809523682,11.217402857142844,0.02837333333333334,0.01347857142857153,NA,-0.08248571428571434,81.0405142857143,61.19345714285715,-0.0136,0.02746428571428542,NA,NA,NA,NA,NA,-0.02464285714285695,0,1,1,1,1,2,Ogcocephalidae_Halieutichthys_aculeatus_E01122,Ogcocephalidae,1376
Hemitaurichthys_polylepis,1,pelagic,polylepis,Hemitaurichthys,0.0411,7e-4,75.663,69.3989,0.0245,0.024,0.01444999999999999,-7e-4,4.882300000000001,1.8596000000000004,0.0087,0.0089,0.0412,0.042,5e-4,8e-4,73.53585000000001,75.8472,70.52019999999999,72.0396,0.02365,0.0247,0.0242,0.0249,0.004201753,0.006225759,0.192580828,0.201223625,0.197199348,0.203186564,0.0141,0.015,-0.00105,-3.9999999999999986e-4,3.0020250000000033,4.882300000000001,3.032874999999997,7.017649999999989,0.007975,0.0087,0.0086,0.00909999999999999,-0.00724244225,-0.00200267249999999,0.08334544975000001,0.0895370515,0.08234341974999998,0.08521434399999998,-1.285714285714288e-4,0.01028095238095238,69.48237142857143,74.44125714285713,0.00597380952380952,0.00784285714285714,0.001,0.1001428571428572,NA,NA,0.06024999999999999,0.04835714285714282,NA,-0.07738095238095243,NA,NA,-0.04773809523809523,-0.03499999999999997,1,2,0,0,2,2,Chaetodontidae_Hemitaurichthys_polylepis_E00240,Chaetodontidae,1514
Hirundichthys_rondeletii,1,pelagic,marginatus,Hirundichthys,0.023,3e-4,78.2317,74.0818,0.0146,0.0138,-0.00365,-0.0011,7.451000000000008,6.542500000000004,-0.0012,-0.00129999999999999,0.02485,0.0285,1.5e-4,3e-4,72.4651,82.1795,68.97125,84.2623,0.01445,0.0169,0.01415,0.0162,0.001063337,0.001854023,0.0992174935,0.115658314,0.0969817595,0.110750607,-0.00214999999999999,0.00179999999999999,-0.001425,-0.0011,0.148149999999994,14.117200000000013,3.121199999999994,14.708649999999992,-0.00159999999999999,0.00194999999999999,-0.001375,0.00134999999999999,-0.01060720325,-0.0082284315,-0.012523002,0.012603898,-0.01811611575000001,0.004932898,-6.238095238095216e-4,0.02888571428571428,69.73991904761884,100.511207142857,0.01442857142857142,0.02738571428571422,0.00249999999999999,-0.00578571428571426,-42.80071428571363,-125.09067857142806,NA,-0.04342857142857122,-0.00190476190476189,NA,63.59666666666618,118.93821428571393,NA,0.03499999999999984,2,1,2,2,0,2,Exocoetidae_Hirundichthys_marginatus_E00401,Exocoetidae,718
Hypomesus_pretiosus,1,demersal,pretiosus,Hypomesus,0.0187,0.0052,84.5935,79.921,0.0131,0.0113,-0.00794999999999999,0.00379999999999999,13.81280000000001,12.38170000000001,-0.0027,-0.00379999999999999,0.018,0.0191,0.00505,0.0056,91.30665,107.3322,86.2671,91.1346,0.013,0.0136,0.0123,0.013,0.050288094,0.056059113,0.1302504385,0.136165176,0.1233645655,0.130012727,-0.00877499999999999,-0.00755,0.0036,0.00384999999999999,18.90037499999999,32.311099999999996,20.322249999999997,21.58095,-0.0027,-0.00255,-0.00322499999999999,-0.00275,0.0391456945,0.0437828745,0.02136058974999999,0.0219746195,0.00858544799999999,0.015550149,0.00278214285714285,0.00992380952380952,86.23256249999999,111.9145547619048,0.00841964285714284,0.00778333333333332,0.00271428571428571,0.02345238095238096,NA,-28.03419047619051,0.01287500000000003,0.01460714285714289,NA,-0.0161904761904762,NA,NA,-0.01017857142857145,-0.01011904761904765,1,2,0,1,2,2,Osmeridae_Hypomesus_pretiosus_G01333,Osmeridae,475
Hypsypops_rubicundus,1,demersal,rubicundus,Hypsypops,0.0367,0.0021,70.1275,56.5581,0.0203,0.0178,0.01005,6.999999999999999e-4,-0.6531999999999982,-10.981199999999994,0.00449999999999999,0.0027,0.037,0.0398,7e-4,0.0021,68.1588,81.9042,58.051950000000005,75.8191,0.0199,0.0203,0.01905,0.0251,0.003125488,0.009759788,0.0907265195,0.092659532,0.0868343915,0.114222739,0.0098,0.0122,-7.75e-4,6.999999999999999e-4,-1.8536999999999964,3.842399999999998,-8.228674999999999,7.326050000000009,0.00424999999999999,0.00474999999999999,0.00347499999999999,0.0094,-0.007859532,-0.00185739449999999,-0.02451110549999999,-0.01335766299999999,-0.028534341,-0.01058742399999999,9.5e-4,0.01759499999999999,214.24214142857144,159.5547264285718,0.05129714285714285,0.01893333333333333,NA,0.06953928571428578,-514.7704785714288,-273.62086071428683,-0.09252857142857145,NA,NA,-0.05696428571428579,400.99535714285753,193.1544642857152,0.06357142857142861,NA,0,2,2,2,2,0,Pomacentridae_Hypsypops_rubicundus_E00459,Pomacentridae,777
Labroides_dimidiatus,1,demersal,dimidiatus,Labroides,0.037,0.0013,43.6979,49.3365,0.0143,0.0145,0.01034999999999999,-1.0000000000000005e-4,-27.0828,-18.202799999999996,-0.0015,-5.999999999999981e-4,0.0355,0.037,0.0012,0.0023,51.58875,54.6429,52.0855,58.6546,0.01525,0.0168,0.01555,0.0172,0.0113650825,0.021207942,0.142362987,0.157184334,0.144900938,0.160487514,0.00834999999999999,0.01034999999999999,-3.0000000000000003e-4,8.000000000000001e-4,-21.024225,-20.009850000000007,-14.672,-6.070899999999995,-1.2499999999999924e-4,9.999999999999974e-4,-2.5000000000000196e-4,0.00139999999999999,-2.8946975000000014e-4,0.0105403255,0.03413065475000001,0.03966149249999999,0.0265777085,0.04251529399999999,0.00808571428571426,0.0213761904761905,62.42247142857143,65.63638571428568,0.0126238095238095,0.01548571428571428,-0.02221428571428565,0.04342857142857135,-14.507428571428566,-22.81314285714281,0.01442857142857148,NA,0.0171428571428571,-0.03119047619047613,NA,NA,-0.01452380952380956,NA,2,2,1,1,2,0,Labridae_Labroides_dimidiatus_E00848,Labridae,1657
Lagodon_rhomboides,1,demersal,rhomboides,Lagodon,0.0338,0.0021,68.7138,51.4246,0.0162,0.0168,0.00714999999999999,6.999999999999999e-4,-2.0668999999999897,-16.1147,3.999999999999976e-4,0.0017,0.03485,0.0377,0.0021,0.0025,55.5163,68.7138,51.3086,60.642,0.01565,0.0162,0.01595,0.0168,0.013499856,0.015902706,0.0999145465,0.103713389,0.101730321,0.107426023,0.0077,0.01069999999999999,4.999999999999999e-4,0.001,-16.922825000000003,-2.0668999999999897,-14.972025000000002,-8.911650000000002,-2.999999999999982e-4,9.500000000000012e-4,5.249999999999994e-4,0.0017,0.0015531455,0.0055878215,-0.0167865985,-0.001641083,-0.01636026075,-0.00329351100000001,4.1809523809523694e-4,0.00677500000000006,134.4809492857141,54.62563333333336,0.01535,0.01448333333333333,0.00222857142857142,0.097767857142857,-310.009846428571,NA,NA,NA,NA,-0.07839285714285708,256.39660714285696,NA,NA,NA,1,2,2,0,0,0,Sparidae_Lagodon_rhomboides_G01346,Sparidae,1480
Lepidogalaxias_salamandroides,1,demersal,salamandroides,Lepidogalaxias,0.0213,0.0051,76.284,81.6175,0.0126,0.0144,-0.00535,0.0037,5.50330000000001,14.07820000000001,-0.0032,-6.999999999999992e-4,0.02345,0.0266,0.00675,0.0078,82.6818,94.1254,81.29745,86.065,0.01589999999999999,0.0168,0.0162,0.0173,0.076693448,0.089198669,0.181360584,0.191415648,0.1840139325,0.196941589,-0.00422499999999999,-1.0000000000000286e-4,0.005175,0.0062,6.36365,21.894049999999993,15.374199999999997,19.386849999999995,-3.499999999999996e-4,0.00119999999999999,4.249999999999983e-4,0.00135,0.065241237999999993,0.07750674699999999,0.067410579,0.073617641,0.06370843375,0.078353195,0.00571071428571428,0.02384940476190476,69.90397380952378,82.44617499999997,0.01373035714285713,0.01303869047619048,0.00929761904761904,0.01519642857142855,17.192047619047646,NA,0.01630357142857145,0.01816071428571427,-0.01154761904761904,-0.02315476190476189,NA,NA,-0.01946428571428574,-0.02208333333333333,2,2,1,0,2,2,Lepidogalaxiidae_Lepidogalaxias_salamandroides_G01350,Lepidogalaxiidae,449
Lepomis_macrochirus,1,demersal,macrochirus,Lepomis,0.0302,9e-4,63.4564,60.3667,0.0164,0.015,0.00355,-5e-4,-7.324299999999994,-7.172599999999996,5.999999999999998e-4,-9.99999999999994e-5,0.0306,0.0316,0.00155,0.0023,65.8125,82.8093,58.9799,73.477,0.01675,0.0178,0.01555,0.0186,0.0094460095,0.014226289,0.102509324,0.108611543,0.0947981485,0.113648014,0.003875,0.00545,5.000000000000002e-5,6.5e-4,-4.08605,7.788199999999989,-7.300725,3.9233499999999992,9.499999999999996e-4,0.00244999999999999,-1.0000000000000112e-4,0.00294999999999999,-8.063254999999998e-4,0.00198948549999999,-0.01225795924999999,0.00328834499999999,-0.02043379075,0.00286614,0.00156666666666666,0.02517214285714285,169.27851285714289,165.03680642857216,0.04382071428571439,0.03010357142857149,NA,0.01945357142857145,-385.29990714285736,-285.1644892857166,-0.09127500000000031,-0.04266071428571447,NA,-0.01553571428571431,311.4982142857146,196.0458928571447,0.06946428571428596,0.03160714285714301,0,2,2,2,2,2,Centrarchidae_Lepomis_macrochirus_E01113,Centrarchidae,1088
Lumpenus_sagitta,1,benthic,fabricii,Lumpenus,0.0143,0.0023,71.6523,75.7997,0.0087,0.0087,-0.01235,9e-4,0.8716000000000008,8.260400000000004,-0.0071,-0.00639999999999999,0.0156,0.016,0.0022,0.0024,71.81784999999999,77.1991,76.5178,77.6269,0.0093,0.0099,0.00935,0.0097,0.0326488735,0.035146335,0.13944698449999998,0.148450525,0.1400494565,0.144812641,-0.01139999999999999,-0.0109,6e-4,9e-4,-1.1037000000000037,0.8716000000000008,9.604575000000004,12.758800000000008,-0.0069,-0.0058,-0.00632499999999999,-0.00609999999999999,0.02131479875,0.0228700965,0.02507417299999999,0.03075915499999999,0.01993665674999999,0.02622424699999999,-6.440476190476155e-4,0.01191190476190475,59.80318690476187,76.62183511904766,0.0060797619047619,0.00633273809523809,0.01088095238095237,0.01546428571428575,57.259511904762,6.074910714285549,0.01402380952380951,0.01336309523809525,-0.00976190476190475,-0.01511904761904765,-46.76202380952389,-20.508869047618923,-0.01357142857142856,-0.01315476190476192,2,2,2,2,2,2,Stichaeidae_Lumpenus_fabricii_E00361,Stichaeidae,1241
Malacocottus_zonurus,1,benthic,zonurus,Malacocottus,0.0274,0.0035,73.2983,75.761,0.017,0.0159,7.500000000000007e-4,0.0021,2.5176000000000016,8.221699999999998,0.00119999999999999,8.000000000000021e-4,0.0288,0.0313,0.00319999999999999,0.0035,73.6054,92.1056,76.1802,82.2953,0.0175,0.0208,0.01755,0.0196,0.012518634,0.013752321,0.0684050635,0.08105618,0.068476381,0.076492137,0.0025,0.0043,0.00165,0.0021,3.5271000000000043,14.04379999999999,9.248825000000004,13.80225,0.00174999999999999,0.0052,0.0017,0.0039,9.69521e-4,0.0047088065,-0.044146018,-0.03595992499999999,-0.047958536,-0.047248503,0.00315,0.03305047619047621,87.27966190476198,76.11788333333337,0.02309619047619049,0.03225785714285713,NA,-0.00625714285714287,-17.777428571428633,NA,-0.00894285714285715,-0.04047499999999997,NA,NA,NA,NA,NA,0.02660714285714284,0,1,1,0,1,2,Psychrolutidae_Malacocottus_zonurus_E00253,Psychrolutidae,1289
Malacosteus_niger,1,pelagic,niger,Malacosteus,0.0256,0.003,71.9536,68.615,0.0149,0.0142,-0.00104999999999999,0.0016,1.1728999999999985,1.0756999999999977,-9.000000000000015e-4,-8.99999999999998e-4,0.0271,0.0278,0.0029,0.0039,82.09145,89.6855,79.7671,87.1677,0.01785,0.0192,0.01725,0.0192,0.027980256,0.037652559,0.17116765150000002,0.184340253,0.1659010215,0.184010343,-4.749999999999998e-4,0.00109999999999999,0.001375,0.0023,6.944874999999989,17.28295,13.009600000000006,22.4422,0.0019,0.00299999999999999,0.00139999999999999,0.00339999999999999,0.01605326299999999,0.025960637,0.054448637,0.07014969650000001,0.04559552274999999,0.06603812299999999,0.00273988095238095,0.02082678571428572,49.54632916666668,33.028033928571446,0.00962202380952382,0.0049404761904762,0.0036845238095238,0.03279166666666661,164.5158511904761,228.69673214285703,0.04602976190476185,0.05952380952380948,-0.00494047619047618,-0.03577380952380948,-180.25446428571425,-233.3123214285714,-0.05267857142857139,-0.0607142857142857,2,2,2,2,2,2,Stomiidae_Malacosteus_niger_E00783,Stomiidae,507
Menidia_beryllina,1,demersal,beryllina,Menidia,0.0234,2e-4,61.6318,67.3208,0.0136,0.0119,-0.00324999999999999,-0.0012,-9.148899999999998,-0.2184999999999917,-0.0022,-0.00319999999999999,0.02465,0.0261,4.5e-4,9e-4,63.3786,66.5235,63.0846,67.3208,0.01295,0.0144,0.01215,0.0141,0.0030111965,0.006614462,0.094677625,0.105582825,0.0886363245,0.102905467,-0.00272499999999999,-5.999999999999998e-4,-0.0012,-6.000000000000001e-4,-9.107625000000002,-4.470099999999995,-4.109200000000001,-0.2184999999999917,-0.00325,-0.00119999999999999,-0.0033,-0.00184999999999999,-0.0081734855,-0.0040531545,-0.0191227775,-0.01033687749999999,-0.02520816549999999,-0.015682927,-0.00136428571428571,0.01765476190476189,49.683349999999955,63.23255714285714,0.00570952380952383,0.01284285714285714,0.0074642857142857,0.0313928571428572,19.577250000000056,NA,0.0252857142857142,NA,-0.00678571428571428,-0.03083333333333338,NA,NA,-0.0216666666666666,NA,2,2,1,0,2,0,Atherinopsidae_Menidia_beryllina_E00174,Atherinopsidae,749
Microgadus_proximus,1,demersal,proximus,Microgadus,0.0218,0.0015,77.1872,73.7433,0.0142,0.0126,-0.00485,1.0000000000000005e-4,6.406500000000008,6.204000000000008,-0.0016,-0.00249999999999999,0.02215,0.0231,0.00185,0.0023,79.80015,88.1967,80.80879999999999,94.3238,0.0149,0.0164,0.0147,0.0164,0.0146121715,0.018800033,0.119902659,0.131276067,0.117935926,0.132003112,-0.00462499999999999,-0.00315,1.7500000000000005e-4,6.999999999999999e-4,8.295950000000005,15.794150000000002,14.958749999999997,25.83075000000001,-9.499999999999996e-4,2.0000000000000223e-4,-0.0012,7.000000000000027e-4,0.002801588,0.007108111,0.00511950624999999,0.01708551049999999,7.41311750000001e-4,0.007192949,-4.3809523809523493e-4,0.02132857142857142,102.90025476190463,69.04126428571425,0.01469285714285712,0.00801190476190477,0.0087142857142857,NA,-15.698321428571148,60.8599642857144,0.00796428571428577,0.02803571428571425,-0.00761904761904761,NA,-26.32583333333353,-60.42392857142864,-0.01250000000000004,-0.02511904761904759,2,0,2,2,2,2,Gadidae_Microgadus_proximus_E00333,Gadidae,634
Mugil_cephalus,1,pelagic,cephalus,Mugil,0.0354,7e-4,61.877,61.2156,0.0182,0.0177,0.00875,-7e-4,-8.903699999999994,-6.323699999999995,0.00239999999999999,0.0026,0.03725,0.0396,6.000000000000001e-4,8e-4,58.1031,62.3396,54.2209,61.2156,0.018,0.0182,0.01745,0.018,0.00344954399999999,0.004892389,0.1058095385,0.106906248,0.1028881485,0.105680166,0.010025,0.012,-8.75e-4,-6.999999999999999e-4,-14.213850000000008,-5.722699999999996,-12.252225,-6.323699999999995,0.00185,0.00294999999999999,0.0017,0.0026,-0.00760715375,-0.0051933785,-0.00719966149999999,0.002137184,-0.01204524324999999,-0.00628539700000001,-3.4761904761904637e-4,0.02260476190476187,41.76803571428573,41.967754761904665,0.00614285714285713,0.00914523809523808,0.00314285714285713,0.0545000000000001,20.502035714285707,31.38696428571457,0.03592857142857144,0.02260714285714288,-0.00238095238095237,-0.04690476190476198,NA,-9.355119047619253,-0.02714285714285715,-0.01416666666666669,2,2,1,2,2,2,Mugilidae_Mugil_cephalus_E00049,Mugilidae,817
Myoxocephalus_polyacanthocephalus,1,benthic,polyacanthocephalus,Myoxocephalus,0.0249,0.0025,83.9603,81.2272,0.0176,0.0154,-0.00175,0.0011,13.179600000000008,13.6879,0.00179999999999999,3.0000000000000165e-4,0.02575,0.0293,0.0026,0.0034,79.8681,111.8336,78.887200000000007,90.5408,0.0172,0.0209,0.01645,0.0179,0.0071023575,0.009270662,0.046723877,0.056775106,0.044718726,0.04877354,-0.00115,0.0023,0.00105,0.00174999999999999,8.566725000000005,33.7718,11.079625,22.047750000000008,0.00157499999999999,0.00529999999999999,5.750000000000009e-4,0.0022,-0.0046689365,-0.0029661415,-0.0658565255,-0.05871923599999999,-0.07173661675000001,-0.067410939,-0.00573571428571429,0.02943714285714287,78.26158333333338,215.43228357142831,0.02021333333333334,0.03459714285714291,0.02875000000000004,-0.00505714285714287,NA,-384.5691464285706,-0.0062,-0.04788571428571445,-0.02321428571428576,NA,NA,263.87589285714233,NA,0.03142857142857155,2,1,0,2,1,2,Psychrolutidae_Myoxocephalus_polyacanthocephalus_E00267,Psychrolutidae,1298
Myripristis_jacobus,1,demersal,murdjan,Myripristis,0.0348,0.0014,70.5367,64.3393,0.0193,0.0189,0.00814999999999999,0,-0.24399999999999977,-3.200000000000003,0.00349999999999999,0.0038,0.0355,0.0375,0.0018,0.0035,64.2381,86.9638,61.60095,73.0421,0.01875,0.0234,0.01885,0.0221,0.0078157805,0.015134502,0.08078366649999999,0.100758822,0.081359966,0.095412051,0.009275,0.0104,3.4999999999999994e-4,0.00185,-6.222525000000001,8.902000000000001,-4.679675000000003,3.4884500000000003,0.00324999999999999,0.0078,0.0034,0.0064,-0.00339898775,0.00289769849999999,-0.03035898,-0.0192689585,-0.0331331565,-0.02020703,-0.01033285714285714,0.02938500000000003,174.68503928571454,168.11419642857155,0.04793071428571434,0.04370571428571433,0.03727857142857144,0.02647499999999993,-385.8206964285723,-301.2072678571432,-0.09328214285714304,-0.07372857142857156,-0.02678571428571431,-0.02374999999999995,305.93910714285795,211.24482142857175,0.06982142857142874,0.05214285714285726,2,2,2,2,2,2,Holocentridae_Myripristis_murdjan_M17691,Holocentridae,670
Nannaethiops_unitaeniatus,1,demersal,ansorgii,Neolebias,0.0315,8e-4,67.5097,71.1127,0.0178,0.018,0.00485,-6e-4,-3.271000000000001,3.5734000000000066,0.00199999999999999,0.0029,0.03195,0.033,0.00115,0.0015,67.64519999999999,76.5354,64.14435,78.5526,0.0175,0.0207,0.01745,0.0204,0.007955212,0.010319145,0.1225153045,0.145359295,0.1225877705,0.143305911,0.00482499999999999,0.00815,-5.250000000000001e-4,0,-5.216475000000003,8.473100000000002,-2.464924999999998,8.998949999999994,0.00164999999999999,0.00575,0.00172499999999999,0.00555,-0.0042244285,-3.48471500000001e-4,0.00696449524999999,0.042304879,0.00266845374999998,0.03748820200000001,-0.00329047619047618,0.02952857142857141,146.14179047618998,69.54809999999999,0.02805238095238088,0.03007142857142851,0.01607142857142855,0.00364285714285715,-295.0428571428557,NA,-0.04192857142857121,-0.04607142857142839,-0.01380952380952379,NA,246.5095238095228,NA,0.03690476190476174,0.03928571428571415,2,1,2,0,2,2,Distichodontidae_Neolebias_ansorgii_P02_G08_RG68,Distichodontidae,342
Nealotus_tripes,1,pelagic,tripes,Nealotus,0.0254,0.0016,48.9527,52.8184,0.0107,0.0108,-0.00125,2.000000000000001e-4,-21.827999999999996,-14.7209,-0.0051,-0.00429999999999999,0.02565,0.026,0.00174999999999999,0.0027,49.08955,51.6762,50.95195,66.1721,0.01075,0.0113,0.0106,0.0114,0.033078762,0.049317706,0.19931071,0.209555364,0.197780516,0.212244727,-0.00149999999999999,-8.000000000000021e-4,2e-4,0.0015,-24.325175000000005,-20.555150000000005,-15.619025,-3.3815500000000043,-0.005,-0.0049,-0.00455,-0.00429999999999999,0.02109468175,0.0410892745,0.08542965375,0.0957909685,0.08885686749999999,0.093656333,0.00189999999999999,0.01091488095238095,82.14676428571416,62.26314166666662,0.00593749999999999,0.00474702380952381,NA,0.05304166666666665,-143.1253571428567,-24.04141666666663,0.01576785714285716,0.02537499999999997,NA,-0.04422619047619047,138.66142857142822,NA,-0.01196428571428573,-0.02398809523809522,0,2,2,1,2,2,Gempylidae_Nealotus_tripes_E00287,Gempylidae,1953
Nectamia_fusca,1,demersal,fusca,Nectamia,0.0363,4e-4,64.9124,70.8829,0.0204,0.0196,0.00964999999999999,-0.001,-5.868299999999991,3.3436000000000092,0.0046,0.0045,0.0351,0.0369,4.5e-4,0.009,65.439,78.0513,64.78045,77.6795,0.01925,0.0208,0.01805,0.0215,0.0023016135,0.044516895,0.0953924655,0.103258252,0.0895170575,0.106633129,0.007425,0.01205,-0.001075,0.0075,-5.0045749999999956,-0.0105000000000075,-2.507350000000006,12.954000000000008,0.00345,0.00584999999999999,0.00262499999999999,0.00569999999999999,-0.0096253795,0.03384927849999999,-0.02046561949999999,2.038359999999989e-4,-0.02329641625,-0.00927609399999999,0.04160285714285713,0.00226428571428569,63.18221666666667,62.70988333333333,0.0095057142857143,0.00750857142857144,-0.11818571428571426,0.07796428571428585,NA,NA,0.01191428571428569,0.01537142857142856,0.08214285714285716,-0.04392857142857157,NA,NA,NA,NA,2,2,0,0,1,1,Apogonidae_Nectamia_fusca_E00732,Apogonidae,1720
Novumbra_hubbsi,1,demersal,hubbsi,Novumbra,0.0244,0.0034,61.3714,79.9925,0.0137,0.0147,-0.00224999999999999,0.002,-9.409299999999996,12.45320000000001,-0.0021,-3.999999999999993e-4,0.02565,0.027,0.0034,0.0036,79.08279999999999,86.4207,66.25495000000001,79.9925,0.0146,0.0149,0.0155,0.0163,0.0207062965,0.021831496,0.088567328,0.090639084,0.0939587755,0.099242713,-0.001175,-5.000000000000004e-4,0.001725,0.0024,4.80115,14.018149999999991,1.3812250000000006,12.45320000000001,-0.00139999999999999,-4.99999999999997e-5,-2.2499999999999864e-4,4.99999999999997e-4,0.00874928649999999,0.0136030645,-0.02543069,-0.01283388199999999,-0.0217101035,-0.018729507,0.00224285714285714,0.02128095238095238,98.27539047619037,92.24385714285712,0.01401428571428571,0.01452857142857142,0.0015,0.01992857142857142,-138.35435714285674,-24.517357142857087,0.009,NA,NA,-0.01952380952380952,133.76380952380924,NA,-0.00999999999999999,NA,1,2,2,1,2,0,Umbridae_Novumbra_hubbsi_G01402,Umbridae,463
Oncorhynchus_gorbuscha,1,demersal,nerka,Oncorhynchus,0.0217,0.0062,100.3343,111.9755,0.0175,0.018,-0.00494999999999999,0.0048,29.553600000000003,44.4362,0.0017,0.0029,0.02095,0.0219,0.0062,0.0073,103.99375,117.3519,111.24705,117.9191,0.01735,0.0181,0.01675,0.0181,0.052485972,0.061699555,0.1476011625,0.15420784,0.14238566749999998,0.153492975,-0.00592499999999999,-0.00455,0.00469999999999999,0.0055,31.6768,39.290099999999995,44.966425,51.24095,0.00154999999999999,0.0018,0.00104999999999999,0.0029,0.04083141975,0.0494233165,0.03585548075000001,0.04079759150000001,0.02865436225,0.04201260599999998,0.00323571428571428,0.00734642857142855,111.69947499999996,119.56047023809522,0.00629404761904762,0.0060017857142857,0.01157142857142857,0.03822619047619052,NA,-23.792559523809505,0.03207142857142857,0.03356547619047621,-0.01,-0.02583333333333337,NA,NA,-0.02333333333333333,-0.0242261904761905,2,2,0,1,2,2,Salmonidae_Oncorhynchus_nerka_mykiss_E00437,Salmonidae,466
Ophidion_scrippsae,1,demersal,holbrookii,Ophidion,0.0154,0.001,75.278,75.8081,0.0094,0.0095,-0.01125,-4e-4,4.49730000000001,8.268799999999999,-0.0064,-0.00559999999999999,0.0177,0.0209,0.00159999999999999,0.0021,77.99244999999999,84.3056,76.3866,79.5828,0.0111,0.0125,0.01125,0.0143,0.018802849,0.0238897,0.12892172400000002,0.145697081,0.131037527,0.165704992,-0.00997499999999999,-0.0058,-1.25e-4,4.999999999999998e-4,4.873075,8.194949999999992,9.723774999999996,14.85730000000001,-0.00514999999999999,-0.00329999999999999,-0.00465,-0.00139999999999999,0.006546328,0.012197778,0.0151213215,0.028005711,0.01384291274999999,0.04089482899999999,0.00121488095238095,0.02128869047619046,77.01586249999998,103.13378928571426,0.01599880952380952,0.01744166666666665,0.00400595238095238,0.00531547619047621,NA,-39.15482142857141,-0.00194047619047618,-0.01041666666666665,-0.00529761904761904,-0.01577380952380953,NA,NA,-0.00797619047619048,NA,2,2,0,1,2,1,Ophidiidae_Ophidion_holbrookii_E01033,Ophidiidae,1986
Ophiodon_elongatus,1,benthic,decagrammus,Hexagrammos,0.017,0.0022,75.9392,77.0552,0.0107,0.0111,-0.00964999999999999,8.000000000000001e-4,5.158500000000004,9.515900000000002,-0.0051,-0.00399999999999999,0.01795,0.0184,0.0019,0.003,79.64375000000001,82.419,77.2277,82.6255,0.01125,0.0125,0.0118,0.0124,0.016699848,0.026314935,0.099756736,0.110383862,0.104838241,0.110215775,-0.0092,-0.00815,3.749999999999999e-4,0.0012,6.457025000000002,10.352400000000005,11.730399999999996,15.94735,-0.00439999999999999,-0.00369999999999999,-0.00375,-0.00329999999999999,0.00504529575,0.0140386965,-0.01148632,-0.00380669449999999,-0.01110624,-0.008831799,-0.00398809523809521,0.01760952380952379,78.41107142857142,58.99038571428565,0.01207857142857141,0.00580714285714285,0.02110714285714279,0.00428571428571435,NA,71.38235714285736,0.00267857142857145,0.01932142857142857,-0.01726190476190471,-0.00595238095238099,NA,-57.90000000000017,-0.00464285714285716,-0.01535714285714286,2,2,0,2,2,2,Hexagrammidae_Hexagrammos_decagrammus_E00348,Hexagrammidae,1269
Opsanus_pardus,1,benthic,pardus,Opsanus,0.0243,6e-4,71.0247,76.1214,0.015,0.0137,-0.00235,-8e-4,0.24399999999999977,8.582099999999997,-8.000000000000021e-4,-0.00139999999999999,0.0283,0.0308,0.001,0.0038,74.51175,103.2669,71.4764,76.1214,0.0172,0.0237,0.0152,0.0179,0.0046657555,0.017211794,0.07739075000000001,0.106692063,0.068226693,0.080548939,6.250000000000006e-4,0.0038,-5.250000000000001e-4,0.00219999999999999,3.160074999999999,25.2051,4.199799999999996,8.582099999999997,9.500000000000012e-4,0.0081,-6.750000000000003e-4,0.0022,-0.00701207199999999,0.00551987199999999,-0.03672104175,-0.01333571749999999,-0.048665318,-0.044261224,0.00123333333333333,0.02800357142857153,70.34290000000001,188.73032357142853,0.02053238095238095,0.04154928571428579,NA,0.01605357142857113,NA,-305.5315321428569,-0.00848571428571429,-0.05977500000000019,NA,-0.02410714285714265,NA,197.18517857142845,NA,0.03303571428571442,0,2,0,2,1,2,Batrachoididae_Opsanus_pardus_E00513,Batrachoididae,1962
Osteoglossum_bicirrhosum,1,demersal,bicirrhosum,Osteoglossum,0.0172,0.0038,88.1847,101.0035,0.0127,0.0128,-0.00945,0.0024,17.40400000000001,33.464200000000005,-0.0031,-0.00229999999999999,0.01834999999999999,0.0191,0.00475,0.0062,98.1881,106.4079,106.72355,110.274,0.0142,0.0153,0.01475,0.0153,0.036071541,0.047071699,0.107503362,0.115762572,0.1116957745,0.115995698,-0.008725,-0.0079,0.00319999999999999,0.00439999999999999,23.041524999999993,31.38679999999999,40.851325,43.59585,-0.00204999999999999,-5.000000000000022e-4,-0.0011,-4.999999999999987e-4,0.02489177175,0.0347954605,-0.008313354,-0.001928798,-0.00860972425,-0.002554276,-0.00594999999999998,-0.0035880952380952,70.77068095238086,72.43596190476207,0.00865952380952382,0.00866666666666669,0.03839285714285707,0.07353571428571419,136.43385714285745,126.56385714285663,0.02696428571428567,0.02621428571428562,-0.03178571428571424,-0.05869047619047612,-121.0223809523812,-130.8854761904758,-0.02702380952380948,-0.0266666666666666,2,2,2,2,2,2,Osteoglossidae_Osteoglossum_bicirrhosum_E00084,Osteoglossidae,44
Parophrys_vetulus,1,benthic,vetulus,Parophrys,0.0238,0.0026,75.8051,87.2085,0.0151,0.0152,-0.00284999999999999,0.0012,5.0244,19.669200000000004,-7.00000000000001e-4,1.0000000000000112e-4,0.02345,0.0247,0.00285,0.0035,84.45760000000001,98.6408,88.91025,94.593,0.01585,0.0172,0.01555,0.0177,0.0321750175,0.039939595,0.181418122,0.19775431500000001,0.1783829995,0.203198556,-0.00379999999999999,-1.5000000000000083e-4,0.0012,0.002,9.311025,23.619699999999995,22.320475,29.867500000000007,4.0000000000000105e-4,0.00139999999999999,2.5000000000000716e-5,0.00189999999999999,0.02019093725,0.0292719785,0.069999322,0.08006294500000001,0.06388789750000001,0.085226336,0.00156666666666666,0.02815714285714285,68.11248095238093,79.3263904761903,0.01409523809523811,0.01832142857142856,0.00699999999999999,-0.01878571428571424,93.39778571428572,65.57578571428625,0.01099999999999994,-0.00353571428571427,-0.00738095238095237,0.01642857142857139,-88.25309523809524,-81.79904761904803,-0.01166666666666662,NA,2,2,2,2,2,1,Pleuronectidae_Parophrys_vetulus_E00445,Pleuronectidae,974
Percopsis_omiscomaycus,1,demersal,omiscomaycus,Percopsis,0.0273,7e-4,65.6265,71.3578,0.0159,0.0149,6.500000000000013e-4,-7e-4,-5.154200000000003,3.8185,9.99999999999994e-5,-1.999999999999988e-4,0.02595,0.0275,7e-4,9e-4,70.82005000000001,76.852,70.5769,75.0726,0.01565,0.0161,0.01495,0.0156,0.004037364,0.0051729,0.0947304225,0.09738442,0.0901133235,0.094371173,-4.5000000000000075e-4,9.499999999999996e-4,-8.25e-4,-6.999999999999999e-4,-0.9862250000000046,1.9379000000000133,2.9825250000000025,5.51894999999999,-1.499999999999991e-4,4.5000000000000075e-4,-5.749999999999991e-4,1.499999999999991e-4,-0.0074918405,-0.0049249025,-0.016829453,-0.010239151,-0.02815812875,-0.01495089999999999,-0.00187380952380952,0.01634523809523812,142.63461428571406,121.18798095238078,0.03287380952380948,0.0137142857142857,0.0084642857142857,0.03167857142857134,-245.84607142857072,-149.7078571428567,-0.05639285714285704,0.00257142857142858,-0.00654761904761903,-0.02345238095238088,193.48142857142804,104.0697619047616,0.04154761904761898,NA,2,2,2,2,2,1,Percopsidae_Percopsis_omiscomaycus_G01433,Percopsidae,588
Phalacronotus_bleekeri,1,demersal,bleekeri,Phalacronotus,0.016,2e-4,55.329,60.9369,0.0079,0.0073,-0.01065,-0.0012,-15.451699999999995,-6.602399999999996,-0.0079,-0.00779999999999999,0.01895,0.021,3e-4,5e-4,68.41775,81.4093,66.2071,85.0826,0.011,0.0141,0.01015,0.0135,0.0029740775,0.005608364,0.117401883,0.149944806,0.107952859,0.143425604,-0.00872499999999999,-0.00599999999999999,-0.00124999999999999,-9e-4,-3.899200000000007,3.3811999999999927,0.357050000000001,16.589550000000003,-0.00524999999999999,-0.00149999999999999,-0.00575,-0.00219999999999999,-0.007876807,-0.00519025349999999,0.00360148049999999,0.02991702550000001,-0.00924175524999999,0.02133043599999999,3.0000000000000003e-4,0.0150357142857143,115.75844285714282,107.56391428571423,0.01443333333333334,0.01485,NA,0.02874999999999997,-74.56557142857137,-61.46007142857136,0.00564285714285711,0.00510714285714283,NA,-0.03464285714285712,NA,NA,-0.0183333333333333,-0.01678571428571427,0,2,1,1,2,2,Siluridae_Phalacronotus_bleekeri_P02_A04_RG07,Siluridae,287
Pholis_laeta,1,demersal,ornata,Pholis,0.0148,6e-4,96.6466,50.7002,0.0076,0.0088,-0.01185,-8e-4,25.86590000000001,-16.839099999999995,-0.0082,-0.00629999999999999,0.0163,0.0172,0.001,0.0016,90.15305,98.4982,54.26075,60.6636,0.00854999999999999,0.009,0.0098,0.0105,0.017860255,0.028261639,0.153006642,0.161778302,0.1755745765,0.187457823,-0.01045,-0.00999999999999999,-5.500000000000001e-4,-1.0000000000000005e-4,14.796024999999991,26.095649999999992,-13.3061,-4.3583500000000015,-0.00764999999999999,-0.0068,-0.005975,-0.00544999999999999,0.00589589225,0.0159854005,0.03628762749999999,0.04408693200000001,0.0542506535,0.068869429,-0.00105892857142856,0.0134583333333333,54.68515,90.45096249999996,0.00729166666666665,0.00711488095238095,0.00891071428571428,0.01338095238095245,NA,NA,0.01033333333333337,0.0077797619047619,-0.00839285714285714,-0.01357142857142863,NA,NA,-0.01000000000000003,-0.00875,2,2,0,0,2,2,Pholidae_Pholis_ornata_N01732,Pholidae,1247
Phytichthys_chirus,1,benthic,violaceus,Cebidichthys,0.0149,0.0016,66.6635,54.9741,0.0067,0.0083,-0.01175,2.000000000000001e-4,-4.117199999999997,-12.565199999999995,-0.0091,-0.00679999999999999,0.0159,0.0176,0.0015,0.0023,75.2132,88.6762,57.58135,62.2479,0.00785,0.0092,0.00945,0.0107,0.0228199555,0.03562753,0.1201446675,0.141383892,0.1446158045,0.163405377,-0.01114999999999999,-0.0091,5.000000000000002e-5,6.999999999999999e-4,2.896249999999995,10.61439999999999,-9.4618,-2.4775999999999954,-0.00832499999999999,-0.00639999999999999,-0.00645,-0.00499999999999999,0.01229827999999999,0.02393560799999999,0.0063442649999999904,0.02135611150000001,0.02742119024999999,0.04198165999999999,0.00159999999999999,0.0195547619047619,65.30923809523809,61.968514880952355,0.00968571428571428,0.01036071428571428,NA,-0.00569047619047619,-12.667773809523812,105.1409107142858,0.00729761904761905,-0.0015952380952380899,NA,NA,NA,-123.8514880952382,-0.01154761904761905,-0.00333333333333333,0,1,1,2,2,2,Stichaeidae_Cebidichthys_violaceus_N30217,Stichaeidae,1236
Pimelodella_cristata,1,demersal,cristata,Pimelodella,0.0243,4e-4,73.2473,72.041,0.0144,0.0144,-0.00235,-0.001,2.4665999999999997,4.5017,-0.0014,-6.999999999999992e-4,0.02525,0.027,5.5e-4,0.0015,72.95085,75.4012,72.37559999999999,74.2281,0.01505,0.0159,0.0148,0.0165,0.0037188805,0.010148542,0.099895382,0.105426845,0.098512517,0.109584455,-0.0014,0,-8.749999999999999e-4,-2.999999999999999e-4,-1.087600000000002,2.998649999999998,5.709400000000002,9.206149999999994,-8.999999999999998e-4,9.99999999999994e-5,-8.500000000000001e-4,5.500000000000019e-4,-0.00660787449999999,-0.0021276965,-0.01221745099999999,-0.0092229215,-0.01837401025,-0.009003939,-0.00333809523809522,0.00994285714285715,130.50287380952372,91.74239285714285,0.01123809523809525,0.01236190476190473,0.01399999999999996,0.05371428571428568,-175.24639285714264,-28.748464285714252,0.01842857142857136,0.0129285714285715,-0.01119047619047616,-0.04357142857142854,126.62369047619032,NA,-0.01880952380952376,-0.01261904761904767,2,2,2,1,2,2,Heptapteridae_Pimelodella_cristata_P02_E03_RG87,Heptapteridae,332
Poecilia_reticulata,1,demersal,latipinna,Poecilia,0.0298,0.0023,65.7438,72.7947,0.0173,0.0166,0.00315,9e-4,-5.036900000000003,5.255400000000009,0.00149999999999999,0.0015,0.0311,0.0393,0.00205,0.0024,68.40215,109.7406,58.2696,78.7895,0.01645,0.0318,0.01575,0.0169,0.012136751,0.013975653,0.0977244905,0.188828935,0.093652637,0.100509113,0.00377499999999999,0.0123,4.249999999999999e-4,0.001,-1.8302750000000003,34.7195,-7.580450000000003,9.23585,7.499999999999989e-4,0.016,2.2499999999999864e-4,0.0015,3.00550499999999e-4,0.0049065805,-0.011993213,0.071137565,-0.02170307575,-0.00898639899999999,-0.00465928571428572,0.04099428571428573,7.065956190476194,111.62814285714292,0.01309428571428572,0.0187,0.01835357142857144,-0.01391428571428573,79.81565714285713,-55.107142857142925,0.00408571428571427,NA,-0.01196428571428573,NA,NA,NA,NA,NA,2,1,1,1,1,0,Poeciliidae_Poecilia_latipinna_reticulata_E01065,Poeciliidae,732
Polymixia_lowei,1,demersal,lowei,Polymixia,0.032,0.002,65.181,64.2433,0.0169,0.0174,0.00535,6.000000000000001e-4,-5.599699999999999,-3.2959999999999923,0.00109999999999999,0.0023,0.0315,0.032,0.0022,0.0032,65.40245,67.0686,62.93945,64.2433,0.01625,0.0169,0.0169,0.0174,0.017111801,0.02438258,0.1254925155,0.130298524,0.1301705345,0.134562794,0.0041,0.00704999999999999,8.000000000000001e-4,0.0014,-7.835525000000004,-5.162750000000003,-4.559449999999998,-2.065650000000005,1.7347234759768069e-18,0.00145,0.0011,0.0023,0.00715162424999999,0.0121063415,0.01169211299999999,0.02362674499999999,0.014796442,0.02384326,-0.00385476190476189,0.03808095238095233,61.82671428571428,61.709338095238024,0.01691428571428572,0.01637142857142856,0.02046428571428568,-0.02221428571428558,NA,24.909071428571668,NA,NA,-0.01559523809523807,0.01761904761904752,NA,-28.382380952381126,NA,NA,2,2,0,2,0,0,Polymixiidae_Polymixia_lowei_E01025,Polymixiidae,641
Polypterus_senegalus,1,demersal,senegalus,Polypterus,0.0248,8e-4,79.722,80.3423,0.0164,0.0157,-0.00185,-6e-4,8.941299999999998,12.802999999999995,5.999999999999998e-4,5.999999999999998e-4,0.026,0.0263,7e-4,0.0011,84.11085,98.3547,80.726,85.1025,0.0166,0.0179,0.0175,0.0188,0.005472848,0.0089444,0.129975356,0.140368315,0.1372662095,0.147224503,-0.00152499999999999,-5.999999999999998e-4,-9.5e-4,-5e-4,13.350974999999998,20.29289999999999,13.467574999999997,18.6986,5.999999999999998e-4,0.0023,0.00159999999999999,0.0031,-0.0058868085,-0.002747522,0.01784470649999998,0.02259849399999998,0.02007159524999999,0.02241434,-0.00127440476190475,0.0227845238095238,88.97218571428564,100.28969166666664,0.01457261904761904,0.01915357142857142,0.00710119047619047,0.01534523809523812,-12.35742857142851,-22.49416666666665,0.01785714285714287,-0.00414285714285713,-0.00624999999999999,-0.01654761904761908,NA,NA,-0.02047619047619048,NA,2,2,1,1,2,1,Polypteridae_Polypterus_senegalus_G01446,Polypteridae,12
Remora_remora,1,benthic,osteochir,Remora,0.0342,7e-4,50.5157,43.1141,0.0147,0.0127,0.00755,-7e-4,-20.264999999999993,-24.425199999999997,-0.0011,-0.00239999999999999,0.03215,0.0362,0.00165,0.0019,52.0248,57.6151,53.18815,54.6796,0.0148,0.0152,0.01424999999999999,0.0149,0.0112002945,0.012648291,0.101114507,0.103862122,0.097361183,0.10165309,0.00485,0.01135,0,2.999999999999999e-4,-19.481225,-16.271650000000008,-13.71895,-11.026599999999997,-0.00105,-6.000000000000016e-4,-0.00149999999999999,-7.999999999999986e-4,-2.716330000000003e-4,9.563690000000004e-4,-0.01086236699999999,-0.00725080499999999,-0.01983343125,-0.01394475399999999,-0.00194999999999999,0.02609285714285713,31.36098095238096,2.921685714285761,0.00770714285714284,-6.476190476190661e-4,0.01289285714285713,0.01039285714285715,86.29328571428569,177.85442857142837,0.02317857142857145,0.04764285714285717,-0.01107142857142856,NA,-82.61166666666665,-147.83999999999986,-0.01964285714285716,-0.03523809523809526,2,1,2,2,2,2,Echeneidae_Remora_osteochir_australis_E00503,Echeneidae,1047
Risor_ruber,1,benthic,ruber,Risor,0.0317,0.0021,69.924,53.3971,0.017,0.0156,0.00504999999999999,6.999999999999999e-4,-0.8566999999999894,-14.142199999999995,0.00119999999999999,5.000000000000004e-4,0.0361,0.0405,0.00275,0.0057,65.10425000000001,72.3713,53.79695,71.1907,0.01685,0.021,0.0168,0.0207,0.0185453435,0.038384325,0.114181297,0.141982765,0.1136585105,0.14056821,0.008425,0.0136,0.0014,0.00405,-7.957799999999999,-0.03125,-14.098374999999995,1.637050000000002,0.00147499999999999,0.0054,0.00139999999999999,0.005,0.0090973195,0.02614752149999999,0.00761871775,0.02195498450000001,0.00145545899999999,0.01575804699999999,0.0029,0.01661190476190481,174.9450261904759,143.9956690476188,0.04059523809523801,0.02253571428571429,NA,0.0830357142857142,-420.379392857142,-259.3407499999994,-0.06949999999999971,-0.00782142857142857,NA,-0.07797619047619042,335.5470238095232,192.35630952380913,0.04619047619047597,NA,0,2,2,2,2,1,Gobiidae_Risor_ruber_E00107,Gobiidae,1747
Roeboides_affinis,1,demersal,descalvadensis,Roeboides,0.0267,0.0024,71.515,71.4107,0.016,0.015,5.000000000000143e-5,9.999999999999998e-4,0.7343000000000046,3.871400000000008,1.999999999999988e-4,-9.99999999999994e-5,0.02645,0.0277,0.0023,0.0026,76.02340000000001,85.944,74.094,76.0311,0.01625,0.0178,0.01615,0.0169,0.025532654,0.028906098,0.1803677865,0.197167716,0.17892362099999998,0.187180674,-1.7499999999999807e-4,1.5000000000000083e-4,9.749999999999998e-4,0.001,3.021374999999999,7.882199999999997,6.095849999999992,11.305599999999998,5.500000000000001e-4,0.0015,3.249999999999989e-4,9.499999999999996e-4,0.015443375,0.017214176,0.0650926615,0.08375746749999999,0.05882657649999998,0.06859227999999999,-4.4285714285713823e-4,0.02204999999999999,78.51658571428568,103.37347857142852,0.01907857142857141,0.01945714285714284,0.0087142857142857,0.01767857142857141,-6.7026428571428145,-41.26596428571421,-0.00503571428571427,-0.00449999999999998,-0.00642857142857141,-0.01535714285714284,NA,NA,NA,NA,2,2,1,1,1,1,Characidae_Roeboides_descalvadensis_P3_G04_RG35,Characidae,375
Ronquilus_jordani,1,benthic,signatus,Bathymaster,0.0215,0.0013,61.6204,64.626,0.0113,0.0113,-0.00515,-1.0000000000000005e-4,-9.1603,-2.9132999999999925,-0.0045,-0.00379999999999999,0.0233,0.025,0.0013,0.0015,71.6132,74.1473,67.94345000000001,71.3196,0.01325,0.0142,0.01325,0.0152,0.0104876925,0.012355034,0.106384262,0.113839189,0.106405542,0.122404887,-0.004125,-0.0017,-1.25e-4,0,-3.348850000000006,0.9832499999999982,0.3578500000000062,4.527600000000007,-0.00284999999999999,-0.00139999999999999,-0.00265,-4.999999999999987e-4,-2.7709500000000064e-4,0.0012258745,-0.00916654725000001,-0.0031964285,-0.01078907225,-0.00240527599999999,9.047619047619152e-5,0.02444523809523812,67.52357142857144,71.55874761904757,0.01490714285714284,0.01347857142857142,0.00421428571428571,0.00496428571428565,NA,32.67985714285726,0.0031071428571429,0.00610714285714287,-0.00333333333333333,-0.01059523809523805,NA,-53.62547619047627,-0.00892857142857146,-0.01035714285714287,2,2,0,2,2,2,Bathymasteridae_Bathymaster_signatus_E00420,Bathymasteridae,1234
Salarias_fasciatus,1,benthic,fasciatus,Salarias,0.0266,8e-4,73.9117,75.8305,0.0165,0.0163,-5.000000000000143e-5,-6e-4,3.131,8.291200000000003,6.999999999999992e-4,0.00119999999999999,0.03075,0.0344,0.0018,0.0025,72.76315,77.8029,75.22775,85.4897,0.01805,0.0204,0.0182,0.0202,0.0102999105,0.014396977,0.1043956655,0.11769137,0.105048207,0.116625011,0.003075,0.00769999999999999,2.249999999999999e-4,7.000000000000001e-4,0.9295749999999998,3.131,8.471425000000004,15.936049999999994,0.0021,0.0046,0.002425,0.00439999999999999,-9.710675e-4,0.0021207385,-0.01155418825,0,-0.01505260875,-0.001347209,-8.452380952380911e-4,0.02475476190476189,52.17689999999998,36.18842619047632,0.00965238095238092,0.01019047619047619,0.0109642857142857,0.03660714285714289,33.97500000000002,122.46917857142816,0.03614285714285722,0.03371428571428571,-0.01011904761904761,-0.04083333333333337,NA,-96.69940476190445,-0.03380952380952386,-0.03119047619047618,2,2,1,2,2,2,Blenniidae_Salarias_fasciatus_E00988,Blenniidae,877
Scomber_japonicus,1,pelagic,japonicus,Scomber,0.0314,0.0021,63.2238,52.0591,0.0152,0.0149,0.00474999999999999,6.999999999999999e-4,-7.556899999999999,-15.480199999999996,-6.000000000000016e-4,-1.999999999999988e-4,0.031,0.0314,0.0025,0.003,61.134150000000005,63.2238,54.7488,58.1623,0.015,0.0157,0.01495,0.0156,0.022831279,0.027196821,0.13641062199999998,0.14310947,0.135933925,0.142105897,0.003575,0.00605,0.001,0.0014,-11.242175,-7.556899999999999,-12.666325,-6.859650000000002,-8.500000000000001e-4,-1.499999999999991e-4,-3.5000000000000135e-4,1.499999999999991e-4,0.012152426,0.01550489899999999,0.0268779865,0.03137415,0.02408996449999999,0.030668181,-0.00196190476190475,0.01464285714285711,56.10578571428571,68.80396428571424,0.01267857142857141,0.01022857142857141,0.01549999999999997,0.04500000000000006,NA,-11.391678571428509,0.00303571428571429,0.01300000000000002,-0.01238095238095236,-0.03000000000000004,NA,NA,NA,-0.00857142857142858,2,2,0,1,1,2,Scombridae_Scomber_japonicus_E00247,Scombridae,1908
Serrasalmus_rhombeus,1,demersal,rhombeus,Serrasalmus,0.0263,0.0031,88.5188,93.5196,0.0185,0.0183,-3.499999999999996e-4,0.0017,17.738100000000003,25.9803,0.00269999999999999,0.0032,0.02754999999999999,0.0314,0.00174999999999999,0.0031,90.2179,92.9137,90.3616,93.53,0.0194,0.0208,0.01935,0.021,0.0112718285,0.019571395,0.124336748,0.133468864,0.1239816265,0.134653176,-2.499999999999898e-5,0.00469999999999999,2.249999999999999e-4,0.0017,17.798325,22.801900000000003,22.245699999999992,28.508049999999997,0.00339999999999999,0.0052,0.00349999999999999,0.0053,-6.761150000000014e-5,0.00795421249999999,0.01106162399999999,0.0177887065,0.00714237599999999,0.01224346849999999,0.00195,0.03558285714285716,22.21065785714289,89.56741666666669,0.02343809523809524,0.02216380952380954,NA,-0.01274285714285715,182.3590964285715,NA,-0.00657142857142857,-0.00445714285714287,NA,NA,-116.60196428571442,NA,NA,NA,0,1,2,0,1,1,Serrasalmidae_Serrasalmus_rhombeus_P1_A02_RG27,Serrasalmidae,427
Sphyraena_sphyraena,1,pelagic,sphyraena,Sphyraena,0.032,6e-4,49.1276,44.6217,0.0126,0.0127,0.00535,-8e-4,-21.653099999999995,-22.9176,-0.0032,-0.00239999999999999,0.03425,0.0383,0.001,0.0022,42.44155,49.1276,39.4812,44.6217,0.0118,0.0126,0.0124,0.0129,0.01150162949999999,0.024806023,0.13589229549999998,0.145951715,0.1432115145,0.148764025,0.006975,0.0116,-5.500000000000001e-4,0.001,-28.30315000000001,-21.653099999999995,-27.22395,-22.9176,-0.004075,-0.0032,-0.003225,-0.00239999999999999,-4.6273325000000063e-4,0.0165775915,0.02209189299999999,0.03588097250000001,0.02796341049999999,0.035376402,-4.190476190476184e-4,0.04495238095238097,27.71792000000003,3.3781557142857213,0.00691000000000004,0.01175,0.00228571428571428,-0.0162857142857143,18.276199999999964,109.48295000000002,0.01849285714285703,NA,NA,NA,NA,-69.58178571428577,-0.01464285714285707,NA,1,1,1,2,2,0,Sphyraenidae_Sphyraena_sphyraena_E01143,Sphyraenidae,920
Stenobrachius_leucopsarus,1,pelagic,leucopsarus,Stenobrachius,0.0279,0.0034,69.6688,63.6741,0.0153,0.0159,0.00125,0.002,-1.1118999999999917,-3.8651999999999944,-5.000000000000022e-4,8.000000000000021e-4,0.02875,0.03,0.0034,0.0037,71.52860000000001,78.1716,64.42415,70.6125,0.01545,0.018,0.01664999999999999,0.018,0.0378192455,0.041890447,0.1739131155,0.202254392,0.187328331,0.202254392,0.00192499999999999,0.0026,0.00195,0.00219999999999999,-1.3722999999999956,5.769049999999993,-1.708249999999996,4.939849999999993,-2.500000000000002e-4,0.00179999999999999,0.00117499999999999,0.00204999999999999,0.0276631285,0.02961420849999999,0.06010382325000001,0.0880638355,0.07406814675,0.083665998,0.00253928571428571,0.0233160714285714,65.09502499999999,32.621875595238215,0.00963928571428571,0.00633750000000001,0.00117857142857143,0.02149404761904769,NA,147.37047023809487,0.02786904761904763,0.03455357142857139,NA,-0.01922619047619054,NA,-125.34351190476164,-0.02511904761904763,-0.02839285714285712,1,2,0,2,2,2,Myctophidae_Stenobrachius_leucopsarus_E00067,Myctophidae,559
Stephanolepis_hispidus,1,demersal,hispidus,Stephanolepis,0.0554,0.0062,64.531,58.4263,0.0268,0.0295,0.02874999999999999,0.0048,-6.24969999999999,-9.113,0.011,0.0144,0.0552,0.0567,0.0029,0.0062,72.9726,86.2852,64.8267,67.713,0.0293,0.0331,0.0323,0.0339,0.009799386,0.021205191,0.100362379,0.11338963,0.110680355,0.116286585,0.02745,0.03185,0.00109999999999999,0.0048,0.7412499999999937,11.2641,-1.85145,2.987499999999997,0.0131,0.01729999999999999,0.01645,0.01795,-0.00240255849999999,0.0095880085,-0.01382817749999999,-0.00430173999999999,-0.00512047950000001,-0.002301809,-0.04837428571428606,0.03891000000000001,4.837188571427449,119.58167000000002,-0.00491142857142903,0.04242999999999999,0.14570000000000097,0.01989999999999999,220.61820000000313,-70.09650000000002,0.13160000000000127,-0.01949999999999999,-0.09928571428571498,NA,-194.1414285714307,NA,-0.11142857142857232,NA,2,1,2,1,2,1,Monacanthidae_Stephanolepis_hispidus_E00646,Monacanthidae,1429
Symphysodon_discus,1,demersal,discus,Symphysodon,0.034,0.0041,95.773,82.8651,0.0241,0.0237,0.00735,0.0027,24.9923,15.3258,0.00829999999999999,0.0086,0.0343,0.0378,0.0023,0.0041,96.8357,106.5357,79.0817,91.3359,0.0242,0.0277,0.02395,0.0264,0.0121403595,0.021539618,0.1275614775,0.146007993,0.126539671,0.139240978,0.007175,0.01109999999999999,6e-4,0.0027,26.085975,34.13315,14.207974999999998,21.78224999999999,0.00815,0.0115,0.00847499999999999,0.0107,1.562792499999995e-4,0.0099224355,0.01469746624999999,0.0318174365,0.01321196474999998,0.01573119699999999,-5.714285714285704e-4,0.01543571428571431,104.76796904761892,99.21531428571429,0.0235142857142857,8.333333333333531e-4,0.00442857142857142,0.07053571428571423,-112.82696428571388,NA,NA,0.07842857142857138,NA,-0.06035714285714282,108.40702380952352,NA,NA,-0.06119047619047615,1,2,2,0,0,2,Cichlidae_Symphysodon_discus_E00390,Cichlidae,695
Trachurus_trachurus,1,pelagic,lathami,Trachurus,0.0434,7e-4,48.9435,50.557,0.0176,0.0194,0.01675,-7e-4,-21.837199999999996,-16.982299999999995,0.00179999999999999,0.0043,0.04335,0.0456,7.5e-4,9e-4,54.45375,65.0717,51.65465,57.1755,0.0187,0.0205,0.0206,0.0211,0.005066913,0.00645783,0.129951417,0.142370322,0.143314159,0.146443722,0.016075,0.02075,-7.25e-4,-6e-4,-17.863200000000003,-12.990099999999998,-13.219075,-11.317549999999995,0.002525,0.0049,0.00477499999999999,0.0054,-0.00631364849999999,-0.00415503049999999,0.01725553025,0.02234254149999999,0.0243484495,0.0281591075,7.428571428570991e-5,0.0395704761904762,64.73702285714288,79.04161428571436,0.01686785714285713,0.02444500000000005,0.00252857142857144,0.00594285714285713,-20.28434285714288,-37.30871428571435,0.01658928571428576,-0.01106785714285727,-0.00214285714285715,NA,NA,NA,-0.0166071428571429,0.00339285714285724,2,1,1,1,2,2,Carangidae_Trachurus_lathami_E00598,Carangidae,1019
