Species,Habitat,Water_Type,MatchSpecies,MatchGenus,CBL_med,CBL_max,d_med,d_max,alphaAnt_med,alphaAnt_max,alphaPos_med,alphaPos_max,DAnt_med,DAnt_max,DPos_med,DPos_max,dBW_med,dBW_max,DAntBW_med,DAntBW_max,DPosBW_med,DPosBW_max,d_mid,CBL_mid,alphaPos_mid,alphaAnt_mid,DPos_mid,DAnt_mid,dBW_mid,DAntBW_mid,DPosBW_mid,d_slope,CBL_slope,alphaPos_slope,alphaAnt_slope,DPos_slope,DAnt_slope,dBW_slope,DAntBW_slope,DPosBW_slope,d_quad,CBL_quad,alphaPos_quad,alphaAnt_quad,DPos_quad,DAnt_quad,dBW_quad,DAntBW_quad,DPosBW_quad,d_order,CBL_order,alphaPos_order,alphaAnt_order,DPos_order,DAnt_order,dBW_order,DAntBW_order,DPosBW_order,FullName,Family,Tip
Abramis_brama,pelagic,freshwater,alburnus,Alburnus,0.0228,0.0239,8.500000000000001e-4,0.0018,88.71505,93.9381,84.15735000000001,86.8924,0.0155,0.016,0.01515,0.016,0.00768282099999999,0.016033714,0.1386248155,0.142833665,0.1354180725,0.142833665,0.00121428571428571,0.02274285714285713,83.55987142857143,85.43882857142856,0.01527142857142856,0.01592857142857142,0.0106700547142857,0.1424328222857143,0.13649653057142855,0.00921428571428569,NA,NA,107.00671428571472,NA,NA,0.08560857714285694,NA,NA,-0.00619047619047617,NA,NA,-98.53357142857176,NA,NA,-0.05853577857142841,NA,NA,2,0,0,2,0,0,2,0,0,Leuciscidae_Alburnus_alburnus_I2696-175,Leuciscidae,216
Alectis_ciliaris,demersal,marine,ciliaris,Alectis,0.04355,0.0458,0.0017,0.0045,76.5827,89.624,76.10925,86.3325,0.0258,0.0292,0.0271,0.0283,0.015113313,0.039118657,0.2261229885,0.255888773,0.237221361,0.247538183,7.807142857142891e-4,0.04494499999999994,76.74830000000003,74.3124666666667,0.02732285714285713,0.0275085714285714,0.00696836502142862,0.24096899139999975,0.23922130067142844,-0.0257178571428573,0.2196035714285713,NA,-25.63400000000002,0.11498571428571432,0.11262857142857166,-0.2192271646785728,0.9777035602857168,0.9998470007857132,0.01303571428571441,-0.15732142857142853,NA,NA,-0.08500000000000008,-0.08142857142857166,0.10990753392857253,-0.706304285714288,-0.7387866678571426,2,2,0,1,2,2,2,2,2,Carangidae_Alectis_ciliaris_E00469,Carangidae,1032
Alosa_pseudoharengus,pelagic,anadromous,pseudoharengus,Alosa,0.0233,0.0242,0.00334999999999999,0.004,86.9591,101.3525,91.08,95.8023,0.01625,0.0166,0.01615,0.0169,0.0249576335,0.029579418,0.1200893545,0.122631336,0.119344734,0.124942228,0.00346428571428571,0.02317142857142857,91.61827857142862,85.46269285714286,0.01619285714285714,0.01587142857142856,0.02567290964285714,0.11746667542857138,0.1197555592142857,0.0173928571428571,0.04557142857142852,-125.25889285714253,-23.111607142857103,0.01546428571428573,0.02364285714285719,0.12777765535714267,0.1768015778571428,0.11026256250000004,-0.01321428571428568,-0.03499999999999996,98.59273809523786,NA,-0.01250000000000001,-0.01952380952380956,-0.09714305357142844,-0.1455006071428571,-0.08901213690476195,2,2,2,1,2,2,2,2,2,Clupeidae_Alosa_pseudoharengus_G01195,Clupeidae,59
Amia_calva,demersal,freshwater,calva,Amia,0.01925,0.0223,0.0056,0.007,131.8089,143.0377,122.36705,141.4651,0.01915,0.0202,0.0186,0.0199,0.0375614705,0.047250163,0.12892981850000002,0.135877766,0.12493238,0.133776847,0.00637857142857142,0.01664285714285714,130.86378571428574,133.3344571428571,0.01577142857142856,0.01652142857142857,0.04298730992857143,0.11109386707142854,0.10586650907142856,0.0236785714285714,NA,-272.9039285714273,-293.9649285714276,-0.01357142857142857,0.00289285714285722,0.1603807460714283,0.01747925750000024,-0.0917586010714285,-0.01464285714285712,NA,241.0240476190467,245.64642857142783,NA,-0.01202380952380958,-0.0989267726190474,-0.0792872583333335,NA,2,0,2,2,1,2,2,2,1,Amiidae_Amia_calva_E00461,Amiidae,18
Ammodytes_personatus,benthic,marine,dubius,Ammodytes,0.0159,0.0168,0.0023,0.0043,67.78435,75.1987,64.75215,68.91,0.0084,0.0092,0.00879999999999999,0.0096,0.0382658625,0.072181605,0.1416123915,0.15592577,0.1480174735,0.162727828,0.00265714285714285,0.01571428571428571,64.59664285714284,60.03528571428571,0.00907142857142857,0.00762142857142856,0.04476988971428571,0.12825062121428568,0.1474774529285714,NA,-0.01164285714285705,NA,-41.16357142857144,NA,0.00317857142857144,NA,0.04447406178571508,-0.02722409464285705,NA,0.00833333333333326,NA,NA,NA,-0.00583333333333334,NA,-0.09196441547619108,NA,0,2,0,1,0,2,0,2,1,Ammodytidae_Ammodytes_dubius_N02375,Ammodytidae,1696
Anodontostoma_chacunda,pelagic,NA,cepedianum,Dorosoma,0.03154999999999999,0.0329,7.999999999999999e-4,0.0016,84.57849999999999,91.6076,85.1935,88.8691,0.02099999999999999,0.0226,0.0223,0.0226,0.003905881,0.007229049,0.097984864,0.105425005,0.103873364,0.105388955,8.363095238095227e-4,0.03203095238095237,84.48233154761903,81.8539107142857,0.02157738095238095,0.02082559523809523,0.00449541687499999,0.09714213654166666,0.10068669163095235,0.00472023809523809,0.03284523809523815,45.29363690476209,-18.552607142857106,0.02627380952380955,0.0242916666666667,NA,0.11300606684523802,0.12081792488095236,-0.00458333333333333,-0.02440476190476195,-41.799702380952525,NA,-0.02154761904761907,-0.02029761904761907,NA,-0.09445450892857138,-0.09882913452380952,2,2,2,1,2,2,0,2,2,Clupeidae_Dorosoma_cepedianum_E01016,Clupeidae,60
Anoplogaster_cornuta,pelagic,marine,cornuta,Anoplogaster,0.0355,0.0394,8e-4,0.0013,68.0663,74.7481,60.4094,65.7786,0.0198,0.0201,0.0177,0.0189,0.004120017,0.006704387,0.099607718,0.101583965,0.089179243,0.095260127,8.018633540372668e-4,0.03301785714285715,61.32491000000001,69.85363333333338,0.01719503105590062,0.018185,0.0040949631242236,0.09155253342142858,0.08672762213043482,-0.0010807453416149,0.04041071428571432,-102.29995000000017,NA,-0.00511801242236025,0.01788928571428564,-0.00517168204968944,0.0921042488928567,-0.02533004565217399,NA,-0.04398809523809524,90.64116666666672,NA,NA,-0.02044047619047612,NA,-0.10517375678571392,NA,1,2,2,0,1,2,1,2,1,Anoplogastridae_Anoplogaster_cornuta_E00662,Anoplogastridae,648
Aphareus_furca,pelagic,marine,furca,Aphareus,0.03959999999999999,0.042,7.999999999999999e-4,0.0013,67.59275,77.8479,63.28665,71.6108,0.0217,0.0227,0.022,0.0223,0.00397817999999999,0.00652477,0.10868348,0.113736792,0.1102361305,0.111771933,9.78095238095238e-4,0.03748333333333334,62.47240571428576,65.42432000000002,0.02166666666666667,0.02178333333333334,0.00493030588571428,0.10915040233333335,0.10854125083333337,7.428571428571428e-4,NA,-222.57819999999975,-134.3334857142861,NA,NA,0.00418145257142856,NA,NA,NA,NA,170.33142857142852,88.22571428571459,NA,NA,NA,NA,NA,1,0,2,2,0,0,1,0,0,Lutjanidae_Aphareus_furca_E00563,Lutjanidae,1577
Apodichthys_flavidus,benthic,marine,crassispina,Pholis,0.01435,0.0153,0.00105,0.0012,91.48065,97.7826,65.4859,71.6535,0.0083,0.009,0.0097,0.0103,0.0197141615,0.023076818,0.16043782499999998,0.175116979,0.1878312485,0.200044361,0.0010125,0.01304821428571428,63.6325119047619,88.56763333333332,0.00842857142857142,0.00741488095238095,0.01948217724999999,0.14334804282738095,0.1630344809880952,NA,0.00951785714285715,41.72376190476186,-15.262666666666629,0.01371428571428574,0.00411309523809524,NA,0.0857229297023814,0.2684151234523812,NA,-0.01208333333333334,-43.82071428571425,NA,-0.01500000000000003,-0.0068452380952381,NA,-0.13818454464285754,-0.29320374166666696,0,2,2,1,2,2,0,2,2,Pholidae_Pholis_crassispina_G01437,Pholidae,1248
Apteronotus_cuchillejo,demersal,freshwater,albifrons,Apteronotus,0.02525,0.0257,0.00145,0.0021,59.70525,66.0082,56.6545,59.3298,0.01205,0.013,0.01225,0.013,0.02116215,0.030496646,0.1738549015,0.187620317,0.1765629305,0.187275743,0.00100178571428571,0.02529166666666666,50.98249999999999,53.05586071428571,0.0108095238095238,0.01141130952380952,0.01433832880952379,0.1644744458214285,0.15553114910714275,0.00687499999999999,0.03895238095238094,131.46589285714276,27.47917857142858,0.03634523809523805,0.03107738095238089,0.10188628666666658,0.4489822567857144,0.5231591471428572,-0.0075595238095238,-0.02928571428571427,-125.1396428571428,-50.54511904761906,-0.03369047619047617,-0.02744047619047615,-0.1119591547619047,-0.3964016750000001,-0.4849389523809523,2,2,2,2,2,2,2,2,2,Apteronotidae_Apteronotus_albifrons_P1_C09_RG93,Apteronotidae,248
Aulorhynchus_flavidus,pelagic,marine,flavidus,Aulorhynchus,0.0176,0.0217,8.500000000000001e-4,0.0016,37.79825,47.107,36.829049999999995,40.6004,0.00609999999999999,0.0072,0.00565,0.0073,0.011277918,0.020330927,0.07976568049999999,0.094180444,0.073864615,0.095694289,8.666666666666668e-4,0.01644071428571429,36.124800000000015,38.61593999999997,0.00525714285714286,0.00549714285714285,0.011344433,0.07197121260000003,0.0690799962666667,NA,-0.04860357142857158,NA,214.4198857142855,-0.00428571428571429,-0.00368571428571429,NA,-0.04853081600000007,-0.05613279600000003,NA,0.02875000000000013,NA,-170.5657142857142,NA,NA,NA,NA,NA,0,2,0,2,1,1,0,1,1,Aulorhynchidae_Aulorhynchus_flavidus_G01217,Aulorhynchidae,1265
Barbichthys_laevis,benthic,freshwater,laevis,Barbichthys,0.0293,0.0319,0.0014,0.0018,72.90074999999999,88.0969,70.0355,72.3994,0.0168,0.0181,0.0171,0.0181,0.00876177,0.011811507,0.1072098,0.115718128,0.109208083,0.115785551,0.00141666666666666,0.03083571428571427,70.03704571428574,70.25064357142861,0.01778357142857142,0.01754476190476191,0.00900466383333333,0.11207564106666668,0.11366573623571428,NA,0.08667857142857147,-61.54724285714327,-250.18748928571551,0.02675357142857129,0.00374285714285713,NA,0.02381283599999998,0.17602992282142874,NA,-0.05964285714285723,49.24928571428602,170.71017857142954,-0.01767857142857135,NA,NA,NA,-0.11645901250000022,0,2,2,2,2,1,0,1,2,Cyprinidae_Barbichthys_laevis_I2665-102,Cyprinidae,120
Catostomus_catostomus,demersal,freshwater,plebius,Catostomus,0.0238,0.0249,0.0024,0.0026,89.0235,100.9818,87.5903,89.9291,0.01675,0.0178,0.0166,0.0171,0.0134899955,0.014714444,0.0950242205,0.100967948,0.0942126555,0.09707898,0.00255999999999999,0.02362428571428571,88.84384928571427,87.39538428571433,0.01623928571428571,0.01653714285714285,0.01443391651428571,0.09387962667857142,0.09227201859285716,0.00139999999999999,0.03122142857142865,92.58231071428553,-133.4103785714292,0.00723214285714286,0.02234285714285717,0.00777182342857141,0.11969078732142845,0.04360733174999912,NA,-0.02535714285714293,-65.15839285714274,87.9146428571433,-0.00732142857142858,-0.01857142857142861,NA,-0.10030315178571428,-0.04341130178571371,1,2,2,2,2,2,1,2,2,Catostomidae_Catostomus_plebius_I2585-18,Catostomidae,84
Centropomus_undecimalis,pelagic,marine,undecimalis,Centropomus,0.0337,0.0369,4e-4,4e-4,63.52855,79.8975,57.86455,67.0049,0.01825,0.0206,0.0173,0.0194,0.00313638099999999,0.00350211,0.1433467995,0.161727836,0.1361293555,0.152832604,3.1666666666666676e-4,0.03361666666666668,55.22357333333336,55.34164571428573,0.01609333333333333,0.01568285714285714,0.00262353516666666,0.12328487563571423,0.1266654019142857,NA,NA,-22.263400000000036,-54.44902857142862,-0.0086,0.02252857142857151,NA,0.17779027667857175,-0.0672347305714287,NA,NA,NA,NA,NA,-0.02785714285714293,NA,-0.2193937196428576,NA,0,0,1,1,1,2,0,2,1,Centropomidae_Centropomus_undecimalis_E00194,Centropomidae,924
Cephalopholis_argus,benthic,marine,argus,Cephalopholis,0.0384,0.041,0.0023,0.0029,61.34735,78.0723,57.6053,64.0797,0.02105,0.0229,0.0184,0.021,0.015101104,0.018520235,0.13639293800000002,0.148383218,0.1192832915,0.13593028,0.00253571428571428,0.03740714285714286,56.79940714285715,60.369635714285714,0.01724999999999999,0.01936428571428571,0.01644294407142856,0.1254891541428571,0.11182403750000004,0.0201071428571428,0.06239285714285737,-267.6926071428567,-19.34503571428569,-0.06167857142857127,0.04382142857142856,0.13124323821428546,0.282459709285714,-0.399144305357142,-0.01392857142857139,-0.05297619047619064,193.18202380952349,NA,0.04035714285714274,-0.03916666666666666,-0.09079701785714268,-0.2523695214285713,0.26151752023809466,2,2,2,1,2,2,2,2,2,Serranidae_Cephalopholis_argus_E00868,Serranidae,1189
Chaetostoma_lineopunctatum,demersal,freshwater,breve,Chaetostoma,0.0303,0.0329,0.0027,0.0041,58.0076,76.2253,50.5195,54.24,0.0138,0.0153,0.0139,0.0164,0.007901932,0.011865623,0.040058889,0.044429866,0.040523628,0.047571677,0.00353999999999999,0.03085714285714284,50.46850000000001,53.397368571428615,0.0135942857142857,0.01328999999999999,0.01026258402857138,0.0386603398,0.03955703174285716,0.06200000000000045,0.05959999999999994,NA,-492.43160000000336,-0.04660000000000045,-0.00609999999999999,0.17774885400000132,-0.01721506999999999,-0.13314739500000092,-0.04000000000000033,-0.04571428571428568,NA,320.05714285714527,0.02857142857142888,NA,-0.1143779428571438,NA,0.08164303571428637,2,2,0,2,2,1,2,1,2,Loricariidae_Chaetostoma_breve_P1_B10_RG55,Loricariidae,274
Chanos_chanos,demersal,marine,chanos,Chanos,0.02455,0.0279,0.0027,0.0031,78.9691,95.6518,79.4309,87.9935,0.01545,0.0171,0.01685,0.0172,0.0265825555,0.030883043,0.1522228885,0.16832688,0.165770712,0.169651898,0.00299285714285714,0.02614999999999999,79.58952857142856,77.39675714285713,0.01665714285714285,0.01612142857142857,0.02955521157142856,0.15906070107142856,0.16410489842857137,0.01503571428571428,0.06339285714285706,NA,-31.876499999999925,0.05028571428571425,0.0256071428571428,0.14826388071428565,0.24837860535714265,0.4943293307142846,-0.00964285714285714,-0.04321428571428564,NA,NA,-0.03738095238095235,-0.017738095238095192,-0.09573020238095234,-0.17092538452380934,-0.3668714714285706,2,2,0,1,2,2,2,2,2,Chanidae_Chanos_chanos_E00345,Chanidae,74
Cheilopogon_melanurus,pelagic,marine,melanurus,Cheilopogon,0.02219999999999999,0.0233,1e-4,3e-4,68.6132,75.4044,69.953,85.6817,0.01265,0.0138,0.0127,0.0142,0.0012373505,0.003331102,0.1310517335,0.143042204,0.1318674195,0.147382963,1.285714285714286e-4,0.0219,78.67677857142857,72.51165,0.01324285714285714,0.01325714285714285,0.00131049671428571,0.1371926022142857,0.1374030552142857,NA,-0.00249999999999997,36.456178571428616,-20.21867857142843,-0.00528571428571427,0.00285714285714286,NA,0.02927688750000012,0.02584993607142863,NA,NA,NA,31.62630952380942,0.00642857142857142,NA,NA,NA,NA,0,1,1,2,2,1,0,1,1,Exocoetidae_Cheilopogon_melanurus_N14975,Exocoetidae,717
Chiasmodon_niger,pelagic,marine,niger,Chiasmodon,0.0366,0.0387,0.00159999999999999,0.004,56.89505,78.1076,58.22735,69.614,0.01805,0.0211,0.01809999999999999,0.0206,0.0095745795,0.024634093,0.1109191465,0.129974975,0.1114110435,0.127079167,0.00107142857142857,0.03797142857142856,53.74892142857145,52.29372142857144,0.01695714285714285,0.01819999999999999,0.00653819857142857,0.11198637757142856,0.10437327685714284,-0.00328571428571428,0.07535714285714294,-227.2865357142852,-147.84253571428542,-0.00764285714285713,NA,-0.02013821357142855,NA,-0.04702196428571423,NA,-0.05309523809523816,150.4324999999996,79.27011904761882,NA,NA,NA,NA,NA,1,2,2,2,1,0,1,0,1,Chiasmodontidae_Chiasmodon_niger_E01115,Chiasmodontidae,1904
Coryphaena_hippurus,pelagic,marine,hippurus,Coryphaena,0.0287,0.0307,0.002,0.0023,70.26425,86.9286,66.78975,72.4049,0.0168,0.0286,0.01605,0.0211,0.0242508365,0.028170164,0.2036825345,0.34669715,0.194578264,0.256307667,0.00177142857142857,0.0226142857142857,50.96407857142856,72.06205714285714,0.01786428571428571,0.02113571428571429,0.02166128128571429,0.25610353542857145,0.21675862285714295,NA,0.15057142857142816,195.3636071428565,NA,-0.02803571428571416,-0.05646428571428542,NA,-0.6846283035714246,-0.3446616699999988,NA,-0.13690476190476158,-210.6951190476185,NA,0.0286904761904761,0.06107142857142835,NA,0.7400257380952351,0.3519812452380943,0,2,2,0,2,2,0,2,2,Coryphaenidae_Coryphaena_hippurus_E00937,Coryphaenidae,1046
Coryphaenoides_filifer,benthic,marine,armatus,Coryphaenoides,0.0306,0.0332,0.00185,0.0023,69.98365000000001,84.9295,66.461,72.5872,0.01685,0.0186,0.01625,0.0183,0.014444096,0.017832215,0.130531638,0.144179005,0.1260001525,0.141996085,0.00187142857142857,0.03198571428571428,60.927299999999995,49.83740714285711,0.01624285714285714,0.01415714285714285,0.01454083171428571,0.1095807733571428,0.12605872728571427,NA,0.04864285714285713,-46.105428571428526,143.20210714285713,NA,0.07585714285714276,NA,0.5862402974999987,NA,NA,-0.0307142857142857,NA,-183.0803571428571,NA,-0.06904761904761897,NA,-0.5343050511904752,NA,0,2,1,2,0,2,0,2,0,Macrouridae_Coryphaenoides_armatus_M20312,Macrouridae,611
Ctenochaetus_strigosus,demersal,marine,strigosus,Ctenochaetus,0.0431,0.0468,0.00219999999999999,0.0034,59.407799999999995,75.2856,60.9401,63.0501,0.02105,0.0231,0.02235,0.0232,0.01258034649999999,0.019489268,0.121688823,0.133555296,0.129361902,0.13446861,0.00198642857142857,0.04581714285714285,59.60843333333335,55.23794000000005,0.02268952380952381,0.02205809523809523,0.01129830812857145,0.12742058073333334,0.13141732668571432,-0.02956071428571425,0.06897142857142859,NA,-239.1564714285715,0.00848571428571429,0.00794285714285712,-0.1702657702142856,0.04506410599999986,0.04959556457142847,0.02232142857142855,-0.03714285714285718,NA,164.9964285714287,NA,NA,0.12832839642857138,NA,NA,2,2,0,2,1,1,2,1,1,Acanthuridae_Ctenochaetus_strigosus_E00050,Acanthuridae,1603
Cymatogaster_aggregata,pelagic,NA,aggregata,Cymatogaster,0.02589899037369708,0.02756296686693399,0.00239681724995362,0.00451240851017632,74.63451054218906,80.61431271819016,73.01001964070218,74.44128490206353,0.01532637719469864,0.01607911673630281,0.01528081603195426,0.01591965181544242,0.01713086827533147,0.03225171872983248,0.10954283179725348,0.11492291738079302,0.10921719066735092,0.11378316734192444,0.0026943504046275,0.02584818837233187,71.70315174075947,76.50077892977005,0.0142556321312542,0.01577124930240246,0.0192574389516567,0.11272248409514583,0.10188985256461364,NA,-0.00371437286396915,-207.2026564725446,NA,-0.10171193115972066,0.02323646247221134,NA,0.16607890226250488,-0.7269697740870581,NA,NA,158.25723437710494,NA,0.07294986621689699,-0.01663571736339042,NA,-0.11890113141642264,0.5213975111739916,0,1,2,0,2,2,0,2,2,Embiotocidae_Cymatogaster_aggregata_E00139,Embiotocidae,810
Cyprinus_carpio,demersal,freshwater,carpio,Cyprinus,0.0359,0.0385,0.00124999999999999,0.0014,55.77055,60.6545,53.1185,63.0857,0.01595,0.0169,0.01625,0.0166,0.00813157,0.009552644,0.1061898675,0.112300035,0.107886869,0.110642931,0.0012,0.03502999999999999,55.09766571428578,53.237622857142895,0.01613333333333333,0.01541666666666667,0.00799249866666666,0.10269349433333338,0.10736199216666673,NA,0.07994999999999992,-212.23451428571457,-199.57144285714296,NA,NA,NA,NA,NA,NA,-0.06749999999999999,184.5057142857146,156.27357142857156,NA,NA,NA,NA,NA,0,2,2,2,0,0,0,0,0,Cyprinidae_Cyprinus_carpio_I2598-58,Cyprinidae,127
Diplectrum_formosum,demersal,marine,formosum,Diplectrum,0.0395,0.0414,0.00109999999999999,0.0016,64.63785,81.5709,60.102450000000005,68.6061,0.01979999999999999,0.021,0.01995,0.0223,0.005286494,0.008010707,0.098132013,0.103946503,0.0990065745,0.110456622,0.00102428571428571,0.04040476190476191,56.02863142857144,53.12057904761907,0.01883809523809524,0.01798071428571428,0.00501956916428569,0.08910968595714283,0.09344561882857144,0.01350714285714288,0.00914285714285712,-28.63945714285719,-63.38602857142861,-0.00785714285714286,0.04242499999999988,0.07008552746428591,0.20947683292857144,-0.03889742114285724,-0.01107142857142859,NA,NA,NA,NA,-0.03982142857142852,-0.05725877321428589,-0.1966773892857144,NA,2,1,1,1,1,2,2,2,1,Serranidae_Diplectrum_formosum_E01002,Serranidae,1170
Discherodontus_ashmeadi,benthic,freshwater,ashmeadi,Discherodontus,0.02805,0.0297,0.0011,0.0018,73.0206,80.5384,66.5378,75.5482,0.01639999999999999,0.0174,0.01625,0.0173,0.0062516325,0.010475918,0.0949823625,0.100794654,0.0939232275,0.09990842,0.00116666666666666,0.02885071428571429,71.46348500000002,70.56900500000003,0.01669809523809523,0.01682190476190476,0.00674464366666666,0.09735977493333334,0.09656230145714288,NA,0.03818928571428576,-52.99136785714256,-164.52492500000088,0.00354285714285714,0.00425714285714283,NA,0.02440316399999993,0.0211780297142857,NA,-0.02660714285714292,61.64410714285693,116.67625000000068,NA,NA,NA,NA,NA,0,2,2,2,1,1,0,1,1,Cyprinidae_Discherodontus_ashmeadi_I2636-31,Cyprinidae,150
Engraulis_mordax,pelagic,marine,mordax,Engraulis,0.0225,0.0237,0.0038,0.0042,69.2332,77.2323,63.42855,74.6092,0.0124,0.0138,0.01275,0.014,0.03122591,0.03491269,0.1021684975,0.113452279,0.104766001,0.115239808,0.00365714285714285,0.02258571428571428,61.18032857142858,62.905585714285685,0.01189999999999999,0.011821428571428561,0.03000097378571426,0.09734057078571429,0.09788321371428568,0.0159285714285714,NA,53.45507142857163,106.59264285714316,0.01942857142857142,0.01310714285714293,0.1294163560714286,0.10469817321428523,0.1563290514285717,-0.01309523809523807,NA,-61.08404761904778,-109.94380952380972,-0.0188095238095238,-0.01321428571428577,-0.10686608214285716,-0.10626758214285678,-0.1517538261904764,2,0,2,2,2,2,2,2,2,Engraulidae_Engraulis_mordax_eurystole_E00351,Engraulidae,55
Equetus_lanceolatus,demersal,marine,acuminatus,Pareques,0.0412,0.0415,7e-4,0.002,42.1031,65.004,40.239,42.7697,0.0149,0.0156,0.0136,0.0148,0.004568004,0.013239243,0.1002989315,0.105231294,0.0914124035,0.099874061,6.571428571428571e-4,0.04229285714285713,37.3106928571429,37.442600000000056,0.01360714285714286,0.01481428571428571,0.00438139614285714,0.09989878314285716,0.0917062365,NA,0.1343214285714287,-415.40374999999955,-457.71078571428455,-0.0518214285714285,NA,NA,NA,-0.3525919310714271,NA,-0.089404761904762,314.22535714285686,319.5428571428563,0.0434523809523809,NA,NA,NA,0.29547825119047516,0,2,2,2,2,0,0,0,2,Sciaenidae_Pareques_acuminatus_E01050,Sciaenidae,1536
Fundulus_heteroclitus,demersal,marine,heteroclitus,Fundulus,0.02475,0.0276,9e-4,0.0018,70.4417,72.8315,71.46955,74.3999,0.01449999999999999,0.0151,0.0145,0.0152,0.00482441699999999,0.009552037,0.07729654250000001,0.080603292000000007,0.0773082665,0.081065974,5.928571428571437e-4,0.02477142857142857,70.40423571428572,69.12997857142858,0.01407142857142857,0.0147,0.00316123164285713,0.07835265071428571,0.07506185292857145,0.01582142857142855,0.02250000000000009,-180.06282142857094,-149.46603571428534,-0.02278571428571421,NA,0.0846536639285713,NA,-0.12213226964285724,-0.01392857142857141,-0.0202380952380953,146.8646428571425,107.17630952380928,0.01523809523809519,NA,-0.07452013928571419,NA,0.0820268083333334,2,2,2,2,2,0,2,0,2,Fundulidae_Fundulus_heteroclitus_G01293,Fundulidae,742
Gadopsis_marmoratus,demersal,freshwater,marmoratus,Gadopsis,0.0223,0.0252,0.00124999999999999,0.0014,72.0073,83.5253,74.25200000000001,79.4067,0.0133,0.0164,0.01295,0.0145,0.010094157,0.011255869,0.107520535,0.132644071,0.1044890395,0.117104861,8.071428571428572e-4,0.02085714285714285,71.14845714285715,69.9342142857143,0.01179999999999999,0.0123,0.00666306285714285,0.09944993207142858,0.09518587121428572,-0.00196428571428571,0.01678571428571429,-56.30099999999953,-149.76321428571384,-0.00742857142857141,-0.00928571428571426,-0.01494171999999998,-0.0752496124999999,-0.06048299535714276,NA,-0.02,28.511190476190144,91.5052380952378,NA,NA,NA,NA,NA,1,2,2,2,1,1,1,1,1,Percichthyidae_Gadopsis_marmoratus_E01144,Percichthyidae,1075
Halieutichthys_aculeatus,benthic,marine,aculeatus,Halieutichthys,0.0487,0.0705,3e-4,8e-4,49.043099999999995,73.8169,52.366,83.0822,0.02055,0.0214,0.01975,0.0242,0.00037782100000000003,9.9775e-4,0.0249493035,0.026039131,0.024006798,0.029477448,3.666666666666667e-4,0.03791047619047622,66.4947438095238,60.17216857142856,0.01749333333333334,0.01967857142857142,4.558068333333335e-4,0.02392685789285714,0.02128340872380953,NA,-0.08248571428571434,81.0405142857143,61.19345714285715,-0.0136,0.02746428571428542,NA,0.03416018339285696,-0.01656623628571429,NA,NA,NA,NA,NA,-0.02464285714285695,NA,-0.03052556964285703,NA,0,1,1,1,1,2,0,2,1,Ogcocephalidae_Halieutichthys_aculeatus_E01122,Ogcocephalidae,1376
Hemitaurichthys_polylepis,pelagic,marine,polylepis,Hemitaurichthys,0.0412,0.042,5e-4,8e-4,73.53585000000001,75.8472,70.52019999999999,72.0396,0.02365,0.0247,0.0242,0.0249,0.004201753,0.006225759,0.192580828,0.201223625,0.197199348,0.203186564,6.714285714285715e-4,0.04087142857142857,69.48237142857143,74.44125714285713,0.02362142857142856,0.02412857142857142,0.00524822878571428,0.19663774792857147,0.1925601944285714,0.001,0.1001428571428572,NA,NA,0.06024999999999999,0.04835714285714282,0.00773225107142856,0.3916328153571425,0.4880454114285704,NA,-0.07738095238095243,NA,NA,-0.04773809523809523,-0.03499999999999997,NA,-0.28281048690476157,-0.38675812380952296,1,2,0,0,2,2,1,2,2,Chaetodontidae_Hemitaurichthys_polylepis_E00240,Chaetodontidae,1514
Hirundichthys_rondeletii,pelagic,marine,marginatus,Hirundichthys,0.02485,0.0285,1.5e-4,3e-4,72.4651,82.1795,68.97125,84.2623,0.01445,0.0169,0.01415,0.0162,0.001063337,0.001854023,0.0992174935,0.115658314,0.0969817595,0.110750607,1.571428571428569e-4,0.02425714285714286,76.20121428571429,76.55912142857146,0.01442857142857142,0.01504285714285714,9.971217142857123e-4,0.1031903995714286,0.09893315785714286,0.00249999999999999,-0.00578571428571426,-42.80071428571363,-125.09067857142806,NA,-0.04342857142857122,0.01674853071428566,-0.2912880371428557,NA,-0.00190476190476189,NA,63.59666666666618,118.93821428571393,NA,0.03499999999999984,-0.01285352380952377,0.23454428809523703,NA,2,1,2,2,0,2,2,2,0,Exocoetidae_Hirundichthys_marginatus_E00401,Exocoetidae,718
Hypomesus_pretiosus,demersal,marine,pretiosus,Hypomesus,0.018,0.0191,0.00505,0.0056,91.30665,107.3322,86.2671,91.1346,0.013,0.0136,0.0123,0.013,0.050288094,0.056059113,0.1302504385,0.136165176,0.1233645655,0.130012727,0.00495357142857142,0.01832380952380952,86.23256249999999,89.48720238095238,0.01220535714285714,0.01299285714285714,0.04959530502380951,0.1304992119702381,0.1223923334523809,0.00271428571428571,0.02345238095238096,NA,-28.03419047619051,0.01287500000000003,0.01460714285714289,0.0275386730952381,0.14376310791666694,0.12970923452380964,NA,-0.0161904761904762,NA,NA,-0.01017857142857145,-0.01011904761904765,NA,-0.09847331011904786,-0.10203731904761916,1,2,0,1,2,2,1,2,2,Osmeridae_Hypomesus_pretiosus_G01333,Osmeridae,475
Hypsypops_rubicundus,demersal,marine,rubicundus,Hypsypops,0.037,0.0398,7e-4,0.0021,68.1588,81.9042,58.051950000000005,75.8191,0.0199,0.0203,0.01905,0.0251,0.003125488,0.009759788,0.0907265195,0.092659532,0.0868343915,0.114222739,9.5e-4,0.0367692857142857,59.06278714285722,64.27689500000007,0.01796000000000001,0.01893333333333333,0.00555751757142857,0.08631346333333335,0.08192520245714299,NA,0.06953928571428578,-514.7704785714288,-273.62086071428683,-0.09252857142857145,NA,0.00826081714285714,NA,-0.4194852902857151,NA,-0.05696428571428579,400.99535714285753,193.1544642857152,0.06357142857142861,NA,NA,NA,0.28839690000000073,0,2,2,2,2,0,1,0,2,Pomacentridae_Hypsypops_rubicundus_E00459,Pomacentridae,777
Labroides_dimidiatus,demersal,marine,dimidiatus,Labroides,0.0355,0.037,0.0012,0.0023,51.58875,54.6429,52.0855,58.6546,0.01525,0.0168,0.01555,0.0172,0.0113650825,0.021207942,0.142362987,0.157184334,0.144900938,0.160487514,0.00128571428571428,0.03615714285714286,50.81652857142858,47.385871428571434,0.01487142857142857,0.01548571428571428,0.01184620621428572,0.14447708285714286,0.1386640875714285,-0.02221428571428565,0.04342857142857135,-14.507428571428566,-22.81314285714281,0.01442857142857148,NA,-0.20770277178571375,NA,0.13520075785714283,0.0171428571428571,-0.03119047619047613,NA,NA,-0.01452380952380956,NA,0.16010006071428531,NA,-0.13602146904761905,2,2,1,1,2,0,2,0,2,Labridae_Labroides_dimidiatus_E00848,Labridae,1657
Lagodon_rhomboides,demersal,marine,rhomboides,Lagodon,0.03485,0.0377,0.0021,0.0025,55.5163,68.7138,51.3086,60.642,0.01565,0.0162,0.01595,0.0168,0.013499856,0.015902706,0.0999145465,0.103713389,0.101730321,0.107426023,0.00220095238095238,0.03481785714285713,50.566900714285794,54.62563333333336,0.01535,0.01448333333333333,0.01395567309523809,0.0925575066666667,0.09798955900000005,0.00222857142857142,0.097767857142857,-310.009846428571,NA,NA,NA,0.01380643285714285,NA,NA,NA,-0.07839285714285708,256.39660714285696,NA,NA,NA,NA,NA,NA,1,2,2,0,0,0,1,0,0,Sparidae_Lagodon_rhomboides_G01346,Sparidae,1480
Lepidogalaxias_salamandroides,demersal,freshwater,salamandroides,Lepidogalaxias,0.02345,0.0266,0.00675,0.0078,82.6818,94.1254,81.29745,86.065,0.01589999999999999,0.0168,0.0162,0.0173,0.076693448,0.089198669,0.181360584,0.191415648,0.1840139325,0.196941589,0.00575833333333333,0.02118749999999999,83.6576119047619,82.44617499999997,0.01431607142857142,0.01343392857142856,0.06553473709523809,0.15292869287499997,0.16282579013095233,0.00929761904761904,0.01519642857142855,17.192047619047646,NA,0.01630357142857145,0.01816071428571427,0.10259578738095254,0.20982177125000032,0.189153906666667,-0.01154761904761904,-0.02315476190476189,NA,NA,-0.01946428571428574,-0.02208333333333333,-0.1289977166666668,-0.25437379583333364,-0.22446049047619077,2,2,1,0,2,2,2,2,2,Lepidogalaxiidae_Lepidogalaxias_salamandroides_G01350,Lepidogalaxiidae,449
Lepomis_macrochirus,demersal,freshwater,macrochirus,Lepomis,0.0306,0.0316,0.00155,0.0023,65.8125,82.8093,58.9799,73.477,0.01675,0.0178,0.01555,0.0186,0.0094460095,0.014226289,0.102509324,0.108611543,0.0947981485,0.113648014,0.00156666666666666,0.03079214285714285,60.39744428571436,62.374586428571504,0.01525785714285717,0.01620357142857144,0.009574902,0.09909093311428575,0.09321095119285722,NA,0.01945357142857145,-385.29990714285736,-285.1644892857166,-0.09127500000000031,-0.04266071428571447,NA,-0.2583378047142878,-0.5563407063928585,NA,-0.01553571428571431,311.4982142857146,196.0458928571447,0.06946428571428596,0.03160714285714301,NA,0.1915539928571444,0.4234355910714297,0,2,2,2,2,2,0,2,2,Centrarchidae_Lepomis_macrochirus_E01113,Centrarchidae,1088
Lumpenus_sagitta,benthic,marine,fabricii,Lumpenus,0.0156,0.016,0.0022,0.0024,71.81784999999999,77.1991,76.5178,77.6269,0.0093,0.0099,0.00935,0.0097,0.0326488735,0.035146335,0.13944698449999998,0.148450525,0.1400494565,0.144812641,0.00181309523809523,0.01460714285714285,75.68310119047618,68.35608749999999,0.00861309523809523,0.00860416666666666,0.02701075526190474,0.12859368682142852,0.1290057572023809,0.01088095238095237,0.01546428571428575,57.259511904762,6.074910714285549,0.01402380952380951,0.01336309523809525,0.15868375333333326,0.20390045392857173,0.21138221023809525,-0.00976190476190475,-0.01511904761904765,-46.76202380952389,-20.508869047618923,-0.01357142857142856,-0.01315476190476192,-0.1418690976190476,-0.20122246547619071,-0.20345798809523813,2,2,2,2,2,2,2,2,2,Stichaeidae_Lumpenus_fabricii_E00361,Stichaeidae,1241
Malacocottus_zonurus,benthic,marine,zonurus,Malacocottus,0.0288,0.0313,0.00319999999999999,0.0035,73.6054,92.1056,76.1802,82.2953,0.0175,0.0208,0.01755,0.0196,0.012518634,0.013752321,0.0684050635,0.08105618,0.068476381,0.076492137,0.00315,0.02804476190476191,73.05771904761907,76.11788333333337,0.01594190476190476,0.01690642857142857,0.01233494216666667,0.06601933545000004,0.06227952486666667,NA,-0.00625714285714287,-17.777428571428633,NA,-0.00894285714285715,-0.04047499999999997,NA,-0.15447339110714323,-0.03469334200000006,NA,NA,NA,NA,NA,0.02660714285714284,NA,0.10107256964285746,NA,0,1,1,0,1,2,0,2,1,Psychrolutidae_Malacocottus_zonurus_E00253,Psychrolutidae,1289
Malacosteus_niger,pelagic,marine,niger,Malacosteus,0.0271,0.0278,0.0029,0.0039,82.09145,89.6855,79.7671,87.1677,0.01785,0.0192,0.01725,0.0192,0.027980256,0.037652559,0.17116765150000002,0.184340253,0.1659010215,0.184010343,0.00252559523809523,0.02416488095238094,65.79615297619043,66.66553392857138,0.0127315476190476,0.01370238095238094,0.02446738863690475,0.13130148994642848,0.12244642110119046,0.0036845238095238,0.03279166666666661,164.5158511904761,228.69673214285703,0.04602976190476185,0.05952380952380948,0.0381846242261905,0.5738664766071423,0.44135562529761857,-0.00494047619047618,-0.03577380952380948,-180.25446428571425,-233.3123214285714,-0.05267857142857139,-0.0607142857142857,-0.04898509226190479,-0.5853002660714283,-0.5050302696428568,2,2,2,2,2,2,2,2,2,Stomiidae_Malacosteus_niger_E00783,Stomiidae,507
Menidia_beryllina,demersal,freshwater,beryllina,Menidia,0.02465,0.0261,4.5e-4,9e-4,63.3786,66.5235,63.0846,67.3208,0.01295,0.0144,0.01215,0.0141,0.0030111965,0.006614462,0.094677625,0.105582825,0.0886363245,0.102905467,2.642857142857145e-4,0.02303571428571428,65.34515,63.23255714285714,0.01207142857142857,0.01284285714285714,0.00182742928571428,0.09392031357142856,0.08806327699999997,0.0074642857142857,0.0313928571428572,19.577250000000056,NA,0.0252857142857142,NA,0.05081887714285711,NA,0.1848800257142856,-0.00678571428571428,-0.03083333333333338,NA,NA,-0.0216666666666666,NA,-0.0464991095238095,NA,-0.15894137380952372,2,2,1,0,2,0,2,0,2,Atherinopsidae_Menidia_beryllina_E00174,Atherinopsidae,749
Microgadus_proximus,demersal,marine,proximus,Microgadus,0.02215,0.0231,0.00185,0.0023,79.80015,88.1967,80.80879999999999,94.3238,0.0149,0.0164,0.0147,0.0164,0.0146121715,0.018800033,0.119902659,0.131276067,0.117935926,0.132003112,0.00165714285714285,0.02132857142857142,73.49306428571427,79.05792142857143,0.0130642857142857,0.01436428571428571,0.01319349599999999,0.1153646742142857,0.104926944,0.0087142857142857,NA,-15.698321428571148,60.8599642857144,0.00796428571428577,0.02803571428571425,0.06975549285714286,0.22080706892857152,0.0576524942857143,-0.00761904761904761,NA,-26.32583333333353,-60.42392857142864,-0.01250000000000004,-0.02511904761904759,-0.06136812142857143,-0.1981785416666667,-0.09527913809523812,2,0,2,2,2,2,2,2,2,Gadidae_Microgadus_proximus_E00333,Gadidae,634
Mugil_cephalus,pelagic,marine,cephalus,Mugil,0.03725,0.0396,6.000000000000001e-4,8e-4,58.1031,62.3396,54.2209,61.2156,0.018,0.0182,0.01745,0.018,0.00344954399999999,0.004892389,0.1058095385,0.106906248,0.1028881485,0.105680166,6.428571428571426e-4,0.03618571428571429,58.1696642857143,61.09005,0.0175142857142857,0.01816428571428571,0.00384271599999999,0.10682413278571427,0.10301742357142858,0.00314285714285713,0.0545000000000001,20.502035714285707,31.38696428571457,0.03592857142857144,0.02260714285714288,0.0175128121428571,0.13460653178571422,0.2119638735714286,-0.00238095238095237,-0.04690476190476198,NA,-9.355119047619253,-0.02714285714285715,-0.01416666666666669,-0.01271973571428568,-0.08475541309523806,-0.16026206190476194,2,2,1,2,2,2,2,2,2,Mugilidae_Mugil_cephalus_E00049,Mugilidae,817
Myoxocephalus_polyacanthocephalus,benthic,marine,polyacanthocephalus,Myoxocephalus,0.02575,0.0293,0.0026,0.0034,79.8681,111.8336,78.887200000000007,90.5408,0.0172,0.0209,0.01645,0.0179,0.0071023575,0.009270662,0.046723877,0.056775106,0.044718726,0.04877354,0.00240714285714284,0.02539142857142858,78.26158333333338,76.65753785714293,0.01525333333333333,0.01640285714285715,0.0065116777285714,0.04459693292142861,0.04151070434285715,0.02875000000000004,-0.00505714285714287,NA,-384.5691464285706,-0.0062,-0.04788571428571445,0.07980125092857152,-0.12894120117857197,-0.01685992771428572,-0.02321428571428576,NA,NA,263.87589285714233,NA,0.03142857142857155,-0.06457204642857153,0.08440465892857187,NA,2,1,0,2,1,2,2,2,1,Psychrolutidae_Myoxocephalus_polyacanthocephalus_E00267,Psychrolutidae,1298
Myripristis_jacobus,demersal,marine,murdjan,Myripristis,0.0355,0.0375,0.0018,0.0035,64.2381,86.9638,61.60095,73.0421,0.01875,0.0234,0.01885,0.0221,0.0078157805,0.015134502,0.08078366649999999,0.100758822,0.081359966,0.095412051,0.00234714285714284,0.03536500000000001,61.82951071428579,62.34506785714291,0.01799071428571431,0.01809428571428573,0.01019272511428567,0.07799914492857149,0.07753440898571437,0.03727857142857144,0.02647499999999993,-385.8206964285723,-301.2072678571432,-0.09328214285714304,-0.07372857142857156,0.1615483202857144,-0.31839476607142864,-0.40185898664285863,-0.02678571428571431,-0.02374999999999995,305.93910714285795,211.24482142857175,0.06982142857142874,0.05214285714285726,-0.11588885714285728,0.22551760357142872,0.3005438892857155,2,2,2,2,2,2,2,2,2,Holocentridae_Myripristis_murdjan_M17691,Holocentridae,670
Nannaethiops_unitaeniatus,demersal,freshwater,ansorgii,Neolebias,0.03195,0.033,0.00115,0.0015,67.64519999999999,76.5354,64.14435,78.5526,0.0175,0.0207,0.01745,0.0204,0.007955212,0.010319145,0.1225153045,0.145359295,0.1225877705,0.143305911,7.285714285714265e-4,0.03244285714285714,67.87360000000001,69.54809999999999,0.01812857142857143,0.01835714285714286,0.00515773092857142,0.12882962542857146,0.12734324642857148,0.01607142857142855,0.00364285714285715,-295.0428571428557,NA,-0.04192857142857121,-0.04607142857142839,0.11184885464285696,-0.32545679499999924,-0.2957662042857135,-0.01380952380952379,NA,246.5095238095228,NA,0.03690476190476174,0.03928571428571415,-0.09579822499999988,0.27767997142857087,0.26004566904761844,2,1,2,0,2,2,2,2,2,Distichodontidae_Neolebias_ansorgii_P02_G08_RG68,Distichodontidae,342
Nealotus_tripes,pelagic,marine,tripes,Nealotus,0.02565,0.026,0.00174999999999999,0.0027,49.08955,51.6762,50.95195,66.1721,0.01075,0.0113,0.0106,0.0114,0.033078762,0.049317706,0.19931071,0.209555364,0.197780516,0.212244727,0.00189999999999999,0.02504345238095237,56.389792857142865,43.03000833333331,0.01089464285714285,0.00969464285714285,0.035215661375,0.1799682474345237,0.20240357776190465,NA,0.05304166666666665,-143.1253571428567,-24.04141666666663,0.01576785714285716,0.02537499999999997,NA,0.4596485275595239,0.2926232726190477,NA,-0.04422619047619047,138.66142857142822,NA,-0.01196428571428573,-0.02398809523809522,NA,-0.43561109940476206,-0.222336611904762,0,2,2,1,2,2,0,2,2,Gempylidae_Nealotus_tripes_E00287,Gempylidae,1953
Nectamia_fusca,demersal,marine,fusca,Nectamia,0.0351,0.0369,4.5e-4,0.009,65.439,78.0513,64.78045,77.6795,0.01925,0.0208,0.01805,0.0215,0.0023016135,0.044516895,0.0953924655,0.103258252,0.0895170575,0.106633129,-3.74285714285695e-4,0.03652142857142856,63.18221666666667,62.70988333333333,0.01903714285714285,0.01980571428571429,-0.00179517890714273,0.09836780937142858,0.09446596493333334,-0.11818571428571426,0.07796428571428585,NA,NA,0.01191428571428569,0.01537142857142856,-0.5832094228928566,0.07680066914285716,0.05912454399999988,0.08214285714285716,-0.04392857142857157,NA,NA,NA,NA,0.4051826160714283,NA,NA,2,2,0,0,1,1,2,1,1,Apogonidae_Nectamia_fusca_E00732,Apogonidae,1720
Novumbra_hubbsi,demersal,freshwater,hubbsi,Novumbra,0.02565,0.027,0.0034,0.0036,79.08279999999999,86.4207,66.25495000000001,79.9925,0.0146,0.0149,0.0155,0.0163,0.0207062965,0.021831496,0.088567328,0.090639084,0.0939587755,0.099242713,0.00344285714285714,0.02472857142857143,73.20074285714288,72.62997142857144,0.01481428571428571,0.01452857142857142,0.02097203128571428,0.08813092828571427,0.08982754085714284,0.0015,0.01992857142857142,-138.35435714285674,-24.517357142857087,0.009,NA,0.00922259,NA,0.05483502857142925,NA,-0.01952380952380952,133.76380952380924,NA,-0.00999999999999999,NA,NA,NA,-0.06147700000000049,1,2,2,1,2,0,1,0,2,Umbridae_Novumbra_hubbsi_G01402,Umbridae,463
Oncorhynchus_gorbuscha,demersal,NA,nerka,Oncorhynchus,0.02095,0.0219,0.0062,0.0073,103.99375,117.3519,111.24705,117.9191,0.01735,0.0181,0.01675,0.0181,0.052485972,0.061699555,0.1476011625,0.15420784,0.14238566749999998,0.153492975,0.00609285714285713,0.02139404761904761,111.69947499999996,100.52642261904762,0.01701785714285714,0.01734940476190476,0.05155768051190475,0.14759896469047615,0.1445762204047619,0.01157142857142857,0.03822619047619052,NA,-23.792559523809505,0.03207142857142857,0.03356547619047621,0.09466640261904773,0.28413375619047593,0.2724684908333333,-0.01,-0.02583333333333337,NA,NA,-0.02333333333333333,-0.0242261904761905,-0.08219457857142867,-0.2046359880952379,-0.19830024404761903,2,2,0,1,2,2,2,2,2,Salmonidae_Oncorhynchus_nerka_mykiss_E00437,Salmonidae,466
Ophidion_scrippsae,demersal,marine,holbrookii,Ophidion,0.0177,0.0209,0.00159999999999999,0.0021,77.99244999999999,84.3056,76.3866,79.5828,0.0111,0.0125,0.01125,0.0143,0.018802849,0.0238897,0.12892172400000002,0.145697081,0.131037527,0.165704992,0.00102916666666666,0.01544583333333333,77.01586249999998,71.80993214285712,0.00934166666666666,0.00910833333333333,0.01208172205357142,0.10575377208333332,0.10879140184523806,0.00400595238095238,0.00531547619047621,NA,-39.15482142857141,-0.00194047619047618,-0.01041666666666665,0.0451254001785714,-0.12089396416666665,-0.0245882386904756,-0.00529761904761904,-0.01577380952380953,NA,NA,-0.00797619047619048,NA,-0.06016603988095236,NA,-0.0903455797619052,2,2,0,1,2,1,2,1,2,Ophidiidae_Ophidion_holbrookii_E01033,Ophidiidae,1986
Ophiodon_elongatus,benthic,marine,decagrammus,Hexagrammos,0.01795,0.0184,0.0019,0.003,79.64375000000001,82.419,77.2277,82.6255,0.01125,0.0125,0.0118,0.0124,0.016699848,0.026314935,0.099756736,0.110383862,0.104838241,0.110215775,0.00184999999999999,0.01722857142857143,78.41107142857142,79.04027142857142,0.01124999999999999,0.01143571428571428,0.01621505464285714,0.10139590321428568,0.09953151557142852,0.02110714285714279,0.00428571428571435,NA,71.38235714285736,0.00267857142857145,0.01932142857142857,0.18942167821428516,0.16483012964285712,0.0240368914285718,-0.01726190476190471,-0.00595238095238099,NA,-57.90000000000017,-0.00464285714285716,-0.01535714285714286,-0.15515813928571387,-0.13064572499999996,-0.04231234523809552,2,2,0,2,2,2,2,2,2,Hexagrammidae_Hexagrammos_decagrammus_E00348,Hexagrammidae,1269
Opsanus_pardus,benthic,marine,pardus,Opsanus,0.0283,0.0308,0.001,0.0038,74.51175,103.2669,71.4764,76.1214,0.0172,0.0237,0.0152,0.0179,0.0046657555,0.017211794,0.07739075000000001,0.106692063,0.068226693,0.080548939,0.00123333333333333,0.02541785714285713,70.34290000000001,70.50361214285722,0.01374380952380952,0.01487214285714287,0.0056582505,0.0669343336071429,0.06180939618095241,NA,0.01605357142857113,NA,-305.5315321428569,-0.00848571428571429,-0.05977500000000019,NA,-0.27183296946428565,-0.03808811657142858,NA,-0.02410714285714265,NA,197.18517857142845,NA,0.03303571428571442,NA,0.15082671607142856,NA,0,2,0,2,1,2,0,2,1,Batrachoididae_Opsanus_pardus_E00513,Batrachoididae,1962
Osteoglossum_bicirrhosum,demersal,freshwater,bicirrhosum,Osteoglossum,0.01834999999999999,0.0191,0.00475,0.0062,98.1881,106.4079,106.72355,110.274,0.0142,0.0153,0.01475,0.0153,0.036071541,0.047071699,0.107503362,0.115762572,0.1116957745,0.115995698,0.00442142857142856,0.01767857142857142,102.46344285714284,89.92034285714284,0.01293571428571428,0.01257142857142857,0.03367127057142853,0.0950523119285714,0.0981341665,0.03839285714285707,0.07353571428571419,136.43385714285745,126.56385714285663,0.02696428571428567,0.02621428571428562,0.29388315071428517,0.1947149075,0.20942675678571415,-0.03178571428571424,-0.05869047619047612,-121.0223809523812,-130.8854761904758,-0.02702380952380948,-0.0266666666666666,-0.2429917880952377,-0.199497225,-0.20856713214285705,2,2,2,2,2,2,2,2,2,Osteoglossidae_Osteoglossum_bicirrhosum_E00084,Osteoglossidae,44
Parophrys_vetulus,benthic,marine,vetulus,Parophrys,0.02345,0.0247,0.00285,0.0035,84.45760000000001,98.6408,88.91025,94.593,0.01585,0.0172,0.01555,0.0177,0.0321750175,0.039939595,0.181418122,0.19775431500000001,0.1783829995,0.203198556,0.00244285714285714,0.02364285714285715,86.34872857142855,79.43562857142857,0.01542857142857142,0.01549285714285714,0.02800423499999997,0.1778773929285714,0.17700414028571426,0.00699999999999999,-0.01878571428571424,93.39778571428572,65.57578571428625,0.01099999999999994,-0.00353571428571427,0.07285398499999991,-0.03987633178571415,0.12832702428571408,-0.00738095238095237,0.01642857142857139,-88.25309523809524,-81.79904761904803,-0.01166666666666662,NA,-0.0777480904761904,NA,-0.1353115023809522,2,2,2,2,2,1,2,1,2,Pleuronectidae_Parophrys_vetulus_E00445,Pleuronectidae,974
Percopsis_omiscomaycus,demersal,freshwater,omiscomaycus,Percopsis,0.02595,0.0275,7e-4,9e-4,70.82005000000001,76.852,70.5769,75.0726,0.01565,0.0161,0.01495,0.0156,0.004037364,0.0051729,0.0947304225,0.09738442,0.0901133235,0.094371173,7.071428571428574e-4,0.02667857142857142,69.78587142857144,68.02634285714284,0.01435,0.01577142857142857,0.00424222157142856,0.0952548687142857,0.08666913578571431,0.0084642857142857,0.03167857142857134,-245.84607142857072,-149.7078571428567,-0.05639285714285704,0.00257142857142858,0.04730061428571423,0.01513918714285722,-0.3441610717857138,-0.00654761904761903,-0.02345238095238088,193.48142857142804,104.0697619047616,0.04154761904761898,NA,-0.0363313333333333,NA,0.25386781071428544,2,2,2,2,2,1,2,1,2,Percopsidae_Percopsis_omiscomaycus_G01433,Percopsidae,588
Phalacronotus_bleekeri,demersal,freshwater,bleekeri,Phalacronotus,0.01895,0.021,3e-4,5e-4,68.41775,81.4093,66.2071,85.0826,0.011,0.0141,0.01015,0.0135,0.0029740775,0.005608364,0.117401883,0.149944806,0.107952859,0.143425604,3.0000000000000003e-4,0.01586428571428572,56.10598571428572,58.39585714285715,0.00721428571428571,0.00819285714285714,0.00322426014285714,0.08752393057142857,0.07680345592857142,NA,0.02874999999999997,-74.56557142857137,-61.46007142857136,0.00564285714285711,0.00510714285714283,NA,0.0543912121428569,0.05764024678571445,NA,-0.03464285714285712,NA,NA,-0.0183333333333333,-0.01678571428571427,NA,-0.17871301666666647,-0.19297214404761912,0,2,1,1,2,2,0,2,2,Siluridae_Phalacronotus_bleekeri_P02_A04_RG07,Siluridae,287
Pholis_laeta,demersal,marine,ornata,Pholis,0.0163,0.0172,0.001,0.0016,90.15305,98.4982,54.26075,60.6636,0.00854999999999999,0.009,0.0098,0.0105,0.017860255,0.028261639,0.153006642,0.161778302,0.1755745765,0.187457823,6.982142857142844e-4,0.01547738095238094,54.68515,90.45096249999996,0.00915833333333333,0.00773869047619047,0.01264506044047615,0.13886982247619042,0.16889990562499996,0.00891071428571428,0.01338095238095245,NA,NA,0.01033333333333337,0.0077797619047619,0.1603024533333333,0.1407640515476199,NA,-0.00839285714285714,-0.01357142857142863,NA,NA,-0.01000000000000003,-0.00875,-0.15056359523809523,-0.1568634488095245,NA,2,2,0,0,2,2,2,2,0,Pholidae_Pholis_ornata_N01732,Pholidae,1247
Phytichthys_chirus,benthic,marine,violaceus,Cebidichthys,0.0159,0.0176,0.0015,0.0023,75.2132,88.6762,57.58135,62.2479,0.00785,0.0092,0.00945,0.0107,0.0228199555,0.03562753,0.1201446675,0.141383892,0.1446158045,0.163405377,0.00159999999999999,0.01500238095238094,55.17501904761904,66.81629107142854,0.00813333333333333,0.00695119047619047,0.02458753399999999,0.10638327160714282,0.1248836235416666,NA,-0.00569047619047619,-12.667773809523812,105.1409107142858,0.00729761904761905,-0.0015952380952380899,NA,-0.0243886639285712,0.11505266434523846,NA,NA,NA,-123.8514880952382,-0.01154761904761905,-0.00333333333333333,NA,-0.05115088214285734,-0.1786336839285717,0,1,1,2,2,2,0,2,2,Stichaeidae_Cebidichthys_violaceus_N30217,Stichaeidae,1236
Pimelodella_cristata,demersal,freshwater,cristata,Pimelodella,0.02525,0.027,5.5e-4,0.0015,72.95085,75.4012,72.37559999999999,74.2281,0.01505,0.0159,0.0148,0.0165,0.0037188805,0.010148542,0.099895382,0.105426845,0.098512517,0.109584455,6.999999999999988e-4,0.02502857142857142,71.34492142857142,68.74362142857143,0.01394285714285714,0.01462857142857142,0.00471107835714284,0.09709252342857144,0.0926494227142857,0.01399999999999996,0.05371428571428568,-175.24639285714264,-28.748464285714252,0.01842857142857136,0.0129285714285715,0.0942561053571426,0.08440211071428577,0.12214558642857198,-0.01119047619047616,-0.04357142857142854,126.62369047619032,NA,-0.01880952380952376,-0.01261904761904767,-0.07532314404761888,-0.0828692904761905,-0.1249848952380956,2,2,2,1,2,2,2,2,2,Heptapteridae_Pimelodella_cristata_P02_E03_RG87,Heptapteridae,332
Poecilia_reticulata,demersal,freshwater,latipinna,Poecilia,0.0311,0.0393,0.00205,0.0024,68.40215,109.7406,58.2696,78.7895,0.01645,0.0318,0.01575,0.0169,0.012136751,0.013975653,0.0977244905,0.188828935,0.093652637,0.100509113,0.00236642857142856,0.02986285714285715,70.9184819047619,67.54242857142859,0.01636285714285714,0.0187,0.01390660035714283,0.11112220300000004,0.09722160723809524,0.01835357142857144,-0.01391428571428573,79.81565714285713,-55.107142857142925,0.00408571428571427,NA,0.0997285203571429,NA,0.02379313714285709,-0.01196428571428573,NA,NA,NA,NA,NA,-0.06417391785714292,NA,NA,2,1,1,1,1,0,2,0,1,Poeciliidae_Poecilia_latipinna_reticulata_E01065,Poeciliidae,732
Polymixia_lowei,demersal,marine,lowei,Polymixia,0.0315,0.032,0.0022,0.0032,65.40245,67.0686,62.93945,64.2433,0.01625,0.0169,0.0169,0.0174,0.017111801,0.02438258,0.1254925155,0.130298524,0.1301705345,0.134562794,0.00253571428571428,0.03158571428571428,61.82671428571428,63.47187142857143,0.01691428571428572,0.01637142857142856,0.01960583385714284,0.12632666714285712,0.13037999328571429,0.02046428571428568,-0.02221428571428558,NA,24.909071428571668,NA,NA,0.1555064349999998,NA,NA,-0.01559523809523807,0.01761904761904752,NA,-28.382380952381126,NA,NA,-0.11784971666666656,NA,NA,2,2,0,2,0,0,2,0,0,Polymixiidae_Polymixia_lowei_E01025,Polymixiidae,641
Polypterus_senegalus,demersal,freshwater,senegalus,Polypterus,0.026,0.0263,7e-4,0.0011,84.11085,98.3547,80.726,85.1025,0.0166,0.0179,0.0175,0.0188,0.005472848,0.0089444,0.129975356,0.140368315,0.1372662095,0.147224503,4.065476190476193e-4,0.02447023809523809,79.08624285714284,82.29435833333332,0.01575357142857142,0.01583928571428571,0.00329091595238094,0.12404980342857144,0.12354002161309516,0.00710119047619047,0.01534523809523812,-12.35742857142851,-22.49416666666665,0.01785714285714287,-0.00414285714285713,0.0576429852380952,-0.03314973428571426,0.14016562970238103,-0.00624999999999999,-0.01654761904761908,NA,NA,-0.02047619047619048,NA,-0.05065247142857141,NA,-0.1606025708333334,2,2,1,1,2,1,2,1,2,Polypteridae_Polypterus_senegalus_G01446,Polypteridae,12
Remora_remora,benthic,marine,osteochir,Remora,0.03215,0.0362,0.00165,0.0019,52.0248,57.6151,53.18815,54.6796,0.0148,0.0152,0.01424999999999999,0.0149,0.0112002945,0.012648291,0.101114507,0.103862122,0.097361183,0.10165309,0.00127857142857142,0.03440714285714286,47.52414285714285,50.587628571428525,0.01367857142857142,0.0149142857142857,0.00889381764285713,0.1019463096428571,0.0936134509285714,0.01289285714285713,0.01039285714285715,86.29328571428569,177.85442857142837,0.02317857142857145,0.04764285714285717,0.08563596964285705,0.3266019453571426,0.15888747035714287,-0.01107142857142856,NA,-82.61166666666665,-147.83999999999986,-0.01964285714285716,-0.03523809523809526,-0.07305343690476185,-0.24164249642857125,-0.13424284166666667,2,1,2,2,2,2,2,2,2,Echeneidae_Remora_osteochir_australis_E00503,Echeneidae,1047
Risor_ruber,benthic,marine,ruber,Risor,0.0361,0.0405,0.00275,0.0057,65.10425000000001,72.3713,53.79695,71.1907,0.01685,0.021,0.0168,0.0207,0.0185453435,0.038384325,0.114181297,0.141982765,0.1136585105,0.14056821,0.0029,0.03313571428571429,53.39160714285714,59.63110714285716,0.01455714285714286,0.01627857142857143,0.01962771142857142,0.11029612157142853,0.09852408864285717,NA,0.0830357142857142,-420.379392857142,-259.3407499999994,-0.06949999999999971,-0.00782142857142857,NA,-0.05243234785714279,-0.4710752432142839,NA,-0.07797619047619042,335.5470238095232,192.35630952380913,0.04619047619047597,NA,NA,NA,0.31283236309523677,0,2,2,2,2,1,0,1,2,Gobiidae_Risor_ruber_E00107,Gobiidae,1747
Roeboides_affinis,demersal,freshwater,descalvadensis,Roeboides,0.02645,0.0277,0.0023,0.0026,76.02340000000001,85.944,74.094,76.0311,0.01625,0.0178,0.01615,0.0169,0.025532654,0.028906098,0.1803677865,0.197167716,0.17892362099999998,0.187180674,0.00241428571428571,0.0263642857142857,73.15447142857143,70.36070714285715,0.01504999999999999,0.01585714285714285,0.02662886935714284,0.17584876257142856,0.16681842507142858,0.0087142857142857,0.01767857142857141,-6.7026428571428145,-41.26596428571421,-0.00503571428571427,-0.00449999999999998,0.09189313892857132,-0.05057051285714267,-0.05655767321428563,-0.00642857142857141,-0.01535714285714284,NA,NA,NA,NA,-0.06839899880952373,NA,NA,2,2,1,1,1,1,2,1,1,Characidae_Roeboides_descalvadensis_P3_G04_RG35,Characidae,375
Ronquilus_jordani,benthic,marine,signatus,Bathymaster,0.0233,0.025,0.0013,0.0015,71.6132,74.1473,67.94345000000001,71.3196,0.01325,0.0142,0.01325,0.0152,0.0104876925,0.012355034,0.106384262,0.113839189,0.106405542,0.122404887,0.00132857142857142,0.02163571428571429,67.52357142857144,63.38232857142855,0.01167857142857142,0.01173571428571428,0.01065809614285714,0.09418064349999997,0.09366398185714288,0.00421428571428571,0.00496428571428565,NA,32.67985714285726,0.0031071428571429,0.00610714285714287,0.03481386285714284,0.05432096964285721,0.02676828285714308,-0.00333333333333333,-0.01059523809523805,NA,-53.62547619047627,-0.00892857142857146,-0.01035714285714287,-0.02806835476190474,-0.08745123690476195,-0.0737073690476192,2,2,0,2,2,2,2,2,2,Bathymasteridae_Bathymaster_signatus_E00420,Bathymasteridae,1234
Salarias_fasciatus,benthic,marine,fasciatus,Salarias,0.03075,0.0344,0.0018,0.0025,72.76315,77.8029,75.22775,85.4897,0.01805,0.0204,0.0182,0.0202,0.0102999105,0.014396977,0.1043956655,0.11769137,0.105048207,0.116625011,0.00144999999999999,0.02790714285714285,79.3569,72.27615,0.01692857142857142,0.0172,0.00838885585714284,0.09919120707142856,0.09783061792857144,0.0109642857142857,0.03660714285714289,33.97500000000002,122.46917857142816,0.03614285714285722,0.03371428571428571,0.06491531357142849,0.1949537182142861,0.20810207178571444,-0.01011904761904761,-0.04083333333333337,NA,-96.69940476190445,-0.03380952380952386,-0.03119047619047618,-0.05949163333333328,-0.1807014250000003,-0.19451514404761916,2,2,1,2,2,2,2,2,2,Blenniidae_Salarias_fasciatus_E00988,Blenniidae,877
Scomber_japonicus,pelagic,marine,japonicus,Scomber,0.031,0.0314,0.0025,0.003,61.134150000000005,63.2238,54.7488,58.1623,0.015,0.0157,0.01495,0.0156,0.022831279,0.027196821,0.13641062199999998,0.14310947,0.135933925,0.142105897,0.00251428571428571,0.03144285714285713,56.10578571428571,59.69062142857143,0.01510714285714285,0.01514285714285714,0.02270583292857141,0.13794465464285716,0.13738552114285713,0.01549999999999997,0.04500000000000006,NA,-11.391678571428509,0.00303571428571429,0.01300000000000002,0.13732817035714262,0.12395915178571364,0.02700685928571431,-0.01238095238095236,-0.03000000000000004,NA,NA,NA,-0.00857142857142858,-0.110452732142857,-0.0826155392857138,NA,2,2,0,1,1,2,2,2,1,Scombridae_Scomber_japonicus_E00247,Scombridae,1908
Serrasalmus_rhombeus,demersal,freshwater,rhombeus,Serrasalmus,0.02754999999999999,0.0314,0.00174999999999999,0.0031,90.2179,92.9137,90.3616,93.53,0.0194,0.0208,0.01935,0.021,0.0112718285,0.019571395,0.124336748,0.133468864,0.1239816265,0.134653176,0.00195,0.02538857142857144,93.47267785714284,89.56741666666669,0.01818095238095238,0.01859809523809524,0.01245497283333333,0.11923335299047624,0.11664988305714288,NA,-0.01274285714285715,182.3590964285715,NA,-0.00657142857142857,-0.00445714285714287,NA,-0.02839940228571435,-0.04161812628571442,NA,NA,-116.60196428571442,NA,NA,NA,NA,NA,NA,0,1,2,0,1,1,0,1,1,Serrasalmidae_Serrasalmus_rhombeus_P1_A02_RG27,Serrasalmidae,427
Sphyraena_sphyraena,pelagic,marine,sphyraena,Sphyraena,0.03425,0.0383,0.001,0.0022,42.44155,49.1276,39.4812,44.6217,0.0118,0.0126,0.0124,0.0129,0.01150162949999999,0.024806023,0.13589229549999998,0.145951715,0.1432115145,0.148764025,0.0014095238095238,0.03192380952380953,42.33888,46.43217285714283,0.01233285714285714,0.01175,0.01212658766666667,0.1356278903333333,0.14233794698571428,0.00228571428571428,-0.0162857142857143,18.276199999999964,109.48295000000002,0.01849285714285703,NA,NA,NA,0.20817278835714184,NA,NA,NA,-69.58178571428577,-0.01464285714285707,NA,NA,NA,-0.1648240607142851,1,1,1,2,2,0,0,0,2,Sphyraenidae_Sphyraena_sphyraena_E01143,Sphyraenidae,920
Stenobrachius_leucopsarus,pelagic,marine,leucopsarus,Stenobrachius,0.02875,0.03,0.0034,0.0037,71.52860000000001,78.1716,64.42415,70.6125,0.01545,0.018,0.01664999999999999,0.018,0.0378192455,0.041890447,0.1739131155,0.202254392,0.187328331,0.202254392,0.00348214285714285,0.02820654761904761,65.09502499999999,70.29840416666664,0.01585833333333332,0.01580892857142856,0.03888341778571428,0.17795391436904762,0.1784496858988095,0.00117857142857143,0.02149404761904769,NA,147.37047023809487,0.02786904761904763,0.03455357142857139,0.01279866214285714,0.3859186904761898,0.3064188239880958,NA,-0.01922619047619054,NA,-125.34351190476164,-0.02511904761904763,-0.02839285714285712,NA,-0.3166312666666662,-0.2759110446428576,1,2,0,2,2,2,1,2,2,Myctophidae_Stenobrachius_leucopsarus_E00067,Myctophidae,559
Stephanolepis_hispidus,demersal,marine,hispidus,Stephanolepis,0.0552,0.0567,0.0029,0.0062,72.9726,86.2852,64.8267,67.713,0.0293,0.0331,0.0323,0.0339,0.009799386,0.021205191,0.100362379,0.11338963,0.110680355,0.116286585,0.00464285714285712,0.05483,57.08123428571426,63.50447,0.02905428571428569,0.02683,0.01585981508571429,0.09205998869999998,0.0995920526285714,0.14570000000000097,0.01989999999999999,220.61820000000313,-70.09650000000002,0.13160000000000127,-0.01949999999999999,0.4969139810000036,-0.06628099099999991,0.4526497460000029,-0.09928571428571498,NA,-194.1414285714307,NA,-0.11142857142857232,NA,-0.3384688785714311,NA,-0.3831020428571449,2,1,2,1,2,1,2,1,2,Monacanthidae_Stephanolepis_hispidus_E00646,Monacanthidae,1429
Symphysodon_discus,demersal,freshwater,discus,Symphysodon,0.0343,0.0378,0.0023,0.0041,96.8357,106.5357,79.0817,91.3359,0.0242,0.0277,0.02395,0.0264,0.0121403595,0.021539618,0.1275614775,0.146007993,0.126539671,0.139240978,0.00297142857142857,0.03323571428571428,83.88689285714287,99.21531428571429,0.0235142857142857,0.0244142857142857,0.01567717021428571,0.12873008442857142,0.12417237214285716,0.00442857142857142,0.07053571428571423,-112.82696428571388,NA,NA,0.07842857142857138,0.02344710607142856,0.4147630328571424,NA,NA,-0.06035714285714282,108.40702380952352,NA,NA,-0.06119047619047615,NA,-0.32367572619047585,NA,1,2,2,0,0,2,1,2,0,Cichlidae_Symphysodon_discus_E00390,Cichlidae,695
Trachurus_trachurus,pelagic,marine,lathami,Trachurus,0.04335,0.0456,7.5e-4,9e-4,54.45375,65.0717,51.65465,57.1755,0.0187,0.0205,0.0206,0.0211,0.005066913,0.00645783,0.129951417,0.142370322,0.143314159,0.146443722,7.257142857142853e-4,0.04432476190476191,48.50954857142857,49.19464285714288,0.01951071428571428,0.01776214285714286,0.00519938133333333,0.12353971407857148,0.13558179414285715,0.00252857142857144,0.00594285714285713,-20.28434285714288,-37.30871428571435,0.01658928571428576,-0.01106785714285727,NA,-0.07467310525000109,0.11709963214285717,-0.00214285714285715,NA,NA,NA,-0.0166071428571429,0.00339285714285724,NA,0.02217661964285794,-0.11673770714285728,2,1,1,1,2,2,0,2,2,Carangidae_Trachurus_lathami_E00598,Carangidae,1019
