Species,Indiv,Habitat,Water_Type,MatchSpecies,alltaxon,Order,Family,fineness,CBL_med,CBL_max,CBL_mn,d_med,d_max,d_mn,alphaAnt_med,alphaAnt_max,alphaAnt_mn,alphaPos_med,alphaPos_max,alphaPos_mn,DAnt_med,DAnt_max,DAnt_mn,DPos_med,DPos_max,DPos_mn,dBW_med,dBW_max,dBW_mn,DAntBW_med,DAntBW_max,DAntBW_mn,DPosBW_med,DPosBW_max,DPosBW_mn,d_normCBL_med,d_normCBL_max,d_normCBL_mn,d_normD_med,d_normD_max,d_normD_mn,Iratio_med,Iratio_max,Iratio_mn,Tip
Abramis_brama,1,pelagic,freshwater,Alburnus_alburnus,Actinopterygii-Actinopteri-Neopterygii-Teleostei-Osteoglossocephalai-Clupeocephala-Otomorpha-Ostariophysi-Otophysa-Cypriniphysae,Cypriniformes,Cyprinidae,8.952156735,0.01664552238805979,0.01772611940298506,0.01628768656716421,8.500000000000001e-4,0.0018,0.001,88.71505,93.9381,88.28855,84.15735000000001,86.8924,83.27525,0.0155,0.016,0.01535,0.01515,0.016,0.01496666666666666,0.00768282099999999,0.016033714,0.0088630805,0.1386248155,0.142833665,0.1372664035,0.1354180725,0.142833665,0.13381470116666666,0.05489329948567451,0.1107794056859406,0.06147973638977967,0.05791964904179174,0.11688311688311688,0.06570471817323693,0.9999881450040472,0.9999968569915824,0.9999595096327012,7803
Alectis_ciliaris,1,pelagic,marine,Alectis_ciliaris,Actinopterygii-Actinopteri-Neopterygii-Teleostei-Osteoglossocephalai-Clupeocephala-Euteleosteomorpha-Neoteleostei-Eurypterygia-Ctenosquamata-Acanthomorphata-Euacanthomorphacea-Percomorphaceae-Carangaria-,Carangiformes,Carangidae,8.754754029,0.03462828535669592,0.03567209011264081,0.03260523571130581,0.0017,0.0045,0.00218333333333333,76.5827,89.624,78.15756666666667,76.10925,86.3325,76.7483,0.0258,0.0292,0.02595,0.0271,0.0283,0.02608333333333333,0.015113313,0.039118657,0.0191531875,0.2261229885,0.255888773,0.22733409783333333,0.237221361,0.247538183,0.22838240633333337,0.04927499826909835,0.20182996996828445,0.07488105524474764,0.05964912280701755,0.2054794520547945,0.08811577444270019,0.999969898752378,0.999999660140488,0.9995993534240568,2584
Alosa_pseudoharengus,1,pelagic,anadromous,Alosa_pseudoharengus,Actinopterygii-Actinopteri-Neopterygii-Teleostei-Osteoglossocephalai-Clupeocephala-Otomorpha-Clupei-,Clupeiformes,Clupeidae,7.389719098,0.01654534398888117,0.01734954829742881,0.01602756543896227,0.00334999999999999,0.004,0.00331666666666666,86.9591,101.3525,89.14675,91.08,95.8023,91.543,0.01625,0.0166,0.01596666666666666,0.01615,0.0169,0.01621666666666666,0.0249576335,0.029579418,0.0246067205,0.1200893545,0.122631336,0.118112258,0.119344734,0.124942228,0.119883942,0.20429978503757296,0.23621627167333537,0.2058090038137335,0.20589735355786848,0.2416918429003021,0.2055240128820318,0.9982014215661464,0.9995274878822282,0.998008894256528,11146
Amia_calva,1,demersal,freshwater,Amia_calva,Actinopterygii-Actinopteri-Neopterygii-Holostei-,Amiiformes,Amiidae,6.71950057,0.00982788595271213,0.0112896383866481,0.00878714649976821,0.0056,0.007,0.00558333333333333,131.8089,143.0377,131.50296666666668,122.36705,141.4651,126.51306666666667,0.01915,0.0202,0.01823333333333333,0.0186,0.0199,0.0177,0.0375614705,0.047250163,0.03756281283333333,0.12892981850000002,0.135877766,0.122596587,0.12493238,0.133776847,0.1189060025,0.5143469893348926,1.2491158404169451,0.7325227475971174,0.30803740679893843,0.4347826086956522,0.3200680994855377,0.990359097901786,0.9982514505494624,0.9848700053806272,11598
Ammodytes_personatus,1,demersal,marine,Ammodytes_personatus,Actinopterygii-Actinopteri-Neopterygii-Teleostei-Osteoglossocephalai-Clupeocephala-Euteleosteomorpha-Neoteleostei-Eurypterygia-Ctenosquamata-Acanthomorphata-Euacanthomorphacea-Percomorphaceae-Eupercaria-,Uranoscopiformes,Ammodytidae,16.87886312,0.01320041079812204,0.01408372456964008,0.01325120631194573,0.0023,0.0043,0.0026,67.78435,75.1987,65.97771666666667,64.75215,68.91,64.36175,0.0084,0.0092,0.00825,0.00879999999999999,0.0096,0.00888333333333333,0.0382658625,0.072181605,0.04366949,0.1416123915,0.15592577,0.139037789,0.1480174735,0.162727828,0.1497674365,0.17744760561022505,0.3331908508026024,0.19738393561382797,0.2730186685452624,0.4673913043478261,0.30326668427480924,0.9944412667955465,0.9984350671624882,0.9866489642786496,5297
Anodontostoma_chacunda,1,pelagic,freshwater,Dorosoma_cepedianum,Actinopterygii-Actinopteri-Neopterygii-Teleostei-Osteoglossocephalai-Clupeocephala-Otomorpha-Clupei-,Clupeiformes,Clupeidae,4.663323152,0.02280188679245284,0.02377830188679247,0.02272248427672957,7.999999999999999e-4,0.0016,9.666666666666668e-4,84.57849999999999,91.6076,84.81811666666667,85.1935,88.8691,85.5487,0.02099999999999999,0.0226,0.02103333333333333,0.0223,0.0226,0.02168333333333333,0.003905881,0.007229049,0.0044943665,0.097984864,0.105425005,0.09813437883333331,0.103873364,0.105388955,0.10111189433333334,0.03496708169042403,0.06894108765715276,0.0423738722459939,0.03774163679639171,0.07095343680709534,0.04501973071204513,0.9999974450932222,0.9999994155248296,0.9999911997226196,11124
Anoplarchus_insignis,1,benthic,marine,Anoplarchus_insignis,Actinopterygii-Actinopteri-Neopterygii-Teleostei-Osteoglossocephalai-Clupeocephala-Euteleosteomorpha-Neoteleostei-Eurypterygia-Ctenosquamata-Acanthomorphata-Euacanthomorphacea-Percomorphaceae-Eupercaria-,Perciformes,Stichaeidae,8.615949257,0.01948014842300559,0.02121929499072361,0.01945504019789735,0.00145,0.0023,0.00161666666666666,78.2501,91.0208,80.06316666666666,64.99770000000001,71.0656,65.77066666666667,0.01335,0.0152,0.01353333333333333,0.0146,0.0169,0.01478333333333333,0.01285113,0.019529196,0.01399441366666666,0.1150102935,0.13053613,0.11651364216666668,0.1258479165,0.145379981,0.1273099175,0.07548085608437763,0.11879869289814347,0.083346863194708,0.10137387799963364,0.16974169741697415,0.11525654478927076,0.9998932569119025,0.9999773781566308,0.9997156002201651,4167
Anoplarchus_purpurescens,1,demersal,marine,Anoplarchus_purpurescens,Actinopterygii-Actinopteri-Neopterygii-Teleostei-Osteoglossocephalai-Clupeocephala-Euteleosteomorpha-Neoteleostei-Eurypterygia-Ctenosquamata-Acanthomorphata-Euacanthomorphacea-Percomorphaceae-Eupercaria-,Perciformes,Stichaeidae,9.510297574,0.01558469850121991,0.01761049146043921,0.01558635413035899,0.00105,0.0012,0.001,77.16069999999999,77.5942,76.29316666666666,63.3035,64.7255,62.0632,0.0104,0.0114,0.01015,0.0113,0.0123,0.01105,0.009882921,0.011337533,0.00939429033333333,0.098595104,0.108381695,0.09650706533333334,0.107096343,0.116845459,0.10483988383333331,0.06826957430903483,0.07390203065298585,0.06419833649808195,0.10075592568866112,0.10434782608695652,0.09432363956507676,0.9998966728922752,0.9999739691795084,0.9999133096259496,4168
Anoplogaster_cornuta,1,pelagic,marine,Anoplogaster_cornuta,Actinopterygii-Actinopteri-Neopterygii-Teleostei-Osteoglossocephalai-Clupeocephala-Euteleosteomorpha-Neoteleostei-Eurypterygia-Ctenosquamata-Acanthomorphata-Euacanthomorphacea-Berycimorphaceae-,Beryciformes,Anoplogastridae,5.042162219,0.02870565144902862,0.03287373699561338,0.02856629932771257,8e-4,0.0013,9.6e-4,68.0663,74.7481,68.50562,60.4094,65.7786,59.96066,0.0198,0.0201,0.01896,0.0177,0.0189,0.01774,0.004120017,0.006704387,0.0048412726,0.099607718,0.101583965,0.0955558828,0.089179243,0.095260127,0.0894178312,0.02910540251046014,0.04612218953501656,0.03335337499753194,0.04375,0.0695187165775401,0.05196131929684826,0.999996336364746,0.9999978355842531,0.9999895873600796,6908
Aphareus_furca,1,pelagic,marine,Aphareus_furca,Actinopterygii-Actinopteri-Neopterygii-Teleostei-Osteoglossocephalai-Clupeocephala-Euteleosteomorpha-Neoteleostei-Eurypterygia-Ctenosquamata-Acanthomorphata-Euacanthomorphacea-Percomorphaceae-Eupercaria-,Incertae sedis in Eupercaria,Lutjanidae,5.012241139,0.03121475487531058,0.03340896263793003,0.03116921397345624,7.999999999999999e-4,0.0013,8.666666666666666e-4,67.59275,77.8479,68.9585,63.28665,71.6108,63.78005,0.0217,0.0227,0.02178333333333333,0.022,0.0223,0.02166666666666666,0.00397817999999999,0.00652477,0.004303088,0.10868348,0.113736792,0.10915040233333334,0.1102361305,0.111771933,0.10854125083333334,0.02565947802914457,0.04297833813565918,0.02785059108533555,0.03693306383479312,0.06220095693779903,0.03999519777731871,0.9999980035702514,0.999999410106788,0.999995921812818,5514
Apodichthys_flavidus,1,demersal,marine,Apodichthys_flavidus,Actinopterygii-Actinopteri-Neopterygii-Teleostei-Osteoglossocephalai-Clupeocephala-Euteleosteomorpha-Neoteleostei-Eurypterygia-Ctenosquamata-Acanthomorphata-Euacanthomorphacea-Percomorphaceae-Eupercaria-,Perciformes,Pholidae,19.39483536,0.01131435947873124,0.01191517088763217,0.01104753708712401,0.00105,0.0012,0.00103333333333333,91.48065,97.7826,90.76853333333334,65.4859,71.6535,65.94158333333333,0.0083,0.009,0.00811666666666666,0.0097,0.0103,0.00925,0.0197141615,0.023076818,0.01983552783333333,0.16043782499999998,0.175116979,0.1570765625,0.1878312485,0.200044361,0.17902825966666666,0.09618177924027856,0.10860604000776848,0.09400145117908634,0.12574481865284975,0.145985401459854,0.12098858774297422,0.9997368595488574,0.9999464063291738,0.9997463010990484,4181
Apteronotus_cuchillejo,1,demersal,freshwater,Apteronotus_albifrons,Actinopterygii-Actinopteri-Neopterygii-Teleostei-Osteoglossocephalai-Clupeocephala-Otomorpha-Ostariophysi-Otophysa-Characiphysae,Gymnotiformes,Apteronotidae,14.40522698,0.02202136608344548,0.02277590847913864,0.02182901525347689,0.00145,0.0021,0.00138333333333333,59.70525,66.0082,58.345216666666666,56.6545,59.3298,54.474383333333336,0.01205,0.013,0.01186666666666666,0.01225,0.013,0.01163333333333333,0.02116215,0.030496646,0.02001171066666667,0.1738549015,0.187620317,0.171072305,0.1765629305,0.187275743,0.16744192583333334,0.0668950792887053,0.10280687882980832,0.06411652588963349,0.11602564102564104,0.17073170731707316,0.11457969255225352,0.9998187427286344,0.9999926414018796,0.9997030970183004,11072
Aulorhynchus_flavidus,1,pelagic,marine,Aulorhynchus_flavidus,Actinopterygii-Actinopteri-Neopterygii-Teleostei-Osteoglossocephalai-Clupeocephala-Euteleosteomorpha-Neoteleostei-Eurypterygia-Ctenosquamata-Acanthomorphata-Euacanthomorphacea-Percomorphaceae-Eupercaria-,Perciformes,Aulorhynchidae,13.1142981,0.01701497192763568,0.02100499064254525,0.01730583281347474,8.500000000000001e-4,0.0016,8.666666666666666e-4,37.79825,47.107,38.576166666666666,36.829049999999995,40.6004,36.1248,0.00609999999999999,0.0072,0.00605,0.00565,0.0073,0.0059,0.011277918,0.020330927,0.011344433,0.07976568049999999,0.094180444,0.079250835,0.073864615,0.095694289,0.07749991566666667,0.0534990024574017,0.1000458335364961,0.05181910412612702,0.13940815341105056,0.3137254901960784,0.14744577735850778,0.9996082535356972,0.9999991036728406,0.998070494835417,4213
Barbichthys_laevis,1,benthic,freshwater,Barbichthys_laevis,Actinopterygii-Actinopteri-Neopterygii-Teleostei-Osteoglossocephalai-Clupeocephala-Otomorpha-Ostariophysi-Otophysa-Cypriniphysae,Cypriniformes,Cyprinidae,6.384768123,0.02374902572096642,0.02564380358534685,0.02320869056897895,0.0014,0.0018,0.00141666666666666,72.90074999999999,88.0969,75.62835,70.0355,72.3994,69.99385,0.0168,0.0181,0.01698333333333333,0.0171,0.0181,0.0171,0.00876177,0.011811507,0.00900466383333333,0.1072098,0.115718128,0.10850371566666668,0.109208083,0.115785551,0.10919436183333334,0.05920843042859763,0.08330830729272345,0.06164513484327059,0.08204204204204205,0.1,0.08323386081253004,0.9999545266082936,0.999988706108729,0.999943661057752,8860
Catostomus_catostomus,1,demersal,freshwater,Catostomus_catostomus,Actinopterygii-Actinopteri-Neopterygii-Teleostei-Osteoglossocephalai-Clupeocephala-Otomorpha-Ostariophysi-Otophysa-Cypriniphysae,Cypriniformes,Catostomidae,5.683375908,0.01675669984686067,0.01766194486983156,0.01680053598774886,0.0024,0.0026,0.00235,89.0235,100.9818,90.84968333333332,87.5903,89.9291,87.228,0.01675,0.0178,0.01668333333333333,0.0166,0.0171,0.01653333333333333,0.0134899955,0.014714444,0.013268143,0.0950242205,0.100967948,0.0948164355,0.0942126555,0.09707898,0.093906714,0.13862822755742943,0.16062440870387898,0.13995505225486288,0.140994019956556,0.1688311688311688,0.14185474130339198,0.9995954396213302,0.9998084314124592,0.999556016355939,9347
Centropomus_undecimalis,1,pelagic,marine,Centropomus_undecimalis,Actinopterygii-Actinopteri-Neopterygii-Teleostei-Osteoglossocephalai-Clupeocephala-Euteleosteomorpha-Neoteleostei-Eurypterygia-Ctenosquamata-Acanthomorphata-Euacanthomorphacea-Percomorphaceae-Carangaria-,Incertae sedis in Carangaria,Centropomidae,7.859009063,0.02966472351765491,0.03222418387741505,0.02955773928492115,4e-4,4e-4,3.166666666666667e-4,63.52855,79.8975,63.509,57.86455,67.0049,58.56308333333334,0.01825,0.0206,0.01755,0.0173,0.0194,0.01738333333333333,0.00313638099999999,0.00350211,0.00262353516666666,0.1433467995,0.161727836,0.13793548466666666,0.1361293555,0.152832604,0.1367506115,0.01301531888680279,0.01493532338308458,0.01081295921266783,0.02133348503811582,0.0249221183800623,0.01847415040163038,0.9999997928591472,1,0.999999791239665,2540
Cephalopholis_argus,1,benthic,marine,Cephalopholis_argus,Actinopterygii-Actinopteri-Neopterygii-Teleostei-Osteoglossocephalai-Clupeocephala-Euteleosteomorpha-Neoteleostei-Eurypterygia-Ctenosquamata-Acanthomorphata-Euacanthomorphacea-Percomorphaceae-Eupercaria-,Perciformes,Serranidae,6.474975891,0.03258510638297873,0.03615121580547116,0.03269294579533941,0.0023,0.0029,0.00211666666666666,61.34735,78.0723,63.81511666666667,57.6053,64.0797,58.59616666666667,0.02105,0.0229,0.02038333333333333,0.0184,0.021,0.01861666666666666,0.015101104,0.018520235,0.01370814366666666,0.13639293800000002,0.148383218,0.132046908,0.1192832915,0.13593028,0.12061378316666668,0.07360490109544082,0.08778479338462782,0.06554854755208422,0.12218644977265666,0.14356435643564355,0.11044220346536587,0.9997754906118476,0.999997173610966,0.9997764295001554,4586
Chaetostoma_lineopunctatum,1,demersal,freshwater,Chaetostoma_lineopunctatum,Actinopterygii-Actinopteri-Neopterygii-Teleostei-Osteoglossocephalai-Clupeocephala-Otomorpha-Ostariophysi-Otophysa-Characiphysae,Siluriformes,Loricariidae,2.905054322,0.02688501742160278,0.02918408826945412,0.0272444831591173,0.0027,0.0041,0.00254,58.0076,76.2253,61.0331,50.5195,54.24,50.4685,0.0138,0.0153,0.0139,0.0139,0.0164,0.01454,0.007901932,0.011865623,0.0073568312,0.040058889,0.044429866,0.04038184679999999,0.040523628,0.047571677,0.0422581766,0.1061022364217254,0.1537834894358525,0.09368300438799217,0.20610687022900764,0.29710144927536236,0.18339888790392883,0.9981954460354509,0.9999961956970516,0.9974712761770392,10310
Chanos_chanos,1,demersal,marine,Chanos_chanos,Actinopterygii-Actinopteri-Neopterygii-Teleostei-Osteoglossocephalai-Clupeocephala-Otomorpha-Ostariophysi-Anotophysa-,Gonorynchiformes,Chanidae,9.852216749,0.0188460042432815,0.0223019801980197,0.01863814238566713,0.0027,0.0031,0.00258333333333333,78.9691,95.6518,81.88416666666666,79.4309,87.9935,80.08621666666667,0.01545,0.0171,0.0155,0.01685,0.0172,0.01606666666666666,0.0265825555,0.030883043,0.02563723633333333,0.1522228885,0.16832688,0.15277025833333333,0.165770712,0.169651898,0.15817694566666668,0.1360337305262728,0.15943234836702935,0.13879332970006678,0.16368043650574204,0.1926910299003322,0.16340277158082017,0.9992721471147556,0.9997210902363364,0.9992179767701704,11087
Cheilopogon_melanurus,1,pelagic,marine,Cheilopogon_melanurus,Actinopterygii-Actinopteri-Neopterygii-Teleostei-Osteoglossocephalai-Clupeocephala-Euteleosteomorpha-Neoteleostei-Eurypterygia-Ctenosquamata-Acanthomorphata-Euacanthomorphacea-Percomorphaceae-Ovalentaria-Atherinomorphae,Beloniformes,Exocoetidae,10.35988652,0.01804423076923084,0.01916923076923073,0.01789275641025642,1e-4,3e-4,1.1666666666666668e-4,68.6132,75.4044,69.57003333333333,69.953,85.6817,73.00101666666667,0.01265,0.0138,0.01283333333333333,0.0127,0.0142,0.01285,0.0012373505,0.003331102,0.00126987816666666,0.1310517335,0.143042204,0.13281786483333333,0.1318674195,0.147382963,0.13328483283333334,0.00522141203610347,0.01696758755710244,0.00637923910216862,0.00803679496489953,0.02439024390243902,0.00936864422138351,0.999999995813587,1,0.9999999293726596,602
Chiasmodon_niger,1,pelagic,marine,Chiasmodon_niger,Actinopterygii-Actinopteri-Neopterygii-Teleostei-Osteoglossocephalai-Clupeocephala-Euteleosteomorpha-Neoteleostei-Eurypterygia-Ctenosquamata-Acanthomorphata-Euacanthomorphacea-Percomorphaceae-Pelagiaria-,Scombriformes,Chiasmodontidae,6.156083374,0.03126487314085739,0.0343000874890638,0.03107159521726451,0.00159999999999999,0.004,0.00176666666666666,56.89505,78.1076,59.85288333333334,58.22735,69.614,59.008383333333335,0.01805,0.0211,0.01836666666666666,0.01809999999999999,0.0206,0.01815,0.0095745795,0.024634093,0.01080090183333333,0.1109191465,0.129974975,0.113014521,0.1114110435,0.127079167,0.11172033266666669,0.05229457558025166,0.151997207400389,0.0602290829562121,0.08680237539516059,0.19184652278177455,0.09301488654896382,0.9999391801616858,0.9999996328643956,0.9997212219888294,3770
Coryphaena_hippurus,1,pelagic,marine,Coryphaena_hippurus,Actinopterygii-Actinopteri-Neopterygii-Teleostei-Osteoglossocephalai-Clupeocephala-Euteleosteomorpha-Neoteleostei-Eurypterygia-Ctenosquamata-Acanthomorphata-Euacanthomorphacea-Percomorphaceae-Carangaria-,Carangiformes,Coryphaenidae,12.13358373,0.02380383580080752,0.02646366083445494,0.02343231269627635,0.002,0.0023,0.00178333333333333,70.26425,86.9286,71.91721666666666,66.78975,72.4049,60.760666666666665,0.0168,0.0286,0.01828333333333333,0.01605,0.0211,0.01673333333333333,0.0242508365,0.028170164,0.0217876485,0.2036825345,0.34669715,0.221605291,0.194578264,0.256307667,0.20300209566666663,0.08239691904667601,0.10396565431706146,0.07600909282071892,0.12250874310032445,0.14193548387096774,0.10892907478316696,0.9997588029522392,0.999999660140488,0.9997726500774068,2665
Coryphaenoides_filifer,1,benthic,marine,Coryphaenoides_filifer,Actinopterygii-Actinopteri-Neopterygii-Teleostei-Osteoglossocephalai-Clupeocephala-Euteleosteomorpha-Neoteleostei-Eurypterygia-Ctenosquamata-Acanthomorphata-Paracanthomorphacea-Zeiogadaria-,Gadiformes,Macrouridae,7.757249287,0.02496446700507617,0.02992131979695428,0.02570736040609137,0.00185,0.0023,0.00186666666666666,69.98365000000001,84.9295,62.76688333333333,66.461,72.5872,65.43758333333334,0.01685,0.0186,0.01573333333333333,0.01625,0.0183,0.01616666666666666,0.014444096,0.017832215,0.01451493766666666,0.130531638,0.144179005,0.12187925516666669,0.1260001525,0.141996085,0.1254416045,0.07178409245775069,0.09544372590735772,0.07313923819059906,0.12376407040520916,0.15767634854771784,0.1185530923944654,0.9997652988338852,0.9999675558435538,0.9997471343875342,7015
Ctenochaetus_strigosus,1,demersal,marine,Ctenochaetus_strigosus,Actinopterygii-Actinopteri-Neopterygii-Teleostei-Osteoglossocephalai-Clupeocephala-Euteleosteomorpha-Neoteleostei-Eurypterygia-Ctenosquamata-Acanthomorphata-Euacanthomorphacea-Percomorphaceae-Eupercaria-,Acanthuriformes,Acanthuridae,5.783638624,0.03737353206865402,0.04057588075880755,0.03664754591990363,0.00219999999999999,0.0034,0.00221666666666666,59.407799999999995,75.2856,60.037083333333335,60.9401,63.0501,59.60843333333334,0.02105,0.0231,0.02086666666666666,0.02235,0.0232,0.02141666666666666,0.01258034649999999,0.019489268,0.012669659,0.121688823,0.133555296,0.12066096483333331,0.129361902,0.13446861,0.123977992,0.05705387785093383,0.11445687872521604,0.06211325875185698,0.10289803681377133,0.16915422885572137,0.10520897604762532,0.9998705140373668,0.9999841838693108,0.9997751914141272,6017
Cymatogaster_aggregata,1,pelagic,freshwater,Cymatogaster_aggregata,Actinopterygii-Actinopteri-Neopterygii-Teleostei-Osteoglossocephalai-Clupeocephala-Euteleosteomorpha-Neoteleostei-Eurypterygia-Ctenosquamata-Acanthomorphata-Euacanthomorphacea-Percomorphaceae-Ovalentaria-,Incertae sedis in Ovalentaria,Embiotocidae,7.147340197,0.02020525928762378,0.02181129635946723,0.02054971888902674,0.002396817,0.004512409,0.00283040883333333,74.63451054500001,80.61431272,75.08832835833334,73.01001964,74.4412849,71.69530626666666,0.01532637749999999,0.016079117,0.01547431583333333,0.015280816,0.015919652,0.015259098,0.0171308685,0.032251719,0.02022989483333333,0.109542832,0.114922917,0.110600199,0.1092171905,0.113783167,0.10906196383333332,0.11416782969946002,0.223242459544626,0.13825437003722407,0.157192776193757,0.29263776942551667,0.18434526461234296,0.9993881193636264,0.9997545947006468,0.9979980028663504,1977
Cyprinus_carpio,1,demersal,freshwater,Cyprinus_carpio,Actinopterygii-Actinopteri-Neopterygii-Teleostei-Osteoglossocephalai-Clupeocephala-Otomorpha-Ostariophysi-Otophysa-Cypriniphysae,Cypriniformes,Cyprinidae,6.656334122,0.03162724673202614,0.03599918300653593,0.03192681100217864,0.00124999999999999,0.0014,0.0012,55.77055,60.6545,53.741816666666665,53.1185,63.0857,52.184266666666666,0.01595,0.0169,0.01541666666666666,0.01625,0.0166,0.01613333333333333,0.00813157,0.009552644,0.00799249866666666,0.1061898675,0.112300035,0.10269349433333332,0.107886869,0.110642931,0.10736199216666668,0.03836760401727607,0.05074100943102911,0.0381435083627597,0.07505974658429904,0.0875,0.07590383685925449,0.9999680382021472,0.9999808215102712,0.9999645689351012,8768
Diplectrum_formosum,1,demersal,marine,Diplectrum_formosum,Actinopterygii-Actinopteri-Neopterygii-Teleostei-Osteoglossocephalai-Clupeocephala-Euteleosteomorpha-Neoteleostei-Eurypterygia-Ctenosquamata-Acanthomorphata-Euacanthomorphacea-Percomorphaceae-Eupercaria-,Perciformes,Serranidae,4.959817887,0.02910883171070935,0.03683936022253131,0.02986764024107556,0.00109999999999999,0.0016,0.00108333333333333,64.63785,81.5709,62.628483333333335,60.102450000000005,68.6061,60.32455,0.01979999999999999,0.021,0.01911666666666666,0.01995,0.0223,0.02001666666666667,0.005286494,0.008010707,0.00529047566666666,0.098132013,0.103946503,0.09472906933333332,0.0990065745,0.110456622,0.099280232,0.03773949120930774,0.06014534427772274,0.03803100078776361,0.0532408607726212,0.08226221079691516,0.05471185027535843,0.9999913774003104,0.9999991360181382,0.9999860526336886,4640
Discherodontus_ashmeadi,1,benthic,freshwater,Discherodontus_ashmeadi,Actinopterygii-Actinopteri-Neopterygii-Teleostei-Osteoglossocephalai-Clupeocephala-Otomorpha-Ostariophysi-Otophysa-Cypriniphysae,Cypriniformes,Cyprinidae,5.780687288,0.02288937409024748,0.02443886462882096,0.02289956331877731,0.0011,0.0018,0.00116666666666666,73.0206,80.5384,73.27371666666667,66.5378,75.5482,67.80255,0.01639999999999999,0.0174,0.01618333333333333,0.01625,0.0173,0.01616666666666666,0.0062516325,0.010475918,0.00674464366666666,0.0949823625,0.100794654,0.09369930033333332,0.0939232275,0.09990842,0.093385597,0.04783869396127473,0.07600024583615013,0.05103665361322879,0.06754822182037372,0.11285266457680251,0.07232573969743139,0.9999790636458012,0.999997224535591,0.99995504810516,8704
Engraulis_mordax,1,pelagic,marine,Engraulis_mordax,Actinopterygii-Actinopteri-Neopterygii-Teleostei-Osteoglossocephalai-Clupeocephala-Otomorpha-Clupei-,Clupeiformes,Engraulidae,8.22822286,0.01899236252545824,0.02019110658520025,0.01889754469336953,0.0038,0.0042,0.00376666666666666,69.2332,77.2323,67.83091666666667,63.42855,74.6092,65.1817,0.0124,0.0138,0.0123,0.01275,0.014,0.0126,0.03122591,0.03491269,0.030993159,0.1021684975,0.113452279,0.10126542233333331,0.104766001,0.115239808,0.10360224483333332,0.2027108916256082,0.2370163205884603,0.2005531505703529,0.3022888832113497,0.3218390804597701,0.3023009431305989,0.9916479911276264,0.9932349521404336,0.9915578612411734,11208
Equetus_lanceolatus,1,demersal,marine,Pareques_acuminatus,Actinopterygii-Actinopteri-Neopterygii-Teleostei-Osteoglossocephalai-Clupeocephala-Euteleosteomorpha-Neoteleostei-Eurypterygia-Ctenosquamata-Acanthomorphata-Euacanthomorphacea-Percomorphaceae-Eupercaria-,Incertae sedis in Eupercaria,Sciaenidae,6.742789478,0.03748055694932261,0.03908003010536877,0.03631213413614316,7e-4,0.002,7.166666666666667e-4,42.1031,65.004,45.1967,40.239,42.7697,38.53608333333334,0.0149,0.0156,0.01455,0.0136,0.0148,0.01303333333333333,0.004568004,0.013239243,0.004771429,0.1002989315,0.105231294,0.098098637,0.0914124035,0.099874061,0.0878279425,0.01929969781248144,0.05390492933937391,0.020321422927127,0.05133599831685251,0.14285714285714285,0.05380397091353101,0.999991292655655,1,0.9999217329849668,5984
Fundulus_heteroclitus,1,demersal,marine,Fundulus_heteroclitus_heteroclitus,Actinopterygii-Actinopteri-Neopterygii-Teleostei-Osteoglossocephalai-Clupeocephala-Euteleosteomorpha-Neoteleostei-Eurypterygia-Ctenosquamata-Acanthomorphata-Euacanthomorphacea-Percomorphaceae-Ovalentaria-Atherinomorphae,Cyprinodontiformes,Fundulidae,5.33035636,0.02021086490350248,0.02330914939242318,0.02064468668096259,9e-4,0.0018,9e-4,70.4417,72.8315,70.80196666666667,71.46955,74.3999,69.49921666666667,0.01449999999999999,0.0151,0.01458333333333333,0.0145,0.0152,0.01455,0.00482441699999999,0.009552037,0.004801221,0.07729654250000001,0.080603292000000007,0.077691037,0.0773082665,0.081065974,0.07757350516666667,0.0429412266121611,0.07722289516858577,0.04236437180240399,0.06228448275862069,0.12080536912751676,0.06133497351578194,0.9999849495097516,1,0.9999489318565696,215
Gadopsis_marmoratus,1,demersal,freshwater,Gadopsis_marmoratus,Actinopterygii-Actinopteri-Neopterygii-Teleostei-Osteoglossocephalai-Clupeocephala-Euteleosteomorpha-Neoteleostei-Eurypterygia-Ctenosquamata-Acanthomorphata-Euacanthomorphacea-Percomorphaceae-Eupercaria-,Centrarchiformes,Percichthyidae,8.079605375,0.01722368421052634,0.01867894736842105,0.01735553728070176,0.00124999999999999,0.0014,0.00105,72.0073,83.5253,74.97318333333334,74.25200000000001,79.4067,74.09178333333334,0.0133,0.0164,0.01371666666666666,0.01295,0.0145,0.01291666666666666,0.010094157,0.011255869,0.008496455,0.107520535,0.132644071,0.11091377766666666,0.1044890395,0.117104861,0.10425217233333334,0.07054645493265795,0.08040808615152094,0.06021254323847372,0.08547266686801569,0.1111111111111111,0.078132014620148793,0.9999441262909174,0.9999990002811908,0.9999358555269584,5102
Halieutichthys_aculeatus,1,benthic,marine,Halieutichthys_aculeatus,Actinopterygii-Actinopteri-Neopterygii-Teleostei-Osteoglossocephalai-Clupeocephala-Euteleosteomorpha-Neoteleostei-Eurypterygia-Ctenosquamata-Acanthomorphata-Euacanthomorphacea-Percomorphaceae-Eupercaria-,Lophiiformes,Ogcocephalidae,1.216508605,0.04410332103321032,0.06774415744157444,0.04540293152931527,3e-4,8e-4,3.666666666666666e-4,49.043099999999995,73.8169,50.99315,52.366,83.0822,54.33866666666667,0.02055,0.0214,0.0202,0.01975,0.0242,0.01953333333333333,0.00037782100000000003,9.98e-4,4.557736666666666e-4,0.0249493035,0.026039131,0.02455181266666666,0.024006798,0.029477448,0.02376834416666666,0.00590456823298714,0.02155164796324117,0.00764890358415558,0.01662049861495844,0.04040404040404041,0.01863853252530951,0.9999993895273932,1,0.9999989979576842,6434
Hemitaurichthys_polylepis,1,pelagic,marine,Hemitaurichthys_polylepis,Actinopterygii-Actinopteri-Neopterygii-Teleostei-Osteoglossocephalai-Clupeocephala-Euteleosteomorpha-Neoteleostei-Eurypterygia-Ctenosquamata-Acanthomorphata-Euacanthomorphacea-Percomorphaceae-Eupercaria-,Chaetodontiformes,Chaetodontidae,8.151151254,0.03278908709338925,0.03488824763903463,0.03289244491080794,5e-4,8e-4,5.5e-4,73.53585000000001,75.8472,72.93856666666667,70.52019999999999,72.0396,68.86933333333333,0.02365,0.0247,0.02341666666666667,0.0242,0.0249,0.02356666666666666,0.004201753,0.006225759,0.00431874166666666,0.192580828,0.201223625,0.1907310733333333,0.197199348,0.203186564,0.192167563,0.01507802786279651,0.02591214206814516,0.01683540207384588,0.02176889111698127,0.03628117913832199,0.02355092731734367,0.9999997436721558,0.9999999306618468,0.999999486462783,5670
Hirundichthys_rondeletii,1,pelagic,marine,Hirundichthys_rondeletii,Actinopterygii-Actinopteri-Neopterygii-Teleostei-Osteoglossocephalai-Clupeocephala-Euteleosteomorpha-Neoteleostei-Eurypterygia-Ctenosquamata-Acanthomorphata-Euacanthomorphacea-Percomorphaceae-Ovalentaria-Atherinomorphae,Beloniformes,Exocoetidae,6.854431933,0.01989856801909309,0.02424264120922828,0.02046486343145053,1.5e-4,3e-4,1.3333333333333334e-4,72.4651,82.1795,72.43953333333333,68.97125,84.2623,70.96418333333334,0.01445,0.0169,0.01505,0.01415,0.0162,0.01455,0.001063566,0.001854023,8.543811666666667e-4,0.0992174935,0.115658314,0.10328907316666666,0.0969817595,0.110750607,0.09973552916666668,0.00703018543102393,0.01657254608978443,0.00678615842754627,0.01054006968641115,0.02112676056338027,0.00948546371485729,0.999999979832348,1,0.9999999522792692,614
Hypomesus_pretiosus,1,demersal,marine,Hypomesus_pretiosus,Actinopterygii-Actinopteri-Neopterygii-Teleostei-Osteoglossocephalai-Clupeocephala-Euteleosteomorpha-Stomiatii-,Osmeriformes,Osmeridae,10.0217945,0.01252748930971288,0.01393097128894315,0.01243219303604152,0.00505,0.0056,0.00473333333333333,91.30665,107.3322,93.7254,86.2671,91.1346,86.14618333333334,0.013,0.0136,0.01281666666666666,0.0123,0.013,0.01216666666666666,0.050288094,0.056059113,0.0473553215,0.1302504385,0.136165176,0.12854036416666667,0.1233645655,0.130012727,0.12191497516666666,0.3879650108703382,0.44396291683962785,0.3791165820854696,0.4108126721763085,0.42911877394636017,0.3778019228280883,0.9714829799896804,0.9957621882225464,0.9765444143244836,7567
Hypsypops_rubicundus,1,demersal,marine,Hypsypops_rubicundus,Actinopterygii-Actinopteri-Neopterygii-Teleostei-Osteoglossocephalai-Clupeocephala-Euteleosteomorpha-Neoteleostei-Eurypterygia-Ctenosquamata-Acanthomorphata-Euacanthomorphacea-Percomorphaceae-Ovalentaria-,Incertae sedis in Ovalentaria,Pomacentridae,4.559230291,0.03132184325108855,0.03560449927431063,0.03091932752781809,7e-4,0.0021,9.5e-4,68.1588,81.9042,68.9426,58.051950000000005,75.8191,60.75756666666667,0.0199,0.0203,0.01893333333333333,0.01905,0.0251,0.01986666666666666,0.003125488,0.009759788,0.004318395,0.0907265195,0.092659532,0.08631346333333334,0.0868343915,0.114222739,0.0905332465,0.02260062631894174,0.06840326202576526,0.03079272973114852,0.03878205128205128,0.11023622047244096,0.04965603887376941,0.9999976626807447,0.999999760422372,0.9999727292885086,2187
Labroides_dimidiatus,1,demersal,marine,Labroides_dimidiatus,Actinopterygii-Actinopteri-Neopterygii-Teleostei-Osteoglossocephalai-Clupeocephala-Euteleosteomorpha-Neoteleostei-Eurypterygia-Ctenosquamata-Acanthomorphata-Euacanthomorphacea-Percomorphaceae-Eupercaria-,Labriformes,Labridae,9.329456258,0.0317715490318551,0.03329793878825737,0.03193301061836353,0.0012,0.0023,0.00141666666666666,51.58875,54.6429,50.527566666666665,52.0855,58.6546,52.73161666666667,0.01525,0.0168,0.01553333333333333,0.01555,0.0172,0.01543333333333333,0.0113650825,0.021207942,0.013096179,0.142362987,0.157184334,0.14490534033333333,0.144900938,0.160487514,0.14389763483333334,0.03699403813314055,0.07469622897945104,0.04448298872675549,0.07749183006535948,0.1503267973856209,0.09266371285831272,0.9999580232596073,0.9999902351284768,0.9998394564847064,6556
Lagodon_rhomboides,1,demersal,marine,Lagodon_rhomboides,Actinopterygii-Actinopteri-Neopterygii-Teleostei-Osteoglossocephalai-Clupeocephala-Euteleosteomorpha-Neoteleostei-Eurypterygia-Ctenosquamata-Acanthomorphata-Euacanthomorphacea-Percomorphaceae-Eupercaria-,Spariformes,Sparidae,6.392516284,0.03081131687242798,0.03631687242798354,0.0314485596707819,0.0021,0.0025,0.00186666666666666,55.5163,68.7138,54.62563333333333,51.3086,60.642,48.78035,0.01565,0.0162,0.01448333333333333,0.01595,0.0168,0.01535,0.013499856,0.015902706,0.01188470816666666,0.0999145465,0.103713389,0.09255750666666666,0.101730321,0.107426023,0.097989559,0.06473879816963865,0.07956185912223002,0.06045054970889993,0.1330369945511901,0.18834080717488788,0.1271128415632298,0.9996832214378312,0.9999894887430896,0.999564891022785,5775
Lepidogalaxias_salamandroides,1,demersal,freshwater,Lepidogalaxias_salamandroides,Actinopterygii-Actinopteri-Neopterygii-Teleostei-Osteoglossocephalai-Clupeocephala-Euteleosteomorpha-Lepidogalaxii-,Lepidogalaxiiformes,Lepidogalaxiidae,11.37322612,0.01701918976545841,0.02055650319829426,0.01742210376687987,0.00675,0.0078,0.00655,82.6818,94.1254,82.78201666666666,81.29745,86.065,81.42245,0.01589999999999999,0.0168,0.01495,0.0162,0.0173,0.0156,0.076693448,0.089198669,0.074575224,0.181360584,0.191415648,0.1702876236666667,0.1840139325,0.196941589,0.17745772066666668,0.371909319120693,0.44476595744680847,0.37511378067787793,0.42526810889345834,0.4642857142857143,0.42653805231734615,0.9672877265468012,0.97963212924859,0.9659342379903784,7692
Lepomis_macrochirus,1,demersal,freshwater,Lepomis_macrochirus,Actinopterygii-Actinopteri-Neopterygii-Teleostei-Osteoglossocephalai-Clupeocephala-Euteleosteomorpha-Neoteleostei-Eurypterygia-Ctenosquamata-Acanthomorphata-Euacanthomorphacea-Percomorphaceae-Eupercaria-,Centrarchiformes,Centrarchidae,6.108500641,0.02627520396270399,0.02834090909090911,0.02631390831390833,0.00155,0.0023,0.00156666666666666,65.8125,82.8093,68.22728333333333,58.9799,73.477,59.52693333333333,0.01675,0.0178,0.01664999999999999,0.01555,0.0186,0.01586666666666666,0.0094460095,0.014226289,0.009574902,0.102509324,0.108611543,0.10176560183333332,0.0947981485,0.113648014,0.09691502083333334,0.05809947558512549,0.08378372641008773,0.05911063790728838,0.09485864745011088,0.15181518151815182,0.09815488569187558,0.9998950409383548,0.9999892013011944,0.9998319509548926,5045
Lumpenus_sagitta,1,benthic,marine,Lumpenus_sagitta,Actinopterygii-Actinopteri-Neopterygii-Teleostei-Osteoglossocephalai-Clupeocephala-Euteleosteomorpha-Neoteleostei-Eurypterygia-Ctenosquamata-Acanthomorphata-Euacanthomorphacea-Percomorphaceae-Eupercaria-,Perciformes,Stichaeidae,14.93063823,0.01245141760189012,0.01258535144713523,0.01216309805079739,0.0022,0.0024,0.00203333333333333,71.81784999999999,77.1991,71.31595,76.5178,77.6269,75.85941666666668,0.0093,0.0099,0.00911666666666666,0.00935,0.0097,0.00906666666666666,0.0326488735,0.035146335,0.03011341766666667,0.13944698449999998,0.148450525,0.13649370933333332,0.1400494565,0.144812641,0.13566787433333333,0.1766965102447431,0.19833191142576911,0.1661641865502309,0.23428118273479095,0.26436781609195403,0.22090905401427977,0.9969689288359228,0.999813358963738,0.9970613473827872,4138
Malacocottus_zonurus,1,benthic,marine,Malacocottus_zonurus,Actinopterygii-Actinopteri-Neopterygii-Teleostei-Osteoglossocephalai-Clupeocephala-Euteleosteomorpha-Neoteleostei-Eurypterygia-Ctenosquamata-Acanthomorphata-Euacanthomorphacea-Percomorphaceae-Eupercaria-,Perciformes,Psychrolutidae,3.904458285,0.02220873786407767,0.02480436893203882,0.02241998381877024,0.00319999999999999,0.0035,0.00315,73.6054,92.1056,76.11788333333334,76.1802,82.2953,75.72433333333333,0.0175,0.0208,0.01796666666666666,0.01755,0.0196,0.01728333333333333,0.012518634,0.013752321,0.01233494216666666,0.0684050635,0.08105618,0.07015501016666667,0.068476381,0.076492137,0.06748352616666667,0.1412073855554899,0.1662822878228784,0.14149491305435918,0.17274477447744774,0.2127659574468085,0.17970176493296652,0.9991094803250148,0.9995548757366416,0.9988533007390388,3833
Malacosteus_niger,1,pelagic,marine,Malacosteus_niger,Actinopterygii-Actinopteri-Neopterygii-Teleostei-Osteoglossocephalai-Clupeocephala-Euteleosteomorpha-Stomiatii-,Stomiatiformes,Stomiidae,9.603080431,0.02017156268927923,0.02077528770442146,0.01985397738744194,0.0029,0.0039,0.00291666666666666,82.09145,89.6855,76.09886666666667,79.7671,87.1677,74.9767,0.01785,0.0192,0.01608333333333333,0.01725,0.0192,0.01571666666666666,0.027980256,0.037652559,0.02810100666666666,0.17116765150000002,0.184340253,0.15426547766666668,0.1659010215,0.184010343,0.15106660833333332,0.14162195599422983,0.19442590775269836,0.14594124771535558,0.19878542510121455,0.2483660130718954,0.19057622565319915,0.9984285633199304,0.9997507061883868,0.9983736491587334,7449
Menidia_beryllina,1,pelagic,freshwater,Menidia_beryllina,Actinopterygii-Actinopteri-Neopterygii-Teleostei-Osteoglossocephalai-Clupeocephala-Euteleosteomorpha-Neoteleostei-Eurypterygia-Ctenosquamata-Acanthomorphata-Euacanthomorphacea-Percomorphaceae-Ovalentaria-Atherinomorphae,Atheriniformes,Atherinopsidae,7.30785039,0.02107199100112486,0.02281271091113606,0.02068878890138732,4.5e-4,9e-4,4.6666666666666666e-4,63.3786,66.5235,63.69801666666667,63.0846,67.3208,61.7573,0.01295,0.0144,0.01295,0.01215,0.0141,0.01228333333333333,0.0030111965,0.006614462,0.0032940135,0.094677625,0.105582825,0.094757249,0.0886363245,0.102905467,0.08970493716666667,0.02117089054615827,0.03945169004708965,0.02146229043569419,0.0338235294117647,0.06896551724137931,0.03613582993449512,0.9999979525733048,1,0.9999926496265904,873
Microgadus_proximus,1,demersal,marine,Microgadus_proximus,Actinopterygii-Actinopteri-Neopterygii-Teleostei-Osteoglossocephalai-Clupeocephala-Euteleosteomorpha-Neoteleostei-Eurypterygia-Ctenosquamata-Acanthomorphata-Paracanthomorphacea-Zeiogadaria-,Gadiformes,Gadidae,8.025396534,0.01687052932761087,0.01770135908440627,0.01692274678111588,0.00185,0.0023,0.00181666666666666,79.80015,88.1967,80.69543333333334,80.80879999999999,94.3238,81.011,0.0149,0.0164,0.0148,0.0147,0.0164,0.01426666666666666,0.0146121715,0.018800033,0.014544094,0.119902659,0.131276067,0.11887900166666666,0.117935926,0.132003112,0.114575557,0.10753092158313984,0.14212969102241088,0.10774479849809464,0.1205292668422394,0.1503267973856209,0.12434983087569064,0.9997889507889626,0.9998429833010284,0.9997438747880067,7087
Mugil_cephalus,1,pelagic,marine,Mugil_cephalus,Actinopterygii-Actinopteri-Neopterygii-Teleostei-Osteoglossocephalai-Clupeocephala-Euteleosteomorpha-Neoteleostei-Eurypterygia-Ctenosquamata-Acanthomorphata-Euacanthomorphacea-Percomorphaceae-Ovalentaria-Mugilomorphae,Mugiliformes,Mugilidae,5.88651497,0.03278745883644347,0.03516739846322725,0.03224798755945848,6.000000000000001e-4,8e-4,6.166666666666666e-4,58.1031,62.3396,58.13191666666667,54.2209,61.2156,54.893883333333335,0.018,0.0182,0.0174,0.01745,0.018,0.01725,0.00344954399999999,0.004892389,0.00358468033333333,0.1058095385,0.106906248,0.10235039066666668,0.1028881485,0.105680166,0.1014900905,0.01903807957838751,0.02461954226838948,0.01920884776156969,0.03507493122987877,0.0443213296398892,0.03552458848668222,0.999998372686962,0.9999993979643548,0.9999980913317534,2275
Myoxocephalus_polyacanthocephalus,1,benthic,marine,Myoxocephalus_polyacanthocephalus,Actinopterygii-Actinopteri-Neopterygii-Teleostei-Osteoglossocephalai-Clupeocephala-Euteleosteomorpha-Neoteleostei-Eurypterygia-Ctenosquamata-Acanthomorphata-Euacanthomorphacea-Percomorphaceae-Eupercaria-,Perciformes,Psychrolutidae,2.718203594,0.01914723851417397,0.02306060606060601,0.01922360703812314,0.0026,0.0034,0.00246666666666666,79.8681,111.8336,84.64628333333334,78.887200000000007,90.5408,78.26158333333333,0.0172,0.0209,0.01766666666666666,0.01645,0.0179,0.01618333333333333,0.0071023575,0.009270662,0.00670255883333333,0.046723877,0.056775106,0.04804190233333333,0.044718726,0.04877354,0.0440396935,0.1334062012049977,0.1714856220187108,0.12858004678512855,0.15424594785059903,0.20481927710843373,0.14563812854242045,0.9994328850770016,0.9999611536130018,0.9993503123112178,3804
Myripristis_jacobus,1,demersal,marine,Myripristis_jacobus,Actinopterygii-Actinopteri-Neopterygii-Teleostei-Osteoglossocephalai-Clupeocephala-Euteleosteomorpha-Neoteleostei-Eurypterygia-Ctenosquamata-Acanthomorphata-Euacanthomorphacea-Holocentrimorphaceae-,Holocentriformes,Holocentridae,4.308043124,0.02940996649916245,0.03333668341708545,0.02947529313232829,0.0018,0.0035,0.0018,64.2381,86.9638,67.74171666666666,61.60095,73.0421,62.08408333333333,0.01875,0.0234,0.01933333333333333,0.01885,0.0221,0.01883333333333333,0.0078157805,0.015134502,0.00778621183333333,0.08078366649999999,0.100758822,0.08328587783333333,0.081359966,0.095412051,0.0812108245,0.05844732851101117,0.11671228285762168,0.05949495420555104,0.10073794944261263,0.19390581717451524,0.098503428485171185,0.9998966953757352,1,0.9996877981619166,6950
Nannaethiops_unitaeniatus,1,pelagic,freshwater,Neolebias_ansorgii,Actinopterygii-Actinopteri-Neopterygii-Teleostei-Osteoglossocephalai-Clupeocephala-Otomorpha-Ostariophysi-Otophysa-Characiphysae,Characiformes,Distichodontidae,7.018491024,0.02610205419580422,0.02826923076923079,0.02661582167832169,0.00115,0.0015,9.666666666666668e-4,67.64519999999999,76.5354,68.99828333333333,64.14435,78.5526,65.62336666666667,0.0175,0.0207,0.01781666666666666,0.01745,0.0204,0.01756666666666666,0.007955212,0.010319145,0.00674278966666666,0.1225153045,0.145359295,0.1249801045,0.1225877705,0.143305911,0.123441141,0.04088569177280645,0.05707633460834847,0.0360908314813048,0.06937380366420562,0.0857142857142857,0.05658931035740313,0.9999768366235812,1,0.9999785281049688,11035
Nealotus_tripes,1,pelagic,marine,Nealotus_tripes,Actinopterygii-Actinopteri-Neopterygii-Teleostei-Osteoglossocephalai-Clupeocephala-Euteleosteomorpha-Neoteleostei-Eurypterygia-Ctenosquamata-Acanthomorphata-Euacanthomorphacea-Percomorphaceae-Pelagiaria-,Scombriformes,Gempylidae,18.59031968,0.02267679558011049,0.02388922651933699,0.02254139042357274,0.00174999999999999,0.0027,0.00188333333333333,49.08955,51.6762,46.81715,50.95195,66.1721,52.09166666666667,0.01075,0.0113,0.01033333333333333,0.0106,0.0114,0.01076666666666666,0.033078762,0.049317706,0.03501091766666667,0.19931071,0.209555364,0.19173730633333333,0.197780516,0.212244727,0.200160187,0.0771901715184942,0.13332423953075948,0.0844948963186464,0.1601979247134476,0.3050847457627119,0.18292289296666361,0.9993246665882662,0.9996895073941124,0.9979780850370852,3737
Nectamia_fusca,1,demersal,marine,Nectamia_fusca,Actinopterygii-Actinopteri-Neopterygii-Teleostei-Osteoglossocephalai-Clupeocephala-Euteleosteomorpha-Neoteleostei-Eurypterygia-Ctenosquamata-Acanthomorphata-Euacanthomorphacea-Percomorphaceae-Gobiaria-,Kurtiformes,Apogonidae,4.960883793,0.02958427876823343,0.03157293354943275,0.02787871420853592,4.5e-4,0.009,0.00188333333333333,65.439,78.0513,62.70988333333334,64.78045,77.6795,63.18221666666667,0.01925,0.0208,0.0175,0.01805,0.0215,0.01724999999999999,0.0023016135,0.044516895,0.00937684183333333,0.0953924655,0.103258252,0.086847709,0.0895170575,0.106633129,0.08559728333333333,0.01522291317707169,0.39644463482544423,0.07928545028186271,0.02347193983122515,0.6382978723404255,0.12701080318684496,0.9999996595245226,0.9999999781497518,0.9723334499825872,3456
Novumbra_hubbsi,1,demersal,freshwater,Novumbra_hubbsi,Actinopterygii-Actinopteri-Neopterygii-Teleostei-Osteoglossocephalai-Clupeocephala-Euteleosteomorpha-Protacanthopterygii-,Esociformes,Umbridae,6.073487177,0.02090490033222589,0.02193798449612403,0.02063796603912881,0.0034,0.0036,0.00313333333333333,79.08279999999999,86.4207,77.22753333333333,66.25495000000001,79.9925,68.23983333333334,0.0146,0.0149,0.01448333333333333,0.0155,0.0163,0.01533333333333333,0.0207062965,0.021831496,0.0191119415,0.088567328,0.090639084,0.08787844033333334,0.0939587755,0.099242713,0.09307288733333333,0.16190689332547037,0.19439677081776024,0.15301069771257692,0.22628365012470977,0.2482758620689655,0.2107022653173347,0.9973688111818322,0.99933582856059,0.9977123815631987,7671
Oncorhynchus_gorbuscha,1,demersal,freshwater,Oncorhynchus_gorbuscha,Actinopterygii-Actinopteri-Neopterygii-Teleostei-Osteoglossocephalai-Clupeocephala-Euteleosteomorpha-Protacanthopterygii-,Salmoniformes,Salmonidae,8.501736811,0.01245297215951843,0.01323664409330323,0.01198984198645599,0.0062,0.0073,0.00623333333333333,103.99375,117.3519,105.03735,111.24705,117.9191,112.26521666666667,0.01735,0.0181,0.01688333333333333,0.01675,0.0181,0.01658333333333333,0.052485972,0.061699555,0.05277866066666667,0.1476011625,0.15420784,0.143536949,0.14238566749999998,0.153492975,0.14092124916666665,0.5233446204296499,0.6240429765220824,0.5253650686086462,0.3693312576147285,0.4055555555555555,0.3727652908423727,0.9813793360327108,0.9870131187698648,0.9801328292412532,7583
Ophidion_scrippsae,1,demersal,marine,Ophidion_robinsi,Actinopterygii-Actinopteri-Neopterygii-Teleostei-Osteoglossocephalai-Clupeocephala-Euteleosteomorpha-Neoteleostei-Eurypterygia-Ctenosquamata-Acanthomorphata-Euacanthomorphacea-Percomorphaceae-Ophidiaria-,Ophidiiformes,Ophidiidae,11.61908163,0.01373799231508166,0.01625264169068202,0.01374663784822286,0.00159999999999999,0.0021,0.00141666666666666,77.99244999999999,84.3056,77.18676666666667,76.3866,79.5828,76.05563333333333,0.0111,0.0125,0.01066666666666666,0.01125,0.0143,0.0112,0.018802849,0.0238897,0.01655579716666666,0.12892172400000002,0.145697081,0.12389533316666668,0.131037527,0.165704992,0.13023324966666666,0.10932986958744828,0.13471576028346924,0.09993531270797734,0.13367721629655535,0.16342412451361865,0.12475164403149154,0.999676997405774,0.9999817512014612,0.999672631087835,6824
Ophiodon_elongatus,1,benthic,marine,Hexagrammos_decagrammus,Actinopterygii-Actinopteri-Neopterygii-Teleostei-Osteoglossocephalai-Clupeocephala-Euteleosteomorpha-Neoteleostei-Eurypterygia-Ctenosquamata-Acanthomorphata-Euacanthomorphacea-Percomorphaceae-Eupercaria-,Perciformes,Hexagrammidae,8.861595034,0.01389354644149578,0.01412153196622436,0.01376633494169682,0.0019,0.003,0.00186666666666666,79.64375000000001,82.419,79.54213333333334,77.2277,82.6255,78.10186666666667,0.01125,0.0125,0.01141666666666666,0.0118,0.0124,0.01173333333333333,0.016699848,0.026314935,0.01645250366666666,0.099756736,0.110383862,0.10114446866666668,0.104838241,0.110215775,0.10398650016666666,0.13848631208976325,0.21419343725777248,0.13463893516816694,0.16842797971586732,0.24096385542168677,0.15999011884109016,0.9990040565686548,0.9999836008469368,0.9987721526882566,4031
Opsanus_pardus,1,benthic,marine,Opsanus_pardus,Actinopterygii-Actinopteri-Neopterygii-Teleostei-Osteoglossocephalai-Clupeocephala-Euteleosteomorpha-Neoteleostei-Eurypterygia-Ctenosquamata-Acanthomorphata-Euacanthomorphacea-Percomorphaceae-Batrachoidiaria-,Batrachoidiformes,Batrachoididae,4.501467966,0.02115640394088671,0.02479950738916254,0.02097627257799671,0.001,0.0038,0.00123333333333333,74.51175,103.2669,79.1968,71.4764,76.1214,70.3429,0.0172,0.0237,0.01761666666666666,0.0152,0.0179,0.01501666666666666,0.0046657555,0.017211794,0.0056582505,0.07739075000000001,0.106692063,0.07930358083333333,0.068226693,0.080548939,0.06752261366666666,0.04811077828415768,0.15322885008839374,0.05395660830202869,0.06479307068037093,0.22686567164179103,0.07552142502710896,0.9999687935192594,1,0.9995335455977586,6810
Osteoglossum_bicirrhosum,1,demersal,freshwater,Osteoglossum_bicirrhosum,Actinopterygii-Actinopteri-Neopterygii-Teleostei-Osteoglossocephalai-Osteoglossocephala-Osteoglossomorpha-,Osteoglossiformes,Osteoglossidae,7.576864207,0.01097338642078786,0.01143713327745179,0.01100635652416873,0.00475,0.0062,0.00466666666666666,98.1881,106.4079,95.46183333333332,106.72355,110.274,104.97851666666666,0.0142,0.0153,0.01368333333333333,0.01475,0.0153,0.01398333333333333,0.036071541,0.047071699,0.03548059483333333,0.107503362,0.115762572,0.1035819225,0.1116957745,0.115995698,0.10601276433333331,0.43582383882000986,0.5679861777692464,0.42561755622733544,0.31295403407264544,0.4119601328903654,0.3348979571887219,0.9902769404800074,0.992571623258821,0.98593340771922,11365
Parophrys_vetulus,1,benthic,marine,Parophrys_vetulus,Actinopterygii-Actinopteri-Neopterygii-Teleostei-Osteoglossocephalai-Clupeocephala-Euteleosteomorpha-Neoteleostei-Eurypterygia-Ctenosquamata-Acanthomorphata-Euacanthomorphacea-Percomorphaceae-Carangaria-,Pleuronectiformes,Pleuronectidae,11.47472529,0.01634945164506478,0.01844815553339977,0.01662396144898635,0.00285,0.0035,0.00278333333333333,84.45760000000001,98.6408,84.72381666666666,88.91025,94.593,88.69083333333333,0.01585,0.0172,0.01595,0.01555,0.0177,0.01593333333333333,0.0321750175,0.039939595,0.03173735383333333,0.181418122,0.19775431500000001,0.1830660941666667,0.1783829995,0.203198556,0.18278706083333335,0.1807318106225227,0.20975114271203685,0.16934842643528245,0.17562894013952293,0.22151898734177217,0.17468839965842403,0.9990455747172282,0.9998455754619744,0.9988403521982364,2421
Percopsis_omiscomaycus,1,demersal,freshwater,Percopsis_omiscomaycus,Actinopterygii-Actinopteri-Neopterygii-Teleostei-Osteoglossocephalai-Clupeocephala-Euteleosteomorpha-Neoteleostei-Eurypterygia-Ctenosquamata-Acanthomorphata-Paracanthomorphacea-Percopsaria-,Percopsiformes,Percopsidae,6.041426928,0.02128151260504203,0.02264705882352941,0.02137503890445068,7e-4,9e-4,6.833333333333333e-4,70.82005000000001,76.852,70.48061666666666,70.5769,75.0726,69.50961666666666,0.01565,0.0161,0.01546666666666666,0.01495,0.0156,0.01478333333333333,0.004037364,0.0051729,0.00408522183333333,0.0947304225,0.09738442,0.09349513166666666,0.0901133235,0.094371173,0.089283235,0.03261295511046669,0.04127874609224444,0.03180514910500597,0.04567809239940387,0.06498194945848375,0.04548964682552439,0.9999956459416892,0.9999989171875896,0.9999940336527766,7195
Phalacronotus_bleekeri,1,demersal,freshwater,Phalacronotus_bleekeri,Actinopterygii-Actinopteri-Neopterygii-Teleostei-Osteoglossocephalai-Clupeocephala-Otomorpha-Ostariophysi-Otophysa-Characiphysae,Siluriformes,Siluridae,10.65863603,0.01484265873015873,0.01553809523809526,0.01422870370370369,3e-4,5e-4,3.1666666666666665e-4,68.41775,81.4093,67.61118333333333,66.2071,85.0826,67.22913333333334,0.011,0.0141,0.0106,0.01015,0.0135,0.00981666666666666,0.0029740775,0.005608364,0.00346631316666666,0.117401883,0.149944806,0.11310945766666668,0.107952859,0.143425604,0.10442777066666668,0.02383458786602827,0.03332187342977284,0.0223826539390219,0.03458646616541353,0.05555555555555554,0.03353485151788055,0.9999985040469116,0.9999999972427024,0.999997267803924,9975
Pholis_laeta,1,demersal,marine,Pholis_laeta,Actinopterygii-Actinopteri-Neopterygii-Teleostei-Osteoglossocephalai-Clupeocephala-Euteleosteomorpha-Neoteleostei-Eurypterygia-Ctenosquamata-Acanthomorphata-Euacanthomorphacea-Percomorphaceae-Eupercaria-,Perciformes,Pholidae,17.91865938,0.01317552816901408,0.01449706572769951,0.01329999999999999,0.001,0.0016,9.833333333333332e-4,90.15305,98.4982,90.4361,54.26075,60.6636,54.74071666666667,0.00854999999999999,0.009,0.00825,0.0098,0.0105,0.00955,0.017860255,0.028261639,0.01776348516666667,0.153006642,0.161778302,0.14784547733333334,0.1755745765,0.187457823,0.17100996883333333,0.07382365530273738,0.1103671618831722,0.07251258767909723,0.10646453089244852,0.16580310880829016,0.10731156762373624,0.9998079153602364,0.9999976957896758,0.9997135108514148,4177
Pholis_ornata,1,benthic,marine,Pholis_ornata,Actinopterygii-Actinopteri-Neopterygii-Teleostei-Osteoglossocephalai-Clupeocephala-Euteleosteomorpha-Neoteleostei-Eurypterygia-Ctenosquamata-Acanthomorphata-Euacanthomorphacea-Percomorphaceae-Eupercaria-,Perciformes,Pholidae,19.70338676,0.01259552696078429,0.01330943627450983,0.01227675653594771,0.00195,0.0025,0.00193333333333333,79.26910000000001,82.9269,78.8372,66.65255,69.4174,66.43266666666666,0.00825,0.0095,0.00826666666666666,0.0099,0.0107,0.00958333333333333,0.0385713195,0.049326456,0.038064137,0.161765218,0.187954362,0.162649263,0.194576107,0.211773764,0.188979685,0.1548729251182656,0.2140855712621599,0.1570192427281864,0.21034083736587417,0.30303030303030304,0.21688770128412604,0.997970509668042,0.9993084905725816,0.9971397746153025,4180
Phytichthys_chirus,1,demersal,marine,Cebidichthys_violaceus,Actinopterygii-Actinopteri-Neopterygii-Teleostei-Osteoglossocephalai-Clupeocephala-Euteleosteomorpha-Neoteleostei-Eurypterygia-Ctenosquamata-Acanthomorphata-Euacanthomorphacea-Percomorphaceae-Eupercaria-,Perciformes,Stichaeidae,15.30753779,0.01349017467248907,0.01451037117903934,0.01350458515283843,0.0015,0.0023,0.00151666666666666,75.2132,88.6762,74.40308333333333,57.58135,62.2479,57.23393333333333,0.00785,0.0092,0.00783333333333333,0.00945,0.0107,0.00918333333333333,0.0228199555,0.03562753,0.02318510399999999,0.1201446675,0.141383892,0.11994845866666667,0.1446158045,0.163405377,0.14080773083333334,0.11306682943063992,0.1673059360730591,0.1129178983633699,0.20017976373908575,0.2371134020618557,0.1811397491733519,0.9983917621593263,0.9999755037369455,0.9984622106517328,4193
Pimelodella_cristata,1,demersal,freshwater,Pimelodella_cristata,Actinopterygii-Actinopteri-Neopterygii-Teleostei-Osteoglossocephalai-Clupeocephala-Otomorpha-Ostariophysi-Otophysa-Characiphysae,Siluriformes,Heptapteridae,6.646615962,0.01999691805656276,0.02142857142857139,0.02022540488276529,5.5e-4,0.0015,6.833333333333333e-4,72.95085,75.4012,71.60578333333333,72.37559999999999,74.2281,72.7831,0.01505,0.0159,0.01496666666666666,0.0148,0.0165,0.01463333333333333,0.0037188805,0.010148542,0.00459364716666666,0.099895382,0.105426845,0.09935322866666668,0.098512517,0.109584455,0.09727825516666666,0.02781956948129132,0.07121339920472337,0.03311029357904727,0.03839483511614659,0.09316770186335405,0.04489939794307355,0.9999973252335236,1,0.9999820562028248,9604
Poecilia_reticulata,1,demersal,freshwater,Poecilia_reticulata,Actinopterygii-Actinopteri-Neopterygii-Teleostei-Osteoglossocephalai-Clupeocephala-Euteleosteomorpha-Neoteleostei-Eurypterygia-Ctenosquamata-Acanthomorphata-Euacanthomorphacea-Percomorphaceae-Ovalentaria-Atherinomorphae,Cyprinodontiformes,Poeciliidae,5.942279503,0.02624690539345714,0.03009725906277627,0.026091806660772172,0.00205,0.0024,0.00186666666666666,68.40215,109.7406,75.8085,58.2696,78.7895,58.946133333333336,0.01645,0.0318,0.0187,0.01575,0.0169,0.01575,0.012136751,0.013975653,0.01103341016666666,0.0977244905,0.188828935,0.111122203,0.093652637,0.100509113,0.09365263666666666,0.08212577725207768,0.09806100733033804,0.0732075421386085,0.12757217631121515,0.14457831325301207,0.10949236004786685,0.9997314209459656,0.9999947157818684,0.9997753781460496,151
Polymixia_lowei,1,demersal,marine,Polymixia_lowei,Actinopterygii-Actinopteri-Neopterygii-Teleostei-Osteoglossocephalai-Clupeocephala-Euteleosteomorpha-Neoteleostei-Eurypterygia-Ctenosquamata-Acanthomorphata-Polymixiacea-,Polymixiiformes,Polymixiidae,7.713483455,0.02651124197002141,0.02708565310492501,0.02625713775874375,0.0022,0.0032,0.00241666666666666,65.40245,67.0686,64.871,62.93945,64.2433,61.29253333333333,0.01625,0.0169,0.01606666666666666,0.0169,0.0174,0.01661666666666666,0.017111801,0.02438258,0.0185757985,0.1254925155,0.130298524,0.1240009585,0.1301705345,0.134562794,0.12807243200000001,0.08211183875759856,0.12067995531568396,0.0920654089835656,0.1406914024190912,0.19219219219219225,0.14773354964475502,0.9996062508477566,0.9998150461035288,0.999425829874992,7199
Polypterus_senegalus,1,demersal,freshwater,Polypterus_senegalus,Actinopterygii-Cladistia-,Polypteriformes,Polypteridae,7.841639173,0.01839393268379098,0.0190620017714792,0.01774018305284914,7e-4,0.0011,5.5e-4,84.11085,98.3547,86.47218333333333,80.726,85.1025,80.85938333333334,0.0166,0.0179,0.01664999999999999,0.0175,0.0188,0.0169,0.005472848,0.0089444,0.00442149866666666,0.129975356,0.140368315,0.13046959416666665,0.1372662095,0.147224503,0.1325127435,0.03721980441339269,0.05909307194518456,0.0299646283349454,0.0395371796390633,0.06162464985994399,0.0317572076496992,0.9999971154919908,1,0.9999956061259796,11627
Remora_remora,1,benthic,marine,Remora_remora,Actinopterygii-Actinopteri-Neopterygii-Teleostei-Osteoglossocephalai-Clupeocephala-Euteleosteomorpha-Neoteleostei-Eurypterygia-Ctenosquamata-Acanthomorphata-Euacanthomorphacea-Percomorphaceae-Carangaria-,Carangiformes,Echeneidae,6.836097066,0.02856750645994833,0.03044896640826873,0.02893168604651163,0.00165,0.0019,0.00145,52.0248,57.6151,51.7453,53.18815,54.6796,50.36383333333333,0.0148,0.0152,0.01443333333333333,0.01424999999999999,0.0149,0.01403333333333333,0.0112002945,0.012648291,0.00993649466666666,0.101114507,0.103862122,0.09868801283333334,0.097361183,0.10165309,0.09597149633333334,0.05825675389248541,0.06765889903613911,0.05059183052834375,0.11535626535626536,0.12709030100334448,0.10100472566520564,0.9998197862125632,0.9999931843090212,0.999851001578666,2669
Risor_ruber,1,benthic,marine,Risor_ruber,Actinopterygii-Actinopteri-Neopterygii-Teleostei-Osteoglossocephalai-Clupeocephala-Euteleosteomorpha-Neoteleostei-Eurypterygia-Ctenosquamata-Acanthomorphata-Euacanthomorphacea-Percomorphaceae-Gobiaria-,Gobiiformes,Gobiidae,6.775573483,0.03117090395480224,0.03549152542372883,0.03034192561205271,0.00275,0.0057,0.00308333333333333,65.10425000000001,72.3713,61.683800000000005,53.79695,71.1907,53.13731666666667,0.01685,0.021,0.01738333333333333,0.0168,0.0207,0.01648333333333333,0.0185453435,0.038384325,0.02082880166666666,0.114181297,0.141982765,0.11768665116666668,0.1136585105,0.14056821,0.11164027266666668,0.09714600611005068,0.18205440519691457,0.10135631358668835,0.14896446479180292,0.4913793103448276,0.20198798441518623,0.9994788784238188,1,0.9888221694441084,2956
Roeboides_affinis,1,demersal,freshwater,Roeboides_bouchellei,Actinopterygii-Actinopteri-Neopterygii-Teleostei-Osteoglossocephalai-Clupeocephala-Otomorpha-Ostariophysi-Otophysa-Characiphysae,Characiformes,Characidae,11.09629186,0.0208381030253475,0.02153229762878173,0.0207602207686018,0.0023,0.0026,0.00231666666666666,76.02340000000001,85.944,75.72865,74.094,76.0311,73.75711666666666,0.01625,0.0178,0.01635,0.01615,0.0169,0.01578333333333333,0.025532654,0.028906098,0.025735998,0.1803677865,0.197167716,0.18144064483333333,0.17892362099999998,0.187180674,0.17500141233333333,0.1115063986033595,0.12675343312139994,0.1114816086054086,0.15294646873594242,0.16249999999999998,0.14463248783445026,0.9994526716127264,0.99982417580935,0.9995294919257204,10602
Ronquilus_jordani,1,benthic,marine,Ronquilus_jordani,Actinopterygii-Actinopteri-Neopterygii-Teleostei-Osteoglossocephalai-Clupeocephala-Euteleosteomorpha-Neoteleostei-Eurypterygia-Ctenosquamata-Acanthomorphata-Euacanthomorphacea-Percomorphaceae-Eupercaria-,Perciformes,Bathymasteridae,8.02818987,0.01913572574178024,0.02046939321037156,0.01860286910808161,0.0013,0.0015,0.00133333333333333,71.6132,74.1473,68.3003,67.94345000000001,71.3196,67.6114,0.01325,0.0142,0.01275,0.01325,0.0152,0.01293333333333333,0.0104876925,0.012355034,0.010777236,0.106384262,0.113839189,0.10233167016666668,0.106405542,0.122404887,0.1038550945,0.07529603922613953,0.07868114611011019,0.07204553182228975,0.11081929190258544,0.11673151750972764,0.10480104083188324,0.9998490487229158,0.9999428246754408,0.999869818732285,4195
Salarias_fasciatus,1,benthic,marine,Salarias_fasciatus,Actinopterygii-Actinopteri-Neopterygii-Teleostei-Osteoglossocephalai-Clupeocephala-Euteleosteomorpha-Neoteleostei-Eurypterygia-Ctenosquamata-Acanthomorphata-Euacanthomorphacea-Percomorphaceae-Ovalentaria-Blenniimorphae,Blenniiformes,Blenniidae,5.774128594,0.02409753184713374,0.02782643312101914,0.02390591825902335,0.0018,0.0025,0.00171666666666666,72.76315,77.8029,71.99796666666666,75.22775,85.4897,73.80396666666667,0.01805,0.0204,0.01808333333333333,0.0182,0.0202,0.01793333333333333,0.0102999105,0.014396977,0.00987097483333333,0.1043956655,0.11769137,0.1043668475,0.105048207,0.116625011,0.10357938566666666,0.070789711832397,0.10086409045645828,0.0706875076489282,0.09939373629051912,0.12886597938144329,0.09354024083715352,0.9999019117182566,0.99999433780847,0.999891718826686,1877
Scomber_japonicus,1,pelagic,marine,Scomber_japonicus,Actinopterygii-Actinopteri-Neopterygii-Teleostei-Osteoglossocephalai-Clupeocephala-Euteleosteomorpha-Neoteleostei-Eurypterygia-Ctenosquamata-Acanthomorphata-Euacanthomorphacea-Percomorphaceae-Pelagiaria-,Scombriformes,Scombridae,9.112440287,0.02647866189427313,0.02688931718061675,0.02602257709251102,0.0025,0.003,0.00253333333333333,61.134150000000005,63.2238,60.77676666666667,54.7488,58.1623,54.967216666666666,0.015,0.0157,0.01471666666666666,0.01495,0.0156,0.01456666666666666,0.022831279,0.027196821,0.02302363083333333,0.13641062199999998,0.14310947,0.13406058916666666,0.135933925,0.142105897,0.13250505133333337,0.09762729378752856,0.11879245118454454,0.09741621333118249,0.17279020234291803,0.21897810218978103,0.17344491312353025,0.999101873458736,0.9996209197318008,0.9989626808993392,3652
Serrasalmus_rhombeus,1,demersal,freshwater,Serrasalmus_rhombeus,Actinopterygii-Actinopteri-Neopterygii-Teleostei-Osteoglossocephalai-Clupeocephala-Otomorpha-Ostariophysi-Otophysa-Characiphysae,Characiformes,Serrasalmidae,6.407916901,0.01944605695509308,0.02360405257393209,0.01961354508944871,0.00174999999999999,0.0031,0.00195,90.2179,92.9137,89.56741666666667,90.3616,93.53,88.07885,0.0194,0.0208,0.01926666666666666,0.01935,0.021,0.01916666666666666,0.0112718285,0.019571395,0.01245497283333333,0.124336748,0.133468864,0.12349326333333334,0.1239816265,0.134653176,0.122892602,0.09454151351623856,0.17174150485436873,0.10177766302732438,0.092196907094794,0.16847826086956522,0.1022655864131202,0.9999277105883702,0.9999734673949878,0.999810313183607,10883
Sphyraena_sphyraena,1,pelagic,marine,Sphyraena_sphyraena,Actinopterygii-Actinopteri-Neopterygii-Teleostei-Osteoglossocephalai-Clupeocephala-Euteleosteomorpha-Neoteleostei-Eurypterygia-Ctenosquamata-Acanthomorphata-Euacanthomorphacea-Percomorphaceae-Carangaria-,Incertae sedis in Carangaria,Sphyraenidae,11.54489602,0.03206589631480323,0.03622267332916931,0.03214844888611284,0.001,0.0022,0.00106666666666666,42.44155,49.1276,43.1143,39.4812,44.6217,39.59745,0.0118,0.0126,0.01175,0.0124,0.0129,0.01231666666666666,0.01150162949999999,0.024806023,0.01212658766666666,0.13589229549999998,0.145951715,0.1356278903333333,0.1432115145,0.148764025,0.1421538935,0.03014908013679414,0.07718283316350577,0.03424765495538082,0.08210686764332288,0.1946902654867257,0.08940268860431755,0.9999308900145188,1,0.9996889429819654,2514
Stenobrachius_leucopsarus,1,pelagic,marine,Stenobrachius_leucopsarus,Actinopterygii-Actinopteri-Neopterygii-Teleostei-Osteoglossocephalai-Clupeocephala-Euteleosteomorpha-Neoteleostei-Eurypterygia-Ctenosquamata-Myctophata-,Myctophiformes,Myctophidae,11.2494053,0.02375613915416097,0.02423055934515692,0.02368980218281036,0.0034,0.0037,0.00326666666666666,71.52860000000001,78.1716,71.26563333333334,64.42415,70.6125,65.87601666666666,0.01545,0.018,0.01596666666666666,0.01664999999999999,0.018,0.01635,0.0378192455,0.041890447,0.0365388175,0.1739131155,0.202254392,0.1796424955,0.187328331,0.202254392,0.18379466183333337,0.14560687989907423,0.15676878612716755,0.13804407128953117,0.20940601985270577,0.24113475177304963,0.2025801910152472,0.9980731991837112,0.9993945486615992,0.998139476958336,7298
Stephanolepis_hispidus,1,demersal,marine,Stephanolepis_hispidus,Actinopterygii-Actinopteri-Neopterygii-Teleostei-Osteoglossocephalai-Clupeocephala-Euteleosteomorpha-Neoteleostei-Eurypterygia-Ctenosquamata-Acanthomorphata-Euacanthomorphacea-Percomorphaceae-Eupercaria-,Tetraodontiformes,Monacanthidae,3.429902033,0.03635015290519877,0.04176529051987766,0.03661697247706422,0.0029,0.0062,0.00298,72.9726,86.2852,70.51412,64.8267,67.713,60.2578,0.0293,0.0331,0.02878,0.0323,0.0339,0.03038,0.009799386,0.021205191,0.0101693712,0.100362379,0.11338963,0.0986880878,0.110680355,0.116286585,0.1041303436,0.0830221716386877,0.15967551390092144,0.07923863275262381,0.09177215189873417,0.22024866785079927,0.1029419804311194,0.9999290677622404,1,0.9994503757699844,6285
Symphysodon_discus,1,demersal,freshwater,Symphysodon_discus,Actinopterygii-Actinopteri-Neopterygii-Teleostei-Osteoglossocephalai-Clupeocephala-Euteleosteomorpha-Neoteleostei-Eurypterygia-Ctenosquamata-Acanthomorphata-Euacanthomorphacea-Percomorphaceae-Ovalentaria-Cichlomorphae,Cichliformes,Cichlidae,5.275652862,0.02399541666666669,0.02638583333333334,0.02407069444444445,0.0023,0.0041,0.00243333333333333,96.8357,106.5357,97.99796666666668,79.0817,91.3359,80.1838,0.0242,0.0277,0.02418333333333333,0.02395,0.0264,0.02395,0.0121403595,0.021539618,0.0128190405,0.1275614775,0.146007993,0.12754396033333332,0.126539671,0.139240978,0.12651127766666667,0.09317662062674568,0.1706496479483888,0.10270369641665704,0.09215372072755897,0.17154811715481175,0.10164148141107056,0.9999248979239752,0.9999813583620764,0.999790979211978,1485
Trachurus_trachurus,1,pelagic,marine,Trachurus_trachurus,Actinopterygii-Actinopteri-Neopterygii-Teleostei-Osteoglossocephalai-Clupeocephala-Euteleosteomorpha-Neoteleostei-Eurypterygia-Ctenosquamata-Acanthomorphata-Euacanthomorphacea-Percomorphaceae-Carangaria-,Carangiformes,Carangidae,6.95458655,0.03887607142857141,0.04259000000000002,0.03898297619047618,7.5e-4,9e-4,7.5e-4,54.45375,65.0717,54.79095,51.65465,57.1755,51.5522,0.0187,0.0205,0.01878333333333333,0.0206,0.0211,0.02015,0.005066913,0.00645783,0.00519938133333333,0.129951417,0.142370322,0.13056408316666668,0.143314159,0.146443722,0.14000245083333335,0.01944943531738117,0.0229864088296999,0.01937395655520277,0.03814968814968815,0.04591836734693878,0.03846334653108578,0.9999978809653668,0.9999987090037156,0.9999976618765904,2605
Xiphister_mucosus,1,benthic,marine,Xiphister_mucosus,Actinopterygii-Actinopteri-Neopterygii-Teleostei-Osteoglossocephalai-Clupeocephala-Euteleosteomorpha-Neoteleostei-Eurypterygia-Ctenosquamata-Acanthomorphata-Euacanthomorphacea-Percomorphaceae-Eupercaria-,Perciformes,Stichaeidae,13.42757069,0.012914372375175,0.0137648156789547,0.01281264582361175,4e-4,0.0012,5.833333333333333e-4,79.62610000000001,86.5951,77.83108333333334,57.8254,60.0878,56.2467,0.00795,0.0092,0.0079,0.009,0.01,0.0086,0.005577598,0.015518833,0.00780759166666666,0.106321432,0.123486486,0.105874121,0.1212134285,0.13458565,0.11564519933333334,0.03342980994220161,0.08717879178249392,0.0447107029097734,0.0592108843537415,0.1263157894736842,0.06838152187660367,0.999987225472934,0.99999962831083,0.9999307634104132,4166
Xiphophorus_hellerii,1,demersal,freshwater,Xiphophorus_hellerii,Actinopterygii-Actinopteri-Neopterygii-Teleostei-Osteoglossocephalai-Clupeocephala-Euteleosteomorpha-Neoteleostei-Eurypterygia-Ctenosquamata-Acanthomorphata-Euacanthomorphacea-Percomorphaceae-Ovalentaria-Atherinomorphae,Cyprinodontiformes,Poeciliidae,4.852307879,0.02721354166666667,0.03072916666666669,0.02747395833333334,7.5e-4,0.0012,8.166666666666666e-4,71.99115,79.2912,72.24845,54.245149999999995,72.7382,55.670383333333334,0.01695,0.0188,0.01663333333333333,0.01675,0.0188,0.0168,0,0,0,0.075817311,0.101089747,0.08002938366666666,0.075817311,0.101089747,0.08424145633333333,0.02794392523364489,0.04151351351351347,0.0291116133740224,0.04771497749025839,0.07894736842105263,0.05087689038414522,0.9999894070240034,0.9999994996791286,0.999984122680596,51
