Species,Indiv,Habitat,Water_Type,MatchSpecies,MatchGenus,alltaxon,Order,Family,fineness,CBL_med,CBL_max,CBL_mn,d_med,d_max,d_mn,alphaAnt_med,alphaAnt_max,alphaAnt_mn,alphaPos_med,alphaPos_max,alphaPos_mn,DAnt_med,DAnt_max,DAnt_mn,DPos_med,DPos_max,DPos_mn,dBW_med,dBW_max,dBW_mn,DAntBW_med,DAntBW_max,DAntBW_mn,DPosBW_med,DPosBW_max,DPosBW_mn,d_normCBL_med,d_normCBL_max,d_normCBL_mn,d_normD_med,d_normD_max,d_normD_mn,Iratio_med,Iratio_max,Iratio_mn
Abramis_brama,1,pelagic,freshwater,alburnus,Alburnus,Actinopterygii-Actinopteri-Neopterygii-Teleostei-Osteoglossocephalai-Clupeocephala-Otomorpha-Ostariophysi-Otophysa-Cypriniphysae,Cypriniformes,Cyprinidae,8.952156735,0.01664552238805979,0.017726119402985064,0.016287686567164218,8.500000000000001e-4,0.0018,0.001,88.71505,93.9381,88.28855,84.15735000000001,86.8924,83.27525,0.0155,0.016,0.01535,0.01515,0.016,0.014966666666666666,0.007682820999999999,0.016033714,0.0088630805,0.1386248155,0.142833665,0.1372664035,0.1354180725,0.142833665,0.13381470116666666,0.054893299485674514,0.11077940568594061,0.061479736389779674,0.05791964904179174,0.11688311688311688,0.06570471817323693,0.9999881450040471,0.9999968569915824,0.9999595096327011
Alectis_ciliaris,1,pelagic,marine,ciliaris,Alectis,Actinopterygii-Actinopteri-Neopterygii-Teleostei-Osteoglossocephalai-Clupeocephala-Euteleosteomorpha-Neoteleostei-Eurypterygia-Ctenosquamata-Acanthomorphata-Euacanthomorphacea-Percomorphaceae-Carangaria-,Carangiformes,Carangidae,8.754754029,0.03462828535669592,0.03567209011264081,0.032605235711305816,0.0017000000000000001,0.0045,0.002183333333333333,76.5827,89.624,78.15756666666667,76.10925,86.3325,76.7483,0.0258,0.0292,0.02595,0.0271,0.0283,0.026083333333333333,0.015113313,0.039118657,0.019153187500000002,0.2261229885,0.255888773,0.22733409783333333,0.23722136100000002,0.247538183,0.22838240633333334,0.04927499826909835,0.20182996996828445,0.07488105524474764,0.05964912280701755,0.2054794520547945,0.08811577444270019,0.999969898752378,0.9999996601404881,0.9995993534240569
Alosa_pseudoharengus,1,pelagic,anadromous,pseudoharengus,Alosa,Actinopterygii-Actinopteri-Neopterygii-Teleostei-Osteoglossocephalai-Clupeocephala-Otomorpha-Clupei-,Clupeiformes,Clupeidae,7.389719098,0.01654534398888117,0.017349548297428814,0.01602756543896227,0.0033499999999999997,0.004,0.0033166666666666665,86.9591,101.3525,89.14675,91.08,95.8023,91.543,0.01625,0.0166,0.015966666666666667,0.01615,0.0169,0.016216666666666667,0.0249576335,0.029579418,0.0246067205,0.1200893545,0.122631336,0.118112258,0.11934473400000001,0.124942228,0.11988394200000001,0.20429978503757296,0.23621627167333534,0.2058090038137335,0.20589735355786848,0.2416918429003021,0.2055240128820318,0.9982014215661463,0.9995274878822282,0.998008894256528
Amia_calva,1,demersal,freshwater,calva,Amia,Actinopterygii-Actinopteri-Neopterygii-Holostei-,Amiiformes,Amiidae,6.71950057,0.009827885952712136,0.0112896383866481,0.008787146499768216,0.0056,0.007,0.005583333333333333,131.8089,143.0377,131.50296666666668,122.36705,141.4651,126.51306666666667,0.01915,0.0202,0.018233333333333334,0.0186,0.0199,0.0177,0.0375614705,0.047250163,0.037562812833333334,0.12892981850000002,0.135877766,0.122596587,0.12493238000000001,0.133776847,0.11890600250000001,0.5143469893348926,1.2491158404169453,0.7325227475971174,0.30803740679893843,0.4347826086956522,0.3200680994855377,0.990359097901786,0.9982514505494624,0.9848700053806271
Ammodytes_personatus,1,demersal,marine,personatus,Ammodytes,Actinopterygii-Actinopteri-Neopterygii-Teleostei-Osteoglossocephalai-Clupeocephala-Euteleosteomorpha-Neoteleostei-Eurypterygia-Ctenosquamata-Acanthomorphata-Euacanthomorphacea-Percomorphaceae-Eupercaria-,Uranoscopiformes,Ammodytidae,16.87886312,0.013200410798122045,0.01408372456964008,0.013251206311945738,0.0023,0.0043,0.0026,67.78435,75.1987,65.97771666666667,64.75215,68.91,64.36175,0.008400000000000001,0.0092,0.00825,0.008799999999999999,0.0096,0.008883333333333333,0.0382658625,0.072181605,0.04366949,0.1416123915,0.15592577,0.139037789,0.1480174735,0.162727828,0.1497674365,0.17744760561022505,0.3331908508026024,0.19738393561382797,0.2730186685452624,0.4673913043478261,0.30326668427480924,0.9944412667955465,0.9984350671624882,0.9866489642786495
Anodontostoma_chacunda,1,pelagic,freshwater,cepedianum,Dorosoma,Actinopterygii-Actinopteri-Neopterygii-Teleostei-Osteoglossocephalai-Clupeocephala-Otomorpha-Clupei-,Clupeiformes,Clupeidae,4.663323152,0.022801886792452847,0.023778301886792474,0.02272248427672957,7.999999999999999e-4,0.0016,9.666666666666667e-4,84.57849999999999,91.6076,84.81811666666667,85.1935,88.8691,85.5487,0.020999999999999998,0.0226,0.021033333333333334,0.0223,0.0226,0.021683333333333332,0.003905881,0.007229049,0.0044943665,0.097984864,0.105425005,0.09813437883333333,0.103873364,0.105388955,0.10111189433333334,0.034967081690424034,0.06894108765715276,0.042373872245993906,0.03774163679639171,0.07095343680709534,0.04501973071204513,0.9999974450932222,0.9999994155248297,0.9999911997226196
Anoplarchus_insignis,1,benthic,marine,insignis,Anoplarchus,Actinopterygii-Actinopteri-Neopterygii-Teleostei-Osteoglossocephalai-Clupeocephala-Euteleosteomorpha-Neoteleostei-Eurypterygia-Ctenosquamata-Acanthomorphata-Euacanthomorphacea-Percomorphaceae-Eupercaria-,Perciformes,Stichaeidae,8.615949257,0.019480148423005595,0.021219294990723617,0.019455040197897358,0.00145,0.0023,0.0016166666666666666,78.2501,91.0208,80.06316666666666,64.99770000000001,71.0656,65.77066666666667,0.01335,0.0152,0.013533333333333333,0.0146,0.0169,0.014783333333333332,0.01285113,0.019529196,0.013994413666666667,0.1150102935,0.13053613,0.11651364216666667,0.1258479165,0.145379981,0.1273099175,0.07548085608437763,0.11879869289814347,0.083346863194708,0.10137387799963363,0.16974169741697417,0.11525654478927076,0.9998932569119023,0.9999773781566308,0.9997156002201653
Anoplarchus_purpurescens,1,demersal,marine,purpurescens,Anoplarchus,Actinopterygii-Actinopteri-Neopterygii-Teleostei-Osteoglossocephalai-Clupeocephala-Euteleosteomorpha-Neoteleostei-Eurypterygia-Ctenosquamata-Acanthomorphata-Euacanthomorphacea-Percomorphaceae-Eupercaria-,Perciformes,Stichaeidae,9.510297574,0.01558469850121991,0.017610491460439213,0.015586354130358996,0.0010500000000000002,0.0012,0.001,77.16069999999999,77.5942,76.29316666666666,63.3035,64.7255,62.0632,0.0104,0.0114,0.01015,0.011300000000000001,0.0123,0.01105,0.009882921,0.011337533,0.009394290333333333,0.098595104,0.108381695,0.09650706533333334,0.107096343,0.116845459,0.10483988383333333,0.06826957430903483,0.07390203065298585,0.06419833649808195,0.10075592568866111,0.10434782608695652,0.09432363956507675,0.9998966728922751,0.9999739691795085,0.9999133096259496
Anoplogaster_cornuta,1,pelagic,marine,cornuta,Anoplogaster,Actinopterygii-Actinopteri-Neopterygii-Teleostei-Osteoglossocephalai-Clupeocephala-Euteleosteomorpha-Neoteleostei-Eurypterygia-Ctenosquamata-Acanthomorphata-Euacanthomorphacea-Berycimorphaceae-,Beryciformes,Anoplogastridae,5.042162219,0.028705651449028625,0.03287373699561338,0.028566299327712572,8e-4,0.0013,9.6e-4,68.0663,74.7481,68.50562,60.4094,65.7786,59.96066,0.0198,0.0201,0.01896,0.0177,0.0189,0.01774,0.004120017,0.006704387,0.0048412726,0.099607718,0.101583965,0.0955558828,0.089179243,0.095260127,0.0894178312,0.02910540251046014,0.04612218953501656,0.03335337499753194,0.04375,0.0695187165775401,0.05196131929684826,0.999996336364746,0.9999978355842533,0.9999895873600797
Aphareus_furca,1,pelagic,marine,furca,Aphareus,Actinopterygii-Actinopteri-Neopterygii-Teleostei-Osteoglossocephalai-Clupeocephala-Euteleosteomorpha-Neoteleostei-Eurypterygia-Ctenosquamata-Acanthomorphata-Euacanthomorphacea-Percomorphaceae-Eupercaria-,Incertae sedis in Eupercaria,Lutjanidae,5.012241139,0.03121475487531058,0.03340896263793003,0.031169213973456247,7.999999999999999e-4,0.0013,8.666666666666666e-4,67.59275,77.8479,68.9585,63.28665,71.6108,63.78005,0.0217,0.0227,0.021783333333333335,0.022,0.0223,0.021666666666666667,0.0039781799999999996,0.00652477,0.004303088,0.10868348,0.113736792,0.10915040233333334,0.1102361305,0.111771933,0.10854125083333334,0.025659478029144575,0.04297833813565918,0.027850591085335552,0.03693306383479312,0.062200956937799035,0.03999519777731871,0.9999980035702514,0.999999410106788,0.9999959218128179
Apodichthys_flavidus,1,demersal,marine,flavidus,Apodichthys,Actinopterygii-Actinopteri-Neopterygii-Teleostei-Osteoglossocephalai-Clupeocephala-Euteleosteomorpha-Neoteleostei-Eurypterygia-Ctenosquamata-Acanthomorphata-Euacanthomorphacea-Percomorphaceae-Eupercaria-,Perciformes,Pholidae,19.39483536,0.011314359478731245,0.011915170887632175,0.01104753708712401,0.0010500000000000002,0.0012,0.0010333333333333334,91.48065,97.7826,90.76853333333334,65.4859,71.6535,65.94158333333333,0.0083,0.009,0.008116666666666666,0.0097,0.0103,0.00925,0.0197141615,0.023076818,0.01983552783333333,0.16043782499999998,0.175116979,0.1570765625,0.1878312485,0.200044361,0.17902825966666666,0.09618177924027857,0.10860604000776848,0.09400145117908634,0.12574481865284975,0.145985401459854,0.12098858774297422,0.9997368595488574,0.9999464063291738,0.9997463010990484
Apteronotus_cuchillejo,1,demersal,freshwater,albifrons,Apteronotus,Actinopterygii-Actinopteri-Neopterygii-Teleostei-Osteoglossocephalai-Clupeocephala-Otomorpha-Ostariophysi-Otophysa-Characiphysae,Gymnotiformes,Apteronotidae,14.40522698,0.022021366083445487,0.022775908479138646,0.02182901525347689,0.00145,0.0021,0.0013833333333333332,59.70525,66.0082,58.345216666666666,56.6545,59.3298,54.474383333333336,0.012050000000000002,0.013,0.011866666666666668,0.01225,0.013,0.011633333333333332,0.02116215,0.030496646,0.02001171066666667,0.1738549015,0.187620317,0.171072305,0.1765629305,0.187275743,0.16744192583333334,0.0668950792887053,0.10280687882980831,0.06411652588963349,0.11602564102564103,0.17073170731707316,0.11457969255225353,0.9998187427286345,0.9999926414018796,0.9997030970183005
Aulorhynchus_flavidus,1,pelagic,marine,flavidus,Aulorhynchus,Actinopterygii-Actinopteri-Neopterygii-Teleostei-Osteoglossocephalai-Clupeocephala-Euteleosteomorpha-Neoteleostei-Eurypterygia-Ctenosquamata-Acanthomorphata-Euacanthomorphacea-Percomorphaceae-Eupercaria-,Perciformes,Aulorhynchidae,13.1142981,0.017014971927635687,0.021004990642545258,0.017305832813474746,8.500000000000001e-4,0.0016,8.666666666666666e-4,37.798249999999996,47.107,38.576166666666666,36.829049999999995,40.6004,36.1248,0.0060999999999999995,0.0072,0.00605,0.0056500000000000005,0.0073,0.0059,0.011277918000000001,0.020330927,0.011344433000000001,0.07976568049999999,0.094180444,0.079250835,0.073864615,0.095694289,0.07749991566666667,0.053499002457401704,0.1000458335364961,0.05181910412612702,0.13940815341105056,0.3137254901960784,0.14744577735850778,0.9996082535356972,0.9999991036728406,0.998070494835417
Barbichthys_laevis,1,benthic,freshwater,laevis,Barbichthys,Actinopterygii-Actinopteri-Neopterygii-Teleostei-Osteoglossocephalai-Clupeocephala-Otomorpha-Ostariophysi-Otophysa-Cypriniphysae,Cypriniformes,Cyprinidae,6.384768123,0.02374902572096642,0.02564380358534685,0.02320869056897895,0.0014,0.0018,0.0014166666666666668,72.90074999999999,88.0969,75.62835,70.0355,72.3994,69.99385,0.0168,0.0181,0.016983333333333333,0.0171,0.0181,0.0171,0.00876177,0.011811507,0.009004663833333334,0.1072098,0.115718128,0.10850371566666667,0.109208083,0.115785551,0.10919436183333334,0.059208430428597636,0.08330830729272345,0.061645134843270596,0.08204204204204205,0.1,0.08323386081253004,0.9999545266082936,0.999988706108729,0.9999436610577521
Catostomus_catostomus,1,demersal,freshwater,catostomus,Catostomus,Actinopterygii-Actinopteri-Neopterygii-Teleostei-Osteoglossocephalai-Clupeocephala-Otomorpha-Ostariophysi-Otophysa-Cypriniphysae,Cypriniformes,Catostomidae,5.683375908,0.016756699846860672,0.01766194486983156,0.016800535987748867,0.0024000000000000002,0.0026,0.00235,89.0235,100.9818,90.84968333333333,87.5903,89.9291,87.228,0.01675,0.0178,0.01668333333333333,0.0166,0.0171,0.016533333333333334,0.013489995500000001,0.014714444,0.013268143,0.0950242205,0.100967948,0.0948164355,0.09421265549999999,0.09707898,0.093906714,0.13862822755742943,0.16062440870387898,0.13995505225486288,0.140994019956556,0.1688311688311688,0.14185474130339198,0.9995954396213302,0.9998084314124591,0.999556016355939
Centropomus_undecimalis,1,pelagic,marine,undecimalis,Centropomus,Actinopterygii-Actinopteri-Neopterygii-Teleostei-Osteoglossocephalai-Clupeocephala-Euteleosteomorpha-Neoteleostei-Eurypterygia-Ctenosquamata-Acanthomorphata-Euacanthomorphacea-Percomorphaceae-Carangaria-,Incertae sedis in Carangaria,Centropomidae,7.859009063,0.02966472351765491,0.03222418387741505,0.029557739284921156,4e-4,4e-4,3.166666666666667e-4,63.528549999999996,79.8975,63.509,57.86455,67.0049,58.56308333333334,0.01825,0.0206,0.01755,0.017300000000000003,0.0194,0.017383333333333334,0.0031363809999999997,0.00350211,0.0026235351666666668,0.1433467995,0.161727836,0.13793548466666666,0.1361293555,0.152832604,0.1367506115,0.013015318886802796,0.014935323383084582,0.010812959212667835,0.021333485038115826,0.024922118380062305,0.018474150401630387,0.9999997928591472,1,0.999999791239665
Cephalopholis_argus,1,benthic,marine,argus,Cephalopholis,Actinopterygii-Actinopteri-Neopterygii-Teleostei-Osteoglossocephalai-Clupeocephala-Euteleosteomorpha-Neoteleostei-Eurypterygia-Ctenosquamata-Acanthomorphata-Euacanthomorphacea-Percomorphaceae-Eupercaria-,Perciformes,Serranidae,6.474975891,0.03258510638297873,0.03615121580547116,0.03269294579533941,0.0023,0.0029,0.0021166666666666664,61.34735,78.0723,63.81511666666667,57.6053,64.0797,58.59616666666667,0.02105,0.0229,0.020383333333333333,0.0184,0.021,0.018616666666666667,0.015101104,0.018520235,0.013708143666666667,0.13639293800000002,0.148383218,0.132046908,0.1192832915,0.13593028,0.12061378316666667,0.07360490109544082,0.08778479338462782,0.06554854755208422,0.12218644977265666,0.14356435643564355,0.11044220346536589,0.9997754906118475,0.9999971736109659,0.9997764295001554
Chaetostoma_lineopunctatum,1,demersal,freshwater,lineopunctatum,Chaetostoma,Actinopterygii-Actinopteri-Neopterygii-Teleostei-Osteoglossocephalai-Clupeocephala-Otomorpha-Ostariophysi-Otophysa-Characiphysae,Siluriformes,Loricariidae,2.905054322,0.026885017421602785,0.02918408826945412,0.027244483159117303,0.0027,0.0041,0.00254,58.0076,76.2253,61.0331,50.5195,54.24,50.4685,0.0138,0.0153,0.013900000000000001,0.0139,0.0164,0.01454,0.007901932,0.011865623,0.0073568312,0.040058889,0.044429866,0.040381846799999996,0.040523628,0.047571677,0.0422581766,0.10610223642172541,0.1537834894358525,0.09368300438799215,0.20610687022900764,0.29710144927536236,0.18339888790392883,0.9981954460354507,0.9999961956970517,0.9974712761770393
Chanos_chanos,1,demersal,marine,chanos,Chanos,Actinopterygii-Actinopteri-Neopterygii-Teleostei-Osteoglossocephalai-Clupeocephala-Otomorpha-Ostariophysi-Anotophysa-,Gonorynchiformes,Chanidae,9.852216749,0.018846004243281506,0.0223019801980197,0.01863814238566713,0.0027,0.0031,0.0025833333333333333,78.9691,95.6518,81.88416666666666,79.4309,87.9935,80.08621666666667,0.01545,0.0171,0.0155,0.01685,0.0172,0.016066666666666667,0.0265825555,0.030883043,0.025637236333333334,0.1522228885,0.16832688,0.15277025833333333,0.165770712,0.169651898,0.15817694566666668,0.1360337305262728,0.15943234836702935,0.13879332970006678,0.16368043650574204,0.1926910299003322,0.16340277158082017,0.9992721471147556,0.9997210902363363,0.9992179767701705
Cheilopogon_melanurus,1,pelagic,marine,melanurus,Cheilopogon,Actinopterygii-Actinopteri-Neopterygii-Teleostei-Osteoglossocephalai-Clupeocephala-Euteleosteomorpha-Neoteleostei-Eurypterygia-Ctenosquamata-Acanthomorphata-Euacanthomorphacea-Percomorphaceae-Ovalentaria-Atherinomorphae,Beloniformes,Exocoetidae,10.35988652,0.018044230769230844,0.019169230769230737,0.017892756410256422,1e-4,3e-4,1.1666666666666667e-4,68.6132,75.4044,69.57003333333333,69.953,85.6817,73.00101666666667,0.012650000000000002,0.0138,0.012833333333333334,0.0127,0.0142,0.01285,0.0012373505,0.003331102,0.0012698781666666667,0.1310517335,0.143042204,0.13281786483333333,0.1318674195,0.147382963,0.13328483283333334,0.005221412036103475,0.016967587557102443,0.0063792391021686295,0.008036794964899539,0.024390243902439022,0.009368644221383515,0.999999995813587,1,0.9999999293726596
Chiasmodon_niger,1,pelagic,marine,niger,Chiasmodon,Actinopterygii-Actinopteri-Neopterygii-Teleostei-Osteoglossocephalai-Clupeocephala-Euteleosteomorpha-Neoteleostei-Eurypterygia-Ctenosquamata-Acanthomorphata-Euacanthomorphacea-Percomorphaceae-Pelagiaria-,Scombriformes,Chiasmodontidae,6.156083374,0.03126487314085739,0.0343000874890638,0.031071595217264516,0.0015999999999999999,0.004,0.0017666666666666666,56.89505,78.1076,59.85288333333334,58.22735,69.614,59.008383333333335,0.01805,0.0211,0.018366666666666667,0.018099999999999998,0.0206,0.01815,0.0095745795,0.024634093,0.010800901833333333,0.1109191465,0.129974975,0.11301452099999999,0.1114110435,0.127079167,0.11172033266666667,0.05229457558025166,0.151997207400389,0.0602290829562121,0.08680237539516059,0.19184652278177458,0.09301488654896382,0.9999391801616858,0.9999996328643955,0.9997212219888294
Coryphaena_hippurus,1,pelagic,marine,hippurus,Coryphaena,Actinopterygii-Actinopteri-Neopterygii-Teleostei-Osteoglossocephalai-Clupeocephala-Euteleosteomorpha-Neoteleostei-Eurypterygia-Ctenosquamata-Acanthomorphata-Euacanthomorphacea-Percomorphaceae-Carangaria-,Carangiformes,Coryphaenidae,12.13358373,0.02380383580080752,0.026463660834454943,0.02343231269627635,0.002,0.0023,0.0017833333333333334,70.26425,86.9286,71.91721666666666,66.78975,72.4049,60.760666666666665,0.016800000000000002,0.0286,0.018283333333333332,0.016050000000000002,0.0211,0.016733333333333333,0.0242508365,0.028170164,0.0217876485,0.2036825345,0.34669715,0.22160529099999998,0.194578264,0.256307667,0.20300209566666666,0.08239691904667601,0.10396565431706146,0.07600909282071892,0.12250874310032445,0.14193548387096774,0.10892907478316695,0.9997588029522391,0.9999996601404881,0.9997726500774069
Coryphaenoides_filifer,1,benthic,marine,filifer,Coryphaenoides,Actinopterygii-Actinopteri-Neopterygii-Teleostei-Osteoglossocephalai-Clupeocephala-Euteleosteomorpha-Neoteleostei-Eurypterygia-Ctenosquamata-Acanthomorphata-Paracanthomorphacea-Zeiogadaria-,Gadiformes,Macrouridae,7.757249287,0.024964467005076173,0.029921319796954282,0.02570736040609137,0.00185,0.0023,0.0018666666666666666,69.98365000000001,84.9295,62.76688333333333,66.461,72.5872,65.43758333333334,0.01685,0.0186,0.015733333333333335,0.01625,0.0183,0.016166666666666666,0.014444096,0.017832215,0.014514937666666667,0.130531638,0.144179005,0.12187925516666667,0.1260001525,0.141996085,0.1254416045,0.07178409245775069,0.09544372590735772,0.07313923819059906,0.12376407040520916,0.15767634854771784,0.1185530923944654,0.9997652988338853,0.9999675558435538,0.9997471343875342
Ctenochaetus_strigosus,1,demersal,marine,strigosus,Ctenochaetus,Actinopterygii-Actinopteri-Neopterygii-Teleostei-Osteoglossocephalai-Clupeocephala-Euteleosteomorpha-Neoteleostei-Eurypterygia-Ctenosquamata-Acanthomorphata-Euacanthomorphacea-Percomorphaceae-Eupercaria-,Acanthuriformes,Acanthuridae,5.783638624,0.03737353206865402,0.04057588075880755,0.03664754591990363,0.0021999999999999997,0.0034,0.0022166666666666667,59.407799999999995,75.2856,60.037083333333335,60.9401,63.0501,59.60843333333334,0.02105,0.0231,0.020866666666666665,0.022350000000000002,0.0232,0.021416666666666667,0.012580346499999999,0.019489268,0.012669659,0.121688823,0.133555296,0.12066096483333333,0.129361902,0.13446861,0.123977992,0.05705387785093383,0.11445687872521605,0.062113258751856984,0.10289803681377131,0.16915422885572137,0.10520897604762533,0.9998705140373667,0.9999841838693108,0.9997751914141272
Cymatogaster_aggregata,1,pelagic,freshwater,aggregata,Cymatogaster,Actinopterygii-Actinopteri-Neopterygii-Teleostei-Osteoglossocephalai-Clupeocephala-Euteleosteomorpha-Neoteleostei-Eurypterygia-Ctenosquamata-Acanthomorphata-Euacanthomorphacea-Percomorphaceae-Ovalentaria-,Incertae sedis in Ovalentaria,Embiotocidae,7.147340197,0.02020525928762378,0.02181129635946723,0.020549718889026743,0.002396817,0.004512409,0.0028304088333333333,74.63451054500001,80.61431272,75.08832835833334,73.01001964,74.4412849,71.69530626666666,0.015326377499999998,0.016079117,0.015474315833333334,0.015280816,0.015919652,0.015259098,0.0171308685,0.032251719,0.02022989483333333,0.109542832,0.114922917,0.110600199,0.1092171905,0.113783167,0.10906196383333333,0.11416782969946002,0.223242459544626,0.13825437003722407,0.157192776193757,0.29263776942551667,0.18434526461234294,0.9993881193636265,0.9997545947006469,0.9979980028663504
Cyprinus_carpio,1,demersal,freshwater,carpio,Cyprinus,Actinopterygii-Actinopteri-Neopterygii-Teleostei-Osteoglossocephalai-Clupeocephala-Otomorpha-Ostariophysi-Otophysa-Cypriniphysae,Cypriniformes,Cyprinidae,6.656334122,0.03162724673202614,0.035999183006535936,0.031926811002178646,0.0012499999999999998,0.0014,0.0012,55.77055,60.6545,53.741816666666665,53.1185,63.0857,52.184266666666666,0.01595,0.0169,0.015416666666666667,0.01625,0.0166,0.016133333333333333,0.00813157,0.009552644,0.007992498666666667,0.10618986750000001,0.112300035,0.10269349433333333,0.107886869,0.110642931,0.10736199216666667,0.03836760401727607,0.05074100943102911,0.0381435083627597,0.07505974658429904,0.0875,0.07590383685925449,0.9999680382021472,0.9999808215102713,0.9999645689351013
Diplectrum_formosum,1,demersal,marine,formosum,Diplectrum,Actinopterygii-Actinopteri-Neopterygii-Teleostei-Osteoglossocephalai-Clupeocephala-Euteleosteomorpha-Neoteleostei-Eurypterygia-Ctenosquamata-Acanthomorphata-Euacanthomorphacea-Percomorphaceae-Eupercaria-,Perciformes,Serranidae,4.959817887,0.029108831710709354,0.03683936022253131,0.02986764024107556,0.0010999999999999998,0.0016,0.0010833333333333333,64.63785,81.5709,62.628483333333335,60.102450000000005,68.6061,60.32455,0.019799999999999998,0.021,0.019116666666666667,0.019950000000000002,0.0223,0.02001666666666667,0.005286494,0.008010707,0.0052904756666666665,0.098132013,0.103946503,0.09472906933333333,0.0990065745,0.110456622,0.099280232,0.037739491209307745,0.06014534427772274,0.038031000787763614,0.053240860772621204,0.08226221079691516,0.05471185027535843,0.9999913774003103,0.9999991360181382,0.9999860526336886
Discherodontus_ashmeadi,1,benthic,freshwater,ashmeadi,Discherodontus,Actinopterygii-Actinopteri-Neopterygii-Teleostei-Osteoglossocephalai-Clupeocephala-Otomorpha-Ostariophysi-Otophysa-Cypriniphysae,Cypriniformes,Cyprinidae,5.780687288,0.022889374090247487,0.024438864628820965,0.02289956331877731,0.0011,0.0018,0.0011666666666666668,73.0206,80.5384,73.27371666666667,66.5378,75.5482,67.80255,0.016399999999999998,0.0174,0.016183333333333334,0.01625,0.0173,0.016166666666666666,0.0062516325,0.010475918,0.006744643666666667,0.0949823625,0.100794654,0.09369930033333333,0.0939232275,0.09990842,0.093385597,0.04783869396127473,0.07600024583615013,0.051036653613228795,0.06754822182037372,0.11285266457680251,0.07232573969743139,0.9999790636458011,0.999997224535591,0.99995504810516
Engraulis_mordax,1,pelagic,marine,mordax,Engraulis,Actinopterygii-Actinopteri-Neopterygii-Teleostei-Osteoglossocephalai-Clupeocephala-Otomorpha-Clupei-,Clupeiformes,Engraulidae,8.22822286,0.018992362525458245,0.020191106585200253,0.018897544693369538,0.0038,0.0042,0.0037666666666666664,69.2332,77.2323,67.83091666666667,63.42855,74.6092,65.1817,0.012400000000000001,0.0138,0.0123,0.012750000000000001,0.014,0.0126,0.031225910000000003,0.03491269,0.030993159,0.1021684975,0.113452279,0.10126542233333333,0.104766001,0.115239808,0.10360224483333333,0.2027108916256082,0.23701632058846034,0.20055315057035286,0.3022888832113497,0.3218390804597701,0.3023009431305989,0.9916479911276264,0.9932349521404336,0.9915578612411734
Equetus_lanceolatus,1,demersal,marine,acuminatus,Pareques,Actinopterygii-Actinopteri-Neopterygii-Teleostei-Osteoglossocephalai-Clupeocephala-Euteleosteomorpha-Neoteleostei-Eurypterygia-Ctenosquamata-Acanthomorphata-Euacanthomorphacea-Percomorphaceae-Eupercaria-,Incertae sedis in Eupercaria,Sciaenidae,6.742789478,0.03748055694932261,0.03908003010536877,0.03631213413614316,7e-4,0.002,7.166666666666667e-4,42.1031,65.004,45.1967,40.239000000000004,42.7697,38.53608333333334,0.0149,0.0156,0.01455,0.013600000000000001,0.0148,0.013033333333333334,0.0045680040000000005,0.013239243,0.004771429,0.1002989315,0.105231294,0.098098637,0.09141240349999999,0.099874061,0.0878279425,0.01929969781248144,0.05390492933937391,0.020321422927127006,0.05133599831685251,0.14285714285714285,0.05380397091353101,0.999991292655655,1,0.9999217329849667
Fundulus_heteroclitus,1,demersal,marine,heteroclitus,Fundulus,Actinopterygii-Actinopteri-Neopterygii-Teleostei-Osteoglossocephalai-Clupeocephala-Euteleosteomorpha-Neoteleostei-Eurypterygia-Ctenosquamata-Acanthomorphata-Euacanthomorphacea-Percomorphaceae-Ovalentaria-Atherinomorphae,Cyprinodontiformes,Fundulidae,5.33035636,0.020210864903502487,0.02330914939242318,0.02064468668096259,9e-4,0.0018,9e-4,70.4417,72.8315,70.80196666666667,71.46955,74.3999,69.49921666666667,0.014499999999999999,0.0151,0.014583333333333334,0.0145,0.0152,0.01455,0.004824416999999999,0.009552037,0.004801221,0.07729654250000001,0.080603292000000007,0.077691037,0.0773082665,0.081065974,0.07757350516666667,0.042941226612161106,0.07722289516858577,0.04236437180240399,0.06228448275862069,0.12080536912751677,0.06133497351578194,0.9999849495097515,1,0.9999489318565696
Gadopsis_marmoratus,1,demersal,freshwater,marmoratus,Gadopsis,Actinopterygii-Actinopteri-Neopterygii-Teleostei-Osteoglossocephalai-Clupeocephala-Euteleosteomorpha-Neoteleostei-Eurypterygia-Ctenosquamata-Acanthomorphata-Euacanthomorphacea-Percomorphaceae-Eupercaria-,Centrarchiformes,Percichthyidae,8.079605375,0.01722368421052634,0.01867894736842105,0.017355537280701765,0.0012499999999999998,0.0014,0.00105,72.0073,83.5253,74.97318333333334,74.25200000000001,79.4067,74.09178333333334,0.0133,0.0164,0.013716666666666667,0.01295,0.0145,0.012916666666666667,0.010094157,0.011255869,0.008496455,0.107520535,0.132644071,0.11091377766666666,0.10448903949999999,0.117104861,0.10425217233333334,0.07054645493265795,0.08040808615152094,0.06021254323847372,0.08547266686801569,0.1111111111111111,0.078132014620148793,0.9999441262909174,0.9999990002811907,0.9999358555269583
Halieutichthys_aculeatus,1,benthic,marine,aculeatus,Halieutichthys,Actinopterygii-Actinopteri-Neopterygii-Teleostei-Osteoglossocephalai-Clupeocephala-Euteleosteomorpha-Neoteleostei-Eurypterygia-Ctenosquamata-Acanthomorphata-Euacanthomorphacea-Percomorphaceae-Eupercaria-,Lophiiformes,Ogcocephalidae,1.216508605,0.044103321033210324,0.06774415744157444,0.04540293152931527,3e-4,8e-4,3.6666666666666667e-4,49.043099999999995,73.8169,50.99315,52.366,83.0822,54.33866666666667,0.02055,0.0214,0.0202,0.01975,0.0242,0.019533333333333333,0.00037782100000000003,9.98e-4,4.5577366666666667e-4,0.0249493035,0.026039131,0.024551812666666666,0.024006798,0.029477448,0.023768344166666667,0.005904568232987143,0.021551647963241178,0.00764890358415558,0.016620498614958446,0.04040404040404041,0.01863853252530951,0.9999993895273933,1,0.9999989979576842
Hemitaurichthys_polylepis,1,pelagic,marine,polylepis,Hemitaurichthys,Actinopterygii-Actinopteri-Neopterygii-Teleostei-Osteoglossocephalai-Clupeocephala-Euteleosteomorpha-Neoteleostei-Eurypterygia-Ctenosquamata-Acanthomorphata-Euacanthomorphacea-Percomorphaceae-Eupercaria-,Chaetodontiformes,Chaetodontidae,8.151151254,0.032789087093389256,0.034888247639034635,0.03289244491080794,5e-4,8e-4,5.5e-4,73.53585000000001,75.8472,72.93856666666667,70.52019999999999,72.0396,68.86933333333333,0.02365,0.0247,0.02341666666666667,0.0242,0.0249,0.023566666666666666,0.004201753,0.006225759,0.004318741666666666,0.19258082799999998,0.201223625,0.19073107333333333,0.197199348,0.203186564,0.19216756299999999,0.015078027862796512,0.025912142068145166,0.016835402073845887,0.021768891116981277,0.036281179138321996,0.02355092731734367,0.9999997436721558,0.9999999306618467,0.999999486462783
Hirundichthys_rondeletii,1,pelagic,marine,rondeletii,Hirundichthys,Actinopterygii-Actinopteri-Neopterygii-Teleostei-Osteoglossocephalai-Clupeocephala-Euteleosteomorpha-Neoteleostei-Eurypterygia-Ctenosquamata-Acanthomorphata-Euacanthomorphacea-Percomorphaceae-Ovalentaria-Atherinomorphae,Beloniformes,Exocoetidae,6.854431933,0.019898568019093094,0.024242641209228286,0.020464863431450535,1.5000000000000001e-4,3e-4,1.3333333333333334e-4,72.4651,82.1795,72.43953333333333,68.97125,84.2623,70.96418333333334,0.014450000000000001,0.0169,0.01505,0.01415,0.0162,0.01455,0.0010635660000000002,0.001854023,8.543811666666667e-4,0.0992174935,0.115658314,0.10328907316666666,0.09698175949999999,0.110750607,0.09973552916666667,0.007030185431023931,0.016572546089784434,0.006786158427546276,0.010540069686411151,0.021126760563380278,0.009485463714857293,0.999999979832348,1,0.9999999522792692
Hypomesus_pretiosus,1,demersal,marine,pretiosus,Hypomesus,Actinopterygii-Actinopteri-Neopterygii-Teleostei-Osteoglossocephalai-Clupeocephala-Euteleosteomorpha-Stomiatii-,Osmeriformes,Osmeridae,10.0217945,0.012527489309712885,0.013930971288943158,0.012432193036041525,0.00505,0.0056,0.004733333333333333,91.30664999999999,107.3322,93.72540000000001,86.2671,91.1346,86.14618333333334,0.013000000000000001,0.0136,0.012816666666666667,0.0123,0.013,0.012166666666666666,0.050288094000000005,0.056059113,0.0473553215,0.1302504385,0.136165176,0.12854036416666667,0.1233645655,0.130012727,0.12191497516666666,0.3879650108703382,0.44396291683962785,0.3791165820854696,0.4108126721763085,0.42911877394636017,0.3778019228280883,0.9714829799896805,0.9957621882225463,0.9765444143244835
Hypsypops_rubicundus,1,demersal,marine,rubicundus,Hypsypops,Actinopterygii-Actinopteri-Neopterygii-Teleostei-Osteoglossocephalai-Clupeocephala-Euteleosteomorpha-Neoteleostei-Eurypterygia-Ctenosquamata-Acanthomorphata-Euacanthomorphacea-Percomorphaceae-Ovalentaria-,Incertae sedis in Ovalentaria,Pomacentridae,4.559230291,0.03132184325108855,0.03560449927431063,0.030919327527818095,7e-4,0.0021,9.5e-4,68.1588,81.9042,68.9426,58.051950000000005,75.8191,60.75756666666667,0.0199,0.0203,0.018933333333333333,0.01905,0.0251,0.019866666666666668,0.003125488,0.009759788,0.004318395,0.0907265195,0.092659532,0.08631346333333334,0.0868343915,0.114222739,0.0905332465,0.022600626318941747,0.06840326202576526,0.030792729731148525,0.03878205128205128,0.11023622047244096,0.04965603887376941,0.9999976626807447,0.999999760422372,0.9999727292885086
Labroides_dimidiatus,1,demersal,marine,dimidiatus,Labroides,Actinopterygii-Actinopteri-Neopterygii-Teleostei-Osteoglossocephalai-Clupeocephala-Euteleosteomorpha-Neoteleostei-Eurypterygia-Ctenosquamata-Acanthomorphata-Euacanthomorphacea-Percomorphaceae-Eupercaria-,Labriformes,Labridae,9.329456258,0.0317715490318551,0.033297938788257375,0.03193301061836353,0.0012000000000000001,0.0023,0.0014166666666666668,51.58875,54.6429,50.527566666666665,52.085499999999996,58.6546,52.73161666666667,0.01525,0.0168,0.015533333333333333,0.01555,0.0172,0.015433333333333334,0.0113650825,0.021207942,0.013096179,0.142362987,0.157184334,0.14490534033333333,0.144900938,0.160487514,0.14389763483333334,0.03699403813314055,0.07469622897945104,0.04448298872675549,0.07749183006535948,0.1503267973856209,0.09266371285831272,0.9999580232596071,0.9999902351284768,0.9998394564847063
Lagodon_rhomboides,1,demersal,marine,rhomboides,Lagodon,Actinopterygii-Actinopteri-Neopterygii-Teleostei-Osteoglossocephalai-Clupeocephala-Euteleosteomorpha-Neoteleostei-Eurypterygia-Ctenosquamata-Acanthomorphata-Euacanthomorphacea-Percomorphaceae-Eupercaria-,Spariformes,Sparidae,6.392516284,0.030811316872427982,0.03631687242798354,0.0314485596707819,0.0021,0.0025,0.0018666666666666666,55.5163,68.7138,54.62563333333333,51.3086,60.642,48.78035,0.01565,0.0162,0.014483333333333334,0.01595,0.0168,0.01535,0.013499856000000001,0.015902706,0.011884708166666667,0.0999145465,0.103713389,0.09255750666666666,0.10173032100000001,0.107426023,0.097989559,0.06473879816963865,0.07956185912223002,0.06045054970889993,0.1330369945511901,0.18834080717488788,0.1271128415632298,0.9996832214378311,0.9999894887430897,0.999564891022785
Lepidogalaxias_salamandroides,1,demersal,freshwater,salamandroides,Lepidogalaxias,Actinopterygii-Actinopteri-Neopterygii-Teleostei-Osteoglossocephalai-Clupeocephala-Euteleosteomorpha-Lepidogalaxii-,Lepidogalaxiiformes,Lepidogalaxiidae,11.37322612,0.01701918976545841,0.02055650319829426,0.017422103766879877,0.00675,0.0078,0.00655,82.6818,94.1254,82.78201666666666,81.29745,86.065,81.42245,0.015899999999999997,0.0168,0.01495,0.0162,0.0173,0.0156,0.076693448,0.089198669,0.074575224,0.181360584,0.191415648,0.17028762366666667,0.1840139325,0.196941589,0.17745772066666668,0.371909319120693,0.44476595744680847,0.37511378067787793,0.42526810889345834,0.4642857142857143,0.42653805231734615,0.9672877265468012,0.9796321292485901,0.9659342379903783
Lepomis_macrochirus,1,demersal,freshwater,macrochirus,Lepomis,Actinopterygii-Actinopteri-Neopterygii-Teleostei-Osteoglossocephalai-Clupeocephala-Euteleosteomorpha-Neoteleostei-Eurypterygia-Ctenosquamata-Acanthomorphata-Euacanthomorphacea-Percomorphaceae-Eupercaria-,Centrarchiformes,Centrarchidae,6.108500641,0.02627520396270399,0.028340909090909115,0.02631390831390833,0.00155,0.0023,0.0015666666666666667,65.8125,82.8093,68.22728333333333,58.9799,73.477,59.52693333333333,0.01675,0.0178,0.016649999999999998,0.01555,0.0186,0.015866666666666668,0.0094460095,0.014226289,0.009574902,0.102509324,0.108611543,0.10176560183333333,0.0947981485,0.113648014,0.09691502083333334,0.05809947558512549,0.08378372641008773,0.05911063790728838,0.09485864745011088,0.15181518151815182,0.09815488569187558,0.9998950409383547,0.9999892013011943,0.9998319509548926
Lumpenus_sagitta,1,benthic,marine,sagitta,Lumpenus,Actinopterygii-Actinopteri-Neopterygii-Teleostei-Osteoglossocephalai-Clupeocephala-Euteleosteomorpha-Neoteleostei-Eurypterygia-Ctenosquamata-Acanthomorphata-Euacanthomorphacea-Percomorphaceae-Eupercaria-,Perciformes,Stichaeidae,14.93063823,0.012451417601890124,0.012585351447135238,0.01216309805079739,0.0022,0.0024,0.002033333333333333,71.81784999999999,77.1991,71.31595,76.5178,77.6269,75.85941666666668,0.0093,0.0099,0.009116666666666667,0.00935,0.0097,0.009066666666666667,0.0326488735,0.035146335,0.03011341766666667,0.13944698449999998,0.148450525,0.13649370933333332,0.1400494565,0.144812641,0.13566787433333333,0.1766965102447431,0.19833191142576914,0.1661641865502309,0.23428118273479098,0.26436781609195403,0.22090905401427974,0.9969689288359227,0.999813358963738,0.9970613473827871
Malacocottus_zonurus,1,benthic,marine,zonurus,Malacocottus,Actinopterygii-Actinopteri-Neopterygii-Teleostei-Osteoglossocephalai-Clupeocephala-Euteleosteomorpha-Neoteleostei-Eurypterygia-Ctenosquamata-Acanthomorphata-Euacanthomorphacea-Percomorphaceae-Eupercaria-,Perciformes,Psychrolutidae,3.904458285,0.02220873786407767,0.024804368932038825,0.02241998381877024,0.0031999999999999997,0.0035,0.00315,73.6054,92.1056,76.11788333333334,76.1802,82.2953,75.72433333333333,0.0175,0.0208,0.017966666666666666,0.017550000000000003,0.0196,0.017283333333333335,0.012518634,0.013752321,0.012334942166666666,0.0684050635,0.08105618,0.07015501016666667,0.068476381,0.076492137,0.06748352616666667,0.1412073855554899,0.1662822878228784,0.14149491305435918,0.17274477447744774,0.2127659574468085,0.17970176493296652,0.9991094803250147,0.9995548757366416,0.9988533007390388
Malacosteus_niger,1,pelagic,marine,niger,Malacosteus,Actinopterygii-Actinopteri-Neopterygii-Teleostei-Osteoglossocephalai-Clupeocephala-Euteleosteomorpha-Stomiatii-,Stomiatiformes,Stomiidae,9.603080431,0.020171562689279235,0.020775287704421466,0.01985397738744194,0.0029,0.0039,0.002916666666666667,82.09145,89.6855,76.09886666666667,79.7671,87.1677,74.9767,0.01785,0.0192,0.016083333333333335,0.01725,0.0192,0.015716666666666667,0.027980256000000002,0.037652559,0.028101006666666668,0.17116765150000002,0.184340253,0.15426547766666668,0.1659010215,0.184010343,0.15106660833333332,0.14162195599422983,0.19442590775269836,0.14594124771535558,0.19878542510121455,0.2483660130718954,0.19057622565319915,0.9984285633199304,0.9997507061883868,0.9983736491587334
Menidia_beryllina,1,pelagic,freshwater,beryllina,Menidia,Actinopterygii-Actinopteri-Neopterygii-Teleostei-Osteoglossocephalai-Clupeocephala-Euteleosteomorpha-Neoteleostei-Eurypterygia-Ctenosquamata-Acanthomorphata-Euacanthomorphacea-Percomorphaceae-Ovalentaria-Atherinomorphae,Atheriniformes,Atherinopsidae,7.30785039,0.021071991001124862,0.022812710911136062,0.020688788901387322,4.5e-4,9e-4,4.6666666666666666e-4,63.3786,66.5235,63.69801666666667,63.0846,67.3208,61.7573,0.01295,0.0144,0.01295,0.012150000000000001,0.0141,0.012283333333333334,0.0030111965,0.006614462,0.0032940135,0.094677625,0.105582825,0.094757249,0.0886363245,0.102905467,0.08970493716666667,0.021170890546158276,0.03945169004708965,0.02146229043569419,0.033823529411764704,0.06896551724137931,0.03613582993449512,0.9999979525733049,1,0.9999926496265903
Microgadus_proximus,1,demersal,marine,proximus,Microgadus,Actinopterygii-Actinopteri-Neopterygii-Teleostei-Osteoglossocephalai-Clupeocephala-Euteleosteomorpha-Neoteleostei-Eurypterygia-Ctenosquamata-Acanthomorphata-Paracanthomorphacea-Zeiogadaria-,Gadiformes,Gadidae,8.025396534,0.016870529327610878,0.017701359084406273,0.01692274678111588,0.00185,0.0023,0.0018166666666666667,79.80015,88.1967,80.69543333333334,80.80879999999999,94.3238,81.011,0.0149,0.0164,0.0148,0.014700000000000001,0.0164,0.014266666666666667,0.0146121715,0.018800033,0.014544094,0.119902659,0.131276067,0.11887900166666666,0.117935926,0.132003112,0.11457555700000001,0.10753092158313983,0.14212969102241088,0.10774479849809464,0.12052926684223939,0.1503267973856209,0.12434983087569064,0.9997889507889626,0.9998429833010283,0.9997438747880069
Mugil_cephalus,1,pelagic,marine,cephalus,Mugil,Actinopterygii-Actinopteri-Neopterygii-Teleostei-Osteoglossocephalai-Clupeocephala-Euteleosteomorpha-Neoteleostei-Eurypterygia-Ctenosquamata-Acanthomorphata-Euacanthomorphacea-Percomorphaceae-Ovalentaria-Mugilomorphae,Mugiliformes,Mugilidae,5.88651497,0.032787458836443475,0.03516739846322725,0.032247987559458485,6.000000000000001e-4,8e-4,6.166666666666666e-4,58.1031,62.3396,58.13191666666667,54.2209,61.2156,54.893883333333335,0.018000000000000002,0.0182,0.0174,0.01745,0.018,0.01725,0.0034495439999999997,0.004892389,0.003584680333333333,0.1058095385,0.106906248,0.10235039066666667,0.1028881485,0.105680166,0.1014900905,0.019038079578387518,0.024619542268389482,0.01920884776156969,0.03507493122987877,0.0443213296398892,0.035524588486682225,0.9999983726869621,0.9999993979643548,0.9999980913317534
Myoxocephalus_polyacanthocephalus,1,benthic,marine,polyacanthocephalus,Myoxocephalus,Actinopterygii-Actinopteri-Neopterygii-Teleostei-Osteoglossocephalai-Clupeocephala-Euteleosteomorpha-Neoteleostei-Eurypterygia-Ctenosquamata-Acanthomorphata-Euacanthomorphacea-Percomorphaceae-Eupercaria-,Perciformes,Psychrolutidae,2.718203594,0.01914723851417397,0.023060606060606014,0.019223607038123144,0.0026,0.0034,0.0024666666666666665,79.8681,111.8336,84.64628333333334,78.887200000000007,90.5408,78.26158333333333,0.0172,0.0209,0.017666666666666667,0.01645,0.0179,0.016183333333333334,0.0071023575,0.009270662,0.006702558833333334,0.046723877,0.056775106,0.04804190233333333,0.044718726,0.04877354,0.0440396935,0.1334062012049977,0.1714856220187108,0.12858004678512855,0.15424594785059903,0.20481927710843373,0.14563812854242045,0.9994328850770015,0.9999611536130018,0.9993503123112178
Myripristis_jacobus,1,demersal,marine,jacobus,Myripristis,Actinopterygii-Actinopteri-Neopterygii-Teleostei-Osteoglossocephalai-Clupeocephala-Euteleosteomorpha-Neoteleostei-Eurypterygia-Ctenosquamata-Acanthomorphata-Euacanthomorphacea-Holocentrimorphaceae-,Holocentriformes,Holocentridae,4.308043124,0.02940996649916245,0.033336683417085455,0.029475293132328297,0.0018,0.0035,0.0018,64.2381,86.9638,67.74171666666666,61.60095,73.0421,62.08408333333333,0.018750000000000003,0.0234,0.019333333333333334,0.01885,0.0221,0.018833333333333334,0.0078157805,0.015134502,0.007786211833333333,0.08078366649999999,0.100758822,0.08328587783333333,0.081359966,0.095412051,0.0812108245,0.05844732851101117,0.11671228285762168,0.059494954205551044,0.10073794944261263,0.19390581717451524,0.098503428485171185,0.9998966953757351,1,0.9996877981619166
Nannaethiops_unitaeniatus,1,pelagic,freshwater,ansorgii,Neolebias,Actinopterygii-Actinopteri-Neopterygii-Teleostei-Osteoglossocephalai-Clupeocephala-Otomorpha-Ostariophysi-Otophysa-Characiphysae,Characiformes,Distichodontidae,7.018491024,0.02610205419580422,0.028269230769230796,0.026615821678321692,0.00115,0.0015,9.666666666666667e-4,67.64519999999999,76.5354,68.99828333333333,64.14435,78.5526,65.62336666666667,0.0175,0.0207,0.017816666666666668,0.01745,0.0204,0.017566666666666668,0.007955212,0.010319145,0.006742789666666667,0.1225153045,0.145359295,0.1249801045,0.1225877705,0.143305911,0.12344114099999999,0.04088569177280645,0.057076334608348475,0.0360908314813048,0.06937380366420562,0.0857142857142857,0.05658931035740313,0.9999768366235812,1,0.9999785281049687
Nealotus_tripes,1,pelagic,marine,tripes,Nealotus,Actinopterygii-Actinopteri-Neopterygii-Teleostei-Osteoglossocephalai-Clupeocephala-Euteleosteomorpha-Neoteleostei-Eurypterygia-Ctenosquamata-Acanthomorphata-Euacanthomorphacea-Percomorphaceae-Pelagiaria-,Scombriformes,Gempylidae,18.59031968,0.02267679558011049,0.023889226519336997,0.02254139042357274,0.0017499999999999998,0.0027,0.0018833333333333334,49.08955,51.6762,46.81715,50.95195,66.1721,52.09166666666667,0.01075,0.0113,0.010333333333333333,0.0106,0.0114,0.010766666666666667,0.033078762,0.049317706,0.03501091766666667,0.19931071,0.209555364,0.19173730633333333,0.19778051600000002,0.212244727,0.200160187,0.0771901715184942,0.13332423953075948,0.0844948963186464,0.1601979247134476,0.3050847457627119,0.18292289296666359,0.9993246665882662,0.9996895073941123,0.9979780850370853
Nectamia_fusca,1,demersal,marine,fusca,Nectamia,Actinopterygii-Actinopteri-Neopterygii-Teleostei-Osteoglossocephalai-Clupeocephala-Euteleosteomorpha-Neoteleostei-Eurypterygia-Ctenosquamata-Acanthomorphata-Euacanthomorphacea-Percomorphaceae-Gobiaria-,Kurtiformes,Apogonidae,4.960883793,0.029584278768233437,0.03157293354943275,0.027878714208535924,4.5e-4,0.009,0.0018833333333333332,65.439,78.0513,62.70988333333334,64.78045,77.6795,63.18221666666667,0.019250000000000003,0.0208,0.0175,0.01805,0.0215,0.017249999999999998,0.0023016135,0.044516895,0.009376841833333333,0.0953924655,0.103258252,0.086847709,0.0895170575,0.106633129,0.08559728333333333,0.015222913177071692,0.39644463482544423,0.07928545028186271,0.02347193983122515,0.6382978723404255,0.12701080318684496,0.9999996595245226,0.9999999781497518,0.9723334499825871
Novumbra_hubbsi,1,demersal,freshwater,hubbsi,Novumbra,Actinopterygii-Actinopteri-Neopterygii-Teleostei-Osteoglossocephalai-Clupeocephala-Euteleosteomorpha-Protacanthopterygii-,Esociformes,Umbridae,6.073487177,0.02090490033222589,0.021937984496124035,0.020637966039128812,0.0034,0.0036,0.0031333333333333335,79.08279999999999,86.4207,77.22753333333333,66.25495000000001,79.9925,68.23983333333334,0.0146,0.0149,0.014483333333333334,0.0155,0.0163,0.015333333333333332,0.0207062965,0.021831496,0.0191119415,0.088567328,0.090639084,0.08787844033333334,0.09395877550000001,0.099242713,0.09307288733333333,0.16190689332547037,0.19439677081776022,0.15301069771257692,0.22628365012470975,0.2482758620689655,0.21070226531733474,0.9973688111818322,0.99933582856059,0.9977123815631987
Oncorhynchus_gorbuscha,1,demersal,freshwater,gorbuscha,Oncorhynchus,Actinopterygii-Actinopteri-Neopterygii-Teleostei-Osteoglossocephalai-Clupeocephala-Euteleosteomorpha-Protacanthopterygii-,Salmoniformes,Salmonidae,8.501736811,0.012452972159518433,0.013236644093303232,0.01198984198645599,0.0062,0.0073,0.006233333333333333,103.99375,117.3519,105.03735,111.24705,117.9191,112.26521666666667,0.01735,0.0181,0.016883333333333334,0.01675,0.0181,0.016583333333333332,0.052485972000000006,0.061699555,0.05277866066666667,0.1476011625,0.15420784,0.143536949,0.14238566749999998,0.153492975,0.14092124916666665,0.5233446204296499,0.6240429765220824,0.5253650686086462,0.3693312576147285,0.4055555555555555,0.3727652908423727,0.9813793360327109,0.9870131187698649,0.9801328292412532
Ophidion_scrippsae,1,demersal,marine,robinsi,Ophidion,Actinopterygii-Actinopteri-Neopterygii-Teleostei-Osteoglossocephalai-Clupeocephala-Euteleosteomorpha-Neoteleostei-Eurypterygia-Ctenosquamata-Acanthomorphata-Euacanthomorphacea-Percomorphaceae-Ophidiaria-,Ophidiiformes,Ophidiidae,11.61908163,0.013737992315081661,0.01625264169068202,0.013746637848222868,0.0015999999999999999,0.0021,0.0014166666666666666,77.99244999999999,84.3056,77.18676666666667,76.3866,79.5828,76.05563333333333,0.0111,0.0125,0.010666666666666666,0.01125,0.0143,0.0112,0.018802849,0.0238897,0.016555797166666667,0.12892172400000002,0.145697081,0.12389533316666668,0.131037527,0.165704992,0.13023324966666666,0.10932986958744828,0.13471576028346924,0.09993531270797734,0.13367721629655535,0.16342412451361865,0.12475164403149154,0.9996769974057739,0.9999817512014612,0.999672631087835
Ophiodon_elongatus,1,benthic,marine,decagrammus,Hexagrammos,Actinopterygii-Actinopteri-Neopterygii-Teleostei-Osteoglossocephalai-Clupeocephala-Euteleosteomorpha-Neoteleostei-Eurypterygia-Ctenosquamata-Acanthomorphata-Euacanthomorphacea-Percomorphaceae-Eupercaria-,Perciformes,Hexagrammidae,8.861595034,0.013893546441495786,0.014121531966224366,0.013766334941696828,0.0019000000000000002,0.003,0.0018666666666666666,79.64375000000001,82.419,79.54213333333334,77.2277,82.6255,78.10186666666667,0.01125,0.0125,0.011416666666666667,0.0118,0.0124,0.011733333333333333,0.016699848,0.026314935,0.016452503666666667,0.099756736,0.110383862,0.10114446866666667,0.104838241,0.110215775,0.10398650016666666,0.13848631208976325,0.21419343725777246,0.13463893516816694,0.16842797971586732,0.24096385542168677,0.15999011884109016,0.9990040565686549,0.9999836008469367,0.9987721526882566
Opsanus_pardus,1,benthic,marine,pardus,Opsanus,Actinopterygii-Actinopteri-Neopterygii-Teleostei-Osteoglossocephalai-Clupeocephala-Euteleosteomorpha-Neoteleostei-Eurypterygia-Ctenosquamata-Acanthomorphata-Euacanthomorphacea-Percomorphaceae-Batrachoidiaria-,Batrachoidiformes,Batrachoididae,4.501467966,0.02115640394088671,0.02479950738916254,0.020976272577996717,0.001,0.0038,0.0012333333333333332,74.51175,103.2669,79.1968,71.4764,76.1214,70.3429,0.0172,0.0237,0.017616666666666666,0.0152,0.0179,0.015016666666666666,0.0046657555,0.017211794,0.0056582505,0.07739075000000001,0.106692063,0.07930358083333333,0.068226693,0.080548939,0.06752261366666666,0.04811077828415768,0.15322885008839374,0.05395660830202869,0.06479307068037093,0.22686567164179103,0.07552142502710896,0.9999687935192594,1,0.9995335455977586
Osteoglossum_bicirrhosum,1,demersal,freshwater,bicirrhosum,Osteoglossum,Actinopterygii-Actinopteri-Neopterygii-Teleostei-Osteoglossocephalai-Osteoglossocephala-Osteoglossomorpha-,Osteoglossiformes,Osteoglossidae,7.576864207,0.010973386420787861,0.011437133277451796,0.011006356524168731,0.00475,0.0062,0.004666666666666666,98.18809999999999,106.4079,95.46183333333333,106.72355,110.274,104.97851666666666,0.0142,0.0153,0.013683333333333332,0.01475,0.0153,0.013983333333333334,0.036071541,0.047071699,0.03548059483333333,0.10750336199999999,0.115762572,0.1035819225,0.1116957745,0.115995698,0.10601276433333333,0.43582383882000986,0.5679861777692464,0.42561755622733544,0.31295403407264544,0.4119601328903654,0.3348979571887219,0.9902769404800074,0.992571623258821,0.9859334077192199
Parophrys_vetulus,1,benthic,marine,vetulus,Parophrys,Actinopterygii-Actinopteri-Neopterygii-Teleostei-Osteoglossocephalai-Clupeocephala-Euteleosteomorpha-Neoteleostei-Eurypterygia-Ctenosquamata-Acanthomorphata-Euacanthomorphacea-Percomorphaceae-Carangaria-,Pleuronectiformes,Pleuronectidae,11.47472529,0.016349451645064787,0.018448155533399773,0.016623961448986355,0.00285,0.0035,0.0027833333333333334,84.45760000000001,98.6408,84.72381666666666,88.91025,94.593,88.69083333333333,0.01585,0.0172,0.01595,0.01555,0.0177,0.015933333333333334,0.0321750175,0.039939595,0.031737353833333336,0.18141812200000001,0.19775431500000001,0.18306609416666667,0.1783829995,0.203198556,0.18278706083333335,0.18073181062252267,0.20975114271203685,0.16934842643528245,0.17562894013952293,0.22151898734177214,0.17468839965842403,0.9990455747172282,0.9998455754619745,0.9988403521982364
Percopsis_omiscomaycus,1,demersal,freshwater,omiscomaycus,Percopsis,Actinopterygii-Actinopteri-Neopterygii-Teleostei-Osteoglossocephalai-Clupeocephala-Euteleosteomorpha-Neoteleostei-Eurypterygia-Ctenosquamata-Acanthomorphata-Paracanthomorphacea-Percopsaria-,Percopsiformes,Percopsidae,6.041426928,0.021281512605042033,0.02264705882352941,0.021375038904450687,7e-4,9e-4,6.833333333333333e-4,70.82005000000001,76.852,70.48061666666666,70.5769,75.0726,69.50961666666666,0.01565,0.0161,0.015466666666666667,0.01495,0.0156,0.014783333333333332,0.004037364,0.0051729,0.004085221833333334,0.0947304225,0.09738442,0.09349513166666666,0.09011332350000001,0.094371173,0.089283235,0.03261295511046669,0.041278746092244446,0.03180514910500597,0.045678092399403875,0.06498194945848375,0.045489646825524394,0.9999956459416893,0.9999989171875897,0.9999940336527766
Phalacronotus_bleekeri,1,demersal,freshwater,bleekeri,Phalacronotus,Actinopterygii-Actinopteri-Neopterygii-Teleostei-Osteoglossocephalai-Clupeocephala-Otomorpha-Ostariophysi-Otophysa-Characiphysae,Siluriformes,Siluridae,10.65863603,0.014842658730158734,0.015538095238095262,0.014228703703703691,3e-4,5e-4,3.1666666666666665e-4,68.41775,81.4093,67.61118333333333,66.2071,85.0826,67.22913333333334,0.011,0.0141,0.0106,0.01015,0.0135,0.009816666666666666,0.0029740775,0.005608364,0.0034663131666666665,0.117401883,0.149944806,0.11310945766666668,0.10795285900000001,0.143425604,0.10442777066666667,0.023834587866028274,0.03332187342977284,0.022382653939021904,0.03458646616541353,0.055555555555555546,0.033534851517880555,0.9999985040469115,0.9999999972427023,0.9999972678039241
Pholis_laeta,1,demersal,marine,laeta,Pholis,Actinopterygii-Actinopteri-Neopterygii-Teleostei-Osteoglossocephalai-Clupeocephala-Euteleosteomorpha-Neoteleostei-Eurypterygia-Ctenosquamata-Acanthomorphata-Euacanthomorphacea-Percomorphaceae-Eupercaria-,Perciformes,Pholidae,17.91865938,0.013175528169014083,0.014497065727699515,0.01329999999999999,0.001,0.0016,9.833333333333332e-4,90.15305000000001,98.4982,90.4361,54.26075,60.6636,54.74071666666667,0.008549999999999999,0.009,0.00825,0.0098,0.0105,0.00955,0.017860255,0.028261639,0.01776348516666667,0.153006642,0.161778302,0.14784547733333334,0.1755745765,0.187457823,0.17100996883333333,0.07382365530273738,0.11036716188317221,0.07251258767909723,0.10646453089244852,0.16580310880829016,0.10731156762373625,0.9998079153602365,0.9999976957896758,0.9997135108514148
Pholis_ornata,1,benthic,marine,ornata,Pholis,Actinopterygii-Actinopteri-Neopterygii-Teleostei-Osteoglossocephalai-Clupeocephala-Euteleosteomorpha-Neoteleostei-Eurypterygia-Ctenosquamata-Acanthomorphata-Euacanthomorphacea-Percomorphaceae-Eupercaria-,Perciformes,Pholidae,19.70338676,0.012595526960784299,0.013309436274509834,0.012276756535947711,0.00195,0.0025,0.0019333333333333333,79.26910000000001,82.9269,78.8372,66.65255,69.4174,66.43266666666666,0.00825,0.0095,0.008266666666666667,0.0099,0.0107,0.009583333333333334,0.0385713195,0.049326456,0.038064137,0.161765218,0.187954362,0.162649263,0.194576107,0.211773764,0.188979685,0.15487292511826561,0.2140855712621599,0.1570192427281864,0.21034083736587417,0.30303030303030304,0.21688770128412604,0.9979705096680421,0.9993084905725815,0.9971397746153025
Phytichthys_chirus,1,demersal,marine,violaceus,Cebidichthys,Actinopterygii-Actinopteri-Neopterygii-Teleostei-Osteoglossocephalai-Clupeocephala-Euteleosteomorpha-Neoteleostei-Eurypterygia-Ctenosquamata-Acanthomorphata-Euacanthomorphacea-Percomorphaceae-Eupercaria-,Perciformes,Stichaeidae,15.30753779,0.013490174672489075,0.014510371179039347,0.013504585152838436,0.0015,0.0023,0.0015166666666666666,75.2132,88.6762,74.40308333333333,57.58135,62.2479,57.23393333333333,0.00785,0.0092,0.007833333333333333,0.00945,0.0107,0.009183333333333333,0.0228199555,0.03562753,0.023185103999999998,0.1201446675,0.141383892,0.11994845866666667,0.1446158045,0.163405377,0.14080773083333334,0.11306682943063993,0.1673059360730591,0.1129178983633699,0.20017976373908575,0.23711340206185566,0.1811397491733519,0.9983917621593265,0.9999755037369455,0.9984622106517327
Pimelodella_cristata,1,demersal,freshwater,cristata,Pimelodella,Actinopterygii-Actinopteri-Neopterygii-Teleostei-Osteoglossocephalai-Clupeocephala-Otomorpha-Ostariophysi-Otophysa-Characiphysae,Siluriformes,Heptapteridae,6.646615962,0.019996918056562767,0.021428571428571394,0.020225404882765297,5.5e-4,0.0015,6.833333333333333e-4,72.95085,75.4012,71.60578333333333,72.37559999999999,74.2281,72.7831,0.01505,0.0159,0.014966666666666666,0.0148,0.0165,0.014633333333333333,0.0037188805,0.010148542,0.004593647166666667,0.099895382,0.105426845,0.09935322866666667,0.098512517,0.109584455,0.09727825516666666,0.027819569481291325,0.07121339920472337,0.033110293579047274,0.038394835116146595,0.09316770186335405,0.04489939794307355,0.9999973252335235,1,0.9999820562028247
Poecilia_reticulata,1,demersal,freshwater,reticulata,Poecilia,Actinopterygii-Actinopteri-Neopterygii-Teleostei-Osteoglossocephalai-Clupeocephala-Euteleosteomorpha-Neoteleostei-Eurypterygia-Ctenosquamata-Acanthomorphata-Euacanthomorphacea-Percomorphaceae-Ovalentaria-Atherinomorphae,Cyprinodontiformes,Poeciliidae,5.942279503,0.02624690539345714,0.03009725906277627,0.026091806660772175,0.00205,0.0024,0.0018666666666666666,68.40215,109.7406,75.8085,58.2696,78.7895,58.946133333333336,0.01645,0.0318,0.0187,0.01575,0.0169,0.01575,0.012136751,0.013975653,0.011033410166666667,0.09772449050000001,0.188828935,0.111122203,0.09365263700000001,0.100509113,0.09365263666666666,0.08212577725207768,0.09806100733033805,0.0732075421386085,0.12757217631121515,0.14457831325301207,0.10949236004786683,0.9997314209459655,0.9999947157818683,0.9997753781460496
Polymixia_lowei,1,demersal,marine,lowei,Polymixia,Actinopterygii-Actinopteri-Neopterygii-Teleostei-Osteoglossocephalai-Clupeocephala-Euteleosteomorpha-Neoteleostei-Eurypterygia-Ctenosquamata-Acanthomorphata-Polymixiacea-,Polymixiiformes,Polymixiidae,7.713483455,0.02651124197002141,0.027085653104925014,0.02625713775874375,0.0022,0.0032,0.002416666666666667,65.40245,67.0686,64.871,62.93945,64.2433,61.29253333333333,0.01625,0.0169,0.016066666666666667,0.0169,0.0174,0.016616666666666665,0.017111801,0.02438258,0.0185757985,0.1254925155,0.130298524,0.1240009585,0.1301705345,0.134562794,0.12807243200000001,0.08211183875759856,0.12067995531568396,0.09206540898356559,0.1406914024190912,0.19219219219219222,0.14773354964475502,0.9996062508477566,0.9998150461035289,0.9994258298749921
Polypterus_senegalus,1,demersal,freshwater,senegalus,Polypterus,Actinopterygii-Cladistia-,Polypteriformes,Polypteridae,7.841639173,0.01839393268379098,0.0190620017714792,0.017740183052849145,7e-4,0.0011,5.5e-4,84.11085,98.3547,86.47218333333333,80.726,85.1025,80.85938333333334,0.0166,0.0179,0.016649999999999998,0.0175,0.0188,0.0169,0.005472848,0.0089444,0.004421498666666667,0.129975356,0.140368315,0.13046959416666665,0.1372662095,0.147224503,0.1325127435,0.03721980441339269,0.059093071945184567,0.029964628334945405,0.0395371796390633,0.06162464985994399,0.0317572076496992,0.9999971154919907,1,0.9999956061259795
Remora_remora,1,benthic,marine,remora,Remora,Actinopterygii-Actinopteri-Neopterygii-Teleostei-Osteoglossocephalai-Clupeocephala-Euteleosteomorpha-Neoteleostei-Eurypterygia-Ctenosquamata-Acanthomorphata-Euacanthomorphacea-Percomorphaceae-Carangaria-,Carangiformes,Echeneidae,6.836097066,0.028567506459948336,0.03044896640826873,0.028931686046511636,0.00165,0.0019,0.00145,52.0248,57.6151,51.7453,53.18815,54.6796,50.36383333333333,0.0148,0.0152,0.014433333333333333,0.014249999999999999,0.0149,0.014033333333333333,0.0112002945,0.012648291,0.009936494666666667,0.10111450699999999,0.103862122,0.09868801283333334,0.09736118299999999,0.10165309,0.09597149633333334,0.05825675389248541,0.06765889903613911,0.050591830528343755,0.11535626535626536,0.12709030100334448,0.10100472566520564,0.9998197862125633,0.9999931843090213,0.9998510015786661
Risor_ruber,1,benthic,marine,ruber,Risor,Actinopterygii-Actinopteri-Neopterygii-Teleostei-Osteoglossocephalai-Clupeocephala-Euteleosteomorpha-Neoteleostei-Eurypterygia-Ctenosquamata-Acanthomorphata-Euacanthomorphacea-Percomorphaceae-Gobiaria-,Gobiiformes,Gobiidae,6.775573483,0.031170903954802244,0.03549152542372883,0.030341925612052713,0.00275,0.0057,0.0030833333333333333,65.10425000000001,72.3713,61.683800000000005,53.79695,71.1907,53.13731666666667,0.01685,0.021,0.017383333333333334,0.0168,0.0207,0.016483333333333332,0.0185453435,0.038384325,0.020828801666666667,0.114181297,0.141982765,0.11768665116666667,0.1136585105,0.14056821,0.11164027266666667,0.09714600611005067,0.18205440519691457,0.10135631358668835,0.14896446479180292,0.4913793103448276,0.20198798441518626,0.9994788784238187,1,0.9888221694441084
Roeboides_affinis,1,demersal,freshwater,bouchellei,Roeboides,Actinopterygii-Actinopteri-Neopterygii-Teleostei-Osteoglossocephalai-Clupeocephala-Otomorpha-Ostariophysi-Otophysa-Characiphysae,Characiformes,Characidae,11.09629186,0.020838103025347506,0.021532297628781734,0.0207602207686018,0.0023,0.0026,0.0023166666666666665,76.02340000000001,85.944,75.72865,74.094,76.0311,73.75711666666666,0.01625,0.0178,0.01635,0.01615,0.0169,0.015783333333333333,0.025532654000000002,0.028906098,0.025735998,0.1803677865,0.197167716,0.18144064483333333,0.17892362099999998,0.187180674,0.17500141233333333,0.1115063986033595,0.12675343312139994,0.1114816086054086,0.15294646873594242,0.16249999999999998,0.14463248783445026,0.9994526716127263,0.9998241758093499,0.9995294919257204
Ronquilus_jordani,1,benthic,marine,jordani,Ronquilus,Actinopterygii-Actinopteri-Neopterygii-Teleostei-Osteoglossocephalai-Clupeocephala-Euteleosteomorpha-Neoteleostei-Eurypterygia-Ctenosquamata-Acanthomorphata-Euacanthomorphacea-Percomorphaceae-Eupercaria-,Perciformes,Bathymasteridae,8.02818987,0.01913572574178024,0.020469393210371563,0.018602869108081614,0.0013,0.0015,0.0013333333333333333,71.6132,74.1473,68.3003,67.94345000000001,71.3196,67.6114,0.01325,0.0142,0.01275,0.01325,0.0152,0.012933333333333333,0.0104876925,0.012355034,0.010777236,0.106384262,0.113839189,0.10233167016666667,0.10640554199999999,0.122404887,0.1038550945,0.07529603922613953,0.07868114611011019,0.07204553182228975,0.11081929190258544,0.11673151750972763,0.10480104083188324,0.9998490487229158,0.9999428246754407,0.999869818732285
Salarias_fasciatus,1,benthic,marine,fasciatus,Salarias,Actinopterygii-Actinopteri-Neopterygii-Teleostei-Osteoglossocephalai-Clupeocephala-Euteleosteomorpha-Neoteleostei-Eurypterygia-Ctenosquamata-Acanthomorphata-Euacanthomorphacea-Percomorphaceae-Ovalentaria-Blenniimorphae,Blenniiformes,Blenniidae,5.774128594,0.024097531847133744,0.027826433121019144,0.023905918259023357,0.0018,0.0025,0.0017166666666666667,72.76315,77.8029,71.99796666666666,75.22775,85.4897,73.80396666666667,0.01805,0.0204,0.018083333333333333,0.0182,0.0202,0.017933333333333332,0.0102999105,0.014396977,0.009870974833333334,0.1043956655,0.11769137,0.1043668475,0.105048207,0.116625011,0.10357938566666666,0.070789711832397,0.10086409045645828,0.0706875076489282,0.09939373629051912,0.12886597938144329,0.09354024083715351,0.9999019117182566,0.99999433780847,0.999891718826686
Scomber_japonicus,1,pelagic,marine,japonicus,Scomber,Actinopterygii-Actinopteri-Neopterygii-Teleostei-Osteoglossocephalai-Clupeocephala-Euteleosteomorpha-Neoteleostei-Eurypterygia-Ctenosquamata-Acanthomorphata-Euacanthomorphacea-Percomorphaceae-Pelagiaria-,Scombriformes,Scombridae,9.112440287,0.02647866189427313,0.02688931718061675,0.02602257709251102,0.0025,0.003,0.002533333333333333,61.134150000000005,63.2238,60.77676666666667,54.7488,58.1623,54.967216666666666,0.015,0.0157,0.014716666666666666,0.01495,0.0156,0.014566666666666667,0.022831279000000003,0.027196821,0.023023630833333333,0.13641062199999998,0.14310947,0.13406058916666666,0.135933925,0.142105897,0.13250505133333335,0.09762729378752855,0.11879245118454454,0.09741621333118249,0.17279020234291803,0.21897810218978103,0.17344491312353025,0.999101873458736,0.9996209197318007,0.9989626808993393
Serrasalmus_rhombeus,1,demersal,freshwater,rhombeus,Serrasalmus,Actinopterygii-Actinopteri-Neopterygii-Teleostei-Osteoglossocephalai-Clupeocephala-Otomorpha-Ostariophysi-Otophysa-Characiphysae,Characiformes,Serrasalmidae,6.407916901,0.019446056955093084,0.023604052573932093,0.01961354508944871,0.0017499999999999998,0.0031,0.00195,90.2179,92.9137,89.56741666666667,90.3616,93.53,88.07885,0.0194,0.0208,0.019266666666666668,0.01935,0.021,0.019166666666666665,0.0112718285,0.019571395,0.012454972833333333,0.124336748,0.133468864,0.12349326333333334,0.1239816265,0.134653176,0.122892602,0.09454151351623855,0.17174150485436873,0.10177766302732438,0.092196907094794,0.16847826086956522,0.10226558641312021,0.9999277105883702,0.9999734673949878,0.999810313183607
Sphyraena_sphyraena,1,pelagic,marine,sphyraena,Sphyraena,Actinopterygii-Actinopteri-Neopterygii-Teleostei-Osteoglossocephalai-Clupeocephala-Euteleosteomorpha-Neoteleostei-Eurypterygia-Ctenosquamata-Acanthomorphata-Euacanthomorphacea-Percomorphaceae-Carangaria-,Incertae sedis in Carangaria,Sphyraenidae,11.54489602,0.032065896314803236,0.03622267332916931,0.03214844888611284,0.001,0.0022,0.0010666666666666667,42.44155,49.1276,43.1143,39.4812,44.6217,39.59745,0.011800000000000001,0.0126,0.01175,0.012400000000000001,0.0129,0.012316666666666667,0.011501629499999999,0.024806023,0.012126587666666667,0.13589229549999998,0.145951715,0.13562789033333333,0.1432115145,0.148764025,0.1421538935,0.030149080136794147,0.07718283316350577,0.034247654955380825,0.08210686764332288,0.1946902654867257,0.08940268860431755,0.9999308900145187,1,0.9996889429819654
Stenobrachius_leucopsarus,1,pelagic,marine,leucopsarus,Stenobrachius,Actinopterygii-Actinopteri-Neopterygii-Teleostei-Osteoglossocephalai-Clupeocephala-Euteleosteomorpha-Neoteleostei-Eurypterygia-Ctenosquamata-Myctophata-,Myctophiformes,Myctophidae,11.2494053,0.02375613915416097,0.024230559345156923,0.023689802182810367,0.0034,0.0037,0.003266666666666667,71.52860000000001,78.1716,71.26563333333334,64.42415,70.6125,65.87601666666666,0.01545,0.018,0.015966666666666667,0.016649999999999998,0.018,0.01635,0.0378192455,0.041890447,0.0365388175,0.1739131155,0.202254392,0.1796424955,0.18732833100000001,0.202254392,0.18379466183333334,0.14560687989907423,0.15676878612716755,0.13804407128953117,0.20940601985270577,0.24113475177304963,0.2025801910152472,0.9980731991837113,0.9993945486615993,0.9981394769583359
Stephanolepis_hispidus,1,demersal,marine,hispidus,Stephanolepis,Actinopterygii-Actinopteri-Neopterygii-Teleostei-Osteoglossocephalai-Clupeocephala-Euteleosteomorpha-Neoteleostei-Eurypterygia-Ctenosquamata-Acanthomorphata-Euacanthomorphacea-Percomorphaceae-Eupercaria-,Tetraodontiformes,Monacanthidae,3.429902033,0.036350152905198774,0.041765290519877665,0.03661697247706422,0.0029,0.0062,0.00298,72.9726,86.2852,70.51412,64.8267,67.713,60.2578,0.0293,0.0331,0.02878,0.0323,0.0339,0.03038,0.009799386,0.021205191,0.010169371200000001,0.100362379,0.11338963,0.0986880878,0.110680355,0.116286585,0.1041303436,0.0830221716386877,0.15967551390092144,0.07923863275262381,0.09177215189873417,0.22024866785079927,0.10294198043111939,0.9999290677622403,1,0.9994503757699843
Symphysodon_discus,1,demersal,freshwater,discus,Symphysodon,Actinopterygii-Actinopteri-Neopterygii-Teleostei-Osteoglossocephalai-Clupeocephala-Euteleosteomorpha-Neoteleostei-Eurypterygia-Ctenosquamata-Acanthomorphata-Euacanthomorphacea-Percomorphaceae-Ovalentaria-Cichlomorphae,Cichliformes,Cichlidae,5.275652862,0.02399541666666669,0.02638583333333334,0.024070694444444457,0.0023,0.0041,0.0024333333333333334,96.8357,106.5357,97.99796666666667,79.0817,91.3359,80.1838,0.0242,0.0277,0.024183333333333334,0.02395,0.0264,0.02395,0.0121403595,0.021539618,0.0128190405,0.1275614775,0.146007993,0.12754396033333332,0.126539671,0.139240978,0.12651127766666667,0.09317662062674567,0.1706496479483888,0.10270369641665704,0.09215372072755897,0.17154811715481175,0.10164148141107057,0.9999248979239752,0.9999813583620765,0.9997909792119781
Trachurus_trachurus,1,pelagic,marine,trachurus,Trachurus,Actinopterygii-Actinopteri-Neopterygii-Teleostei-Osteoglossocephalai-Clupeocephala-Euteleosteomorpha-Neoteleostei-Eurypterygia-Ctenosquamata-Acanthomorphata-Euacanthomorphacea-Percomorphaceae-Carangaria-,Carangiformes,Carangidae,6.95458655,0.03887607142857141,0.042590000000000024,0.03898297619047618,7.5e-4,9e-4,7.5e-4,54.45375,65.0717,54.79095,51.654650000000004,57.1755,51.5522,0.0187,0.0205,0.018783333333333332,0.0206,0.0211,0.02015,0.005066913,0.00645783,0.0051993813333333335,0.129951417,0.142370322,0.13056408316666668,0.143314159,0.146443722,0.14000245083333335,0.01944943531738117,0.0229864088296999,0.01937395655520277,0.03814968814968815,0.04591836734693878,0.03846334653108578,0.9999978809653669,0.9999987090037157,0.9999976618765904
Xiphister_mucosus,1,benthic,marine,mucosus,Xiphister,Actinopterygii-Actinopteri-Neopterygii-Teleostei-Osteoglossocephalai-Clupeocephala-Euteleosteomorpha-Neoteleostei-Eurypterygia-Ctenosquamata-Acanthomorphata-Euacanthomorphacea-Percomorphaceae-Eupercaria-,Perciformes,Stichaeidae,13.42757069,0.012914372375175003,0.013764815678954705,0.012812645823611754,4e-4,0.0012,5.833333333333333e-4,79.62610000000001,86.5951,77.83108333333334,57.8254,60.0878,56.246700000000004,0.00795,0.0092,0.0079,0.009000000000000001,0.01,0.0086,0.005577598,0.015518833,0.007807591666666666,0.106321432,0.123486486,0.105874121,0.1212134285,0.13458565,0.11564519933333334,0.03342980994220161,0.08717879178249392,0.0447107029097734,0.0592108843537415,0.12631578947368421,0.06838152187660367,0.9999872254729341,0.99999962831083,0.9999307634104133
Xiphophorus_hellerii,1,demersal,freshwater,hellerii,Xiphophorus,Actinopterygii-Actinopteri-Neopterygii-Teleostei-Osteoglossocephalai-Clupeocephala-Euteleosteomorpha-Neoteleostei-Eurypterygia-Ctenosquamata-Acanthomorphata-Euacanthomorphacea-Percomorphaceae-Ovalentaria-Atherinomorphae,Cyprinodontiformes,Poeciliidae,4.852307879,0.027213541666666678,0.030729166666666696,0.02747395833333334,7.5e-4,0.0012,8.166666666666666e-4,71.99115,79.2912,72.24845,54.245149999999995,72.7382,55.670383333333334,0.01695,0.0188,0.016633333333333333,0.01675,0.0188,0.0168,0,0,0,0.075817311,0.101089747,0.08002938366666666,0.075817311,0.101089747,0.08424145633333333,0.02794392523364489,0.04151351351351347,0.0291116133740224,0.04771497749025839,0.07894736842105263,0.050876890384145224,0.9999894070240034,0.9999994996791286,0.9999841226805959
