parent,node,branch.length,label,Species,Habitat,Water_Type,MatchSpecies,MatchGenus,fineness,CBL_med,CBL_max,CBL_mn,d_med,d_max,d_mn,alphaAnt_med,alphaAnt_max,alphaAnt_mn,alphaPos_med,alphaPos_max,alphaPos_mn,DAnt_med,DAnt_max,DAnt_mn,DPos_med,DPos_max,DPos_mn,dBW_med,dBW_max,dBW_mn,DAntBW_med,DAntBW_max,DAntBW_mn,DPosBW_med,DPosBW_max,DPosBW_mn,d_normCBL_med,d_normCBL_max,d_normCBL_mn,d_normD_med,d_normD_max,d_normD_mn,Iratio_med,Iratio_max,Iratio_mn,d_80,CBL_80,alphaPos_80,alphaAnt_80,DPos_80,DAnt_80,dBW_80,DAntBW_80,DPosBW_80,d_normCBL_80,d_normD_80,Iratio_80,d_slope,CBL_slope,alphaPos_slope,alphaAnt_slope,DPos_slope,DAnt_slope,dBW_slope,DAntBW_slope,DPosBW_slope,d_normCBL_slope,d_normD_slope,Iratio_slope,d_quad,CBL_quad,alphaPos_quad,alphaAnt_quad,DPos_quad,DAnt_quad,dBW_quad,DAntBW_quad,DPosBW_quad,d_normCBL_quad,d_normD_quad,Iratio_quad,d_order,CBL_order,alphaPos_order,alphaAnt_order,DPos_order,DAnt_order,dBW_order,DAntBW_order,DPosBW_order,d_normCBL_order,d_normD_order,Iratio_order,Family,Tip,CBL_vtx,alphaPos_vtx,alphaAnt_vtx,d_vtx,DAnt_vtx,DPos_vtx,diffhab,compare
84,5,54.162777,Clupeidae_Alosa_pseudoharengus_G01195,Alosa_pseudoharengus,pelagic,anadromous,pseudoharengus,Alosa,7.389719098,0.01654534398888117,0.01734954829742881,0.01602756543896227,0.00334999999999999,0.004,0.00331666666666666,86.9591,101.3525,89.14675,91.08,95.8023,91.543,0.01625,0.0166,0.01596666666666666,0.01615,0.0169,0.01621666666666666,0.0249576335,0.029579418,0.0246067205,0.1200893545,0.122631336,0.118112258,0.119344734,0.124942228,0.119883942,0.20429978503757296,0.23621627167333537,0.2058090038137335,0.20589735355786848,0.2416918429003021,0.2055240128820318,0.9982014215661464,0.9995274878822282,0.998008894256528,0.00346428571428571,0.01641437506204708,91.61827857142862,85.46269285714286,0.01619285714285714,0.01587142857142856,0.02567290964285714,0.11746667542857138,0.1197555592142857,0.211649168608066,0.21606514314051112,0.9978384140824996,0.0173928571428571,0.04694207286806272,-125.25889285714253,-84.04632142857092,0.01546428571428573,0.02364285714285719,0.12777765535714267,0.1768015778571428,0.11026256250000004,0.5326974372239199,0.8527128604610722,-0.02556222352633545,-0.01321428571428568,-0.03572917700784233,98.59273809523786,50.77892857142819,-0.01250000000000001,-0.01952380952380956,-0.09714305357142844,-0.1455006071428571,-0.08901213690476195,-0.39748837529537334,-0.6304898345591534,0.0196675572897831,2,2,2,2,2,2,2,2,2,2,2,2,Clupeidae,59,1.31383023061962,1.270467737047184,1.6551416855979375,1.3162162162162163,1.2109756097560975,1.2371428571428575,FALSE,p-p
84,6,54.162777,Clupeidae_Dorosoma_cepedianum_E01016,Anodontostoma_chacunda,pelagic,freshwater,cepedianum,Dorosoma,4.663323152,0.02280188679245284,0.02377830188679247,0.02272248427672957,7.999999999999999e-4,0.0016,9.666666666666668e-4,84.57849999999999,91.6076,84.81811666666667,85.1935,88.8691,85.5487,0.02099999999999999,0.0226,0.02103333333333333,0.0223,0.0226,0.02168333333333333,0.003905881,0.007229049,0.0044943665,0.097984864,0.105425005,0.09813437883333331,0.103873364,0.105388955,0.10111189433333334,0.03496708169042403,0.06894108765715276,0.0423738722459939,0.03774163679639171,0.07095343680709534,0.04501973071204513,0.9999974450932222,0.9999994155248296,0.9999911997226196,8.363095238095227e-4,0.02318340874085482,84.48233154761903,81.68560892857143,0.02157738095238095,0.02082559523809523,0.00394216222023808,0.09714213654166666,0.10068669163095235,0.03572755482913924,0.03896301773341456,0.9999944534141296,0.00472023809523809,0.03738303812090884,45.29363690476209,-0.03941071428552983,0.02627380952380955,0.0242916666666667,0.01985100077380952,0.11300606684523802,0.12081792488095236,0.12208161397338436,0.16631711357332676,-1.230313378992993e-4,-0.00458333333333333,-0.02730394044410229,-41.799702380952525,-16.83017857142871,-0.02154761904761907,-0.02029761904761907,-0.01935440297619048,-0.09445450892857138,-0.09882913452380952,-0.13878478660119706,-0.1708050729499129,1.1676464515211944e-4,2,2,2,2,2,2,2,2,2,2,2,2,Clupeidae,60,1.3691444353037936,1.0835875454797903,-0.00234166940762199,1.0298701298701294,1.196774193548387,1.2193370165745856,FALSE,p-p
90,11,47.515722724999996,Cyprinidae_Discherodontus_ashmeadi_I2636-31,Discherodontus_ashmeadi,benthic,freshwater,ashmeadi,Discherodontus,5.780687288,0.02288937409024748,0.02443886462882096,0.02289956331877731,0.0011,0.0018,0.00116666666666666,73.0206,80.5384,73.27371666666667,66.5378,75.5482,67.80255,0.01639999999999999,0.0174,0.01618333333333333,0.01625,0.0173,0.01616666666666666,0.0062516325,0.010475918,0.00674464366666666,0.0949823625,0.100794654,0.09369930033333332,0.0939232275,0.09990842,0.093385597,0.04783869396127473,0.07600024583615013,0.05103665361322879,0.06754822182037372,0.11285266457680251,0.07232573969743139,0.9999790636458012,0.999997224535591,0.99995504810516,0.00118357142857142,0.02339519130796424,71.46348500000002,70.56900500000003,0.01669928571428571,0.01681357142857143,0.00685549122142857,0.09729994474285716,0.09656362456428574,0.050950002812615,0.07113853386468386,0.9999529000710587,0.00168214285714288,0.04992246309003968,-52.99136785714256,-164.52492500000088,0.00377500000000008,0.00263214285714283,0.01111316617857159,0.01273627685714315,0.02143603560714322,-0.04616404912255683,0.10692263040576194,-8.688484836405393e-4,-0.00125000000000002,-0.03712960074859656,61.64410714285693,116.67625000000068,-1.7857142857149576e-4,0.00124999999999999,-0.00826262321428584,0.00897452857142829,-1.9846607142886316e-4,0.03630773398815778,-0.0914633649218327,6.805977262561338e-4,2,2,2,2,2,2,2,2,2,2,2,2,Cyprinidae,150,1.3445461864258443,0.8596339587551799,1.410097813393899,1.3457142857142823,-2.1057142857142805,21.139999999992497,TRUE,b-d
90,10,47.51572272,Cyprinidae_Cyprinus_carpio_I2598-58,Cyprinus_carpio,demersal,freshwater,carpio,Cyprinus,6.656334122,0.03162724673202614,0.03599918300653593,0.03192681100217864,0.00124999999999999,0.0014,0.0012,55.77055,60.6545,53.741816666666665,53.1185,63.0857,52.184266666666666,0.01595,0.0169,0.01541666666666666,0.01625,0.0166,0.01613333333333333,0.00813157,0.009552644,0.00799249866666666,0.1061898675,0.112300035,0.10269349433333332,0.107886869,0.110642931,0.10736199216666668,0.03836760401727607,0.05074100943102911,0.0381435083627597,0.07505974658429904,0.0875,0.07590383685925449,0.9999680382021472,0.9999808215102712,0.9999645689351012,0.00121285714285714,0.03112244689542478,55.09766571428578,53.237622857142895,0.01619785714285714,0.01537642857142858,0.00813106995,0.10236741589285722,0.1078241532357143,0.03974727801430204,0.07659277933117252,0.999962625358318,-0.00395000000000002,0.10205787523342538,-212.23451428571457,-199.57144285714296,-0.00517500000000002,-0.03771071428571448,-0.0299295343214288,-0.25552314089285827,-0.02583832789285784,-0.24907496870748716,-0.15965403758287164,2.9773328982092117e-4,0.00321428571428573,-0.0855559932306247,184.5057142857146,156.27357142857156,0.00446428571428573,0.02982142857142873,0.02457345892857162,0.20178261607142947,0.02303315178571475,0.20689388473096657,0.1308161846514092,-2.4745258543209343e-4,2,2,2,2,2,2,2,2,2,2,2,2,Cyprinidae,127,1.1928781535890562,1.1502869442680828,1.2770645799719351,1.2288888888888894,1.2645508982035925,1.1592000000000005,TRUE,b-d
94,15,82.471789,Siluridae_Phalacronotus_bleekeri_P02_A04_RG07,Phalacronotus_bleekeri,demersal,freshwater,bleekeri,Phalacronotus,10.65863603,0.01484265873015873,0.01553809523809526,0.01422870370370369,3e-4,5e-4,3.1666666666666665e-4,68.41775,81.4093,67.61118333333333,66.2071,85.0826,67.22913333333334,0.011,0.0141,0.0106,0.01015,0.0135,0.00981666666666666,0.0029740775,0.005608364,0.00346631316666666,0.117401883,0.149944806,0.11310945766666668,0.107952859,0.143425604,0.10442777066666668,0.02383458786602827,0.03332187342977284,0.0223826539390219,0.03458646616541353,0.05555555555555554,0.03353485151788055,0.9999985040469116,0.9999999972427024,0.999997267803924,3.21428571428571e-4,0.01322956349206345,56.10598571428573,58.39585714285716,0.00721428571428571,0.00819285714285714,0.00341330099999999,0.08752393057142857,0.07680345592857142,0.02433427646467403,0.0419683425341659,0.9999956228383784,0.00282142857142856,0.0320296201814059,-65.37357142857118,-56.44835714285678,0.00564285714285711,0.00510714285714283,0.03427393571428566,0.0543912121428569,0.05764024678571445,0.13457564032455133,0.1037345129157855,2.5928596701144895e-5,-0.00226190476190475,-0.03069586167800463,-7.660000000000165,-4.176428571428819,-0.0183333333333333,-0.01678571428571427,-0.02777394285714281,-0.17871301666666647,-0.19297214404761912,-0.09921795878159484,-0.0394707777281712,-3.0066818513550374e-5,2,2,2,2,2,2,2,2,2,2,2,2,Siluridae,287,1.0434507594995122,-8.534408802685348,-13.515939798186215,1.247368421052633,0.3042553191489349,0.30779220779220656,FALSE,d-d
94,16,82.471789,Heptapteridae_Pimelodella_cristata_P02_E03_RG87,Pimelodella_cristata,demersal,freshwater,cristata,Pimelodella,6.646615962,0.01999691805656276,0.02142857142857139,0.02022540488276529,5.5e-4,0.0015,6.833333333333333e-4,72.95085,75.4012,71.60578333333333,72.37559999999999,74.2281,72.7831,0.01505,0.0159,0.01496666666666666,0.0148,0.0165,0.01463333333333333,0.0037188805,0.010148542,0.00459364716666666,0.099895382,0.105426845,0.09935322866666668,0.098512517,0.109584455,0.09727825516666666,0.02781956948129132,0.07121339920472337,0.03311029357904727,0.03839483511614659,0.09316770186335405,0.04489939794307355,0.9999973252335236,1,0.9999820562028248,6.999999999999988e-4,0.02026590179218895,71.34492142857142,68.74362142857143,0.01394285714285714,0.01462857142857142,0.00471107835714284,0.09709252342857144,0.0926494227142857,0.03456889701044496,0.04723234464969828,0.9999859060926256,0.01399999999999996,0.05894683000103624,-175.24639285714264,-82.02774999999991,0.01842857142857136,0.0129285714285715,0.0942561053571426,0.08440211071428577,0.12214558642857198,0.659853534316499,0.8593347097797424,-5.49662483379224e-4,-0.01119047619047616,-0.04567707793777435,126.62369047619032,44.39940476190472,-0.01880952380952376,-0.01261904761904767,-0.07532314404761888,-0.0828692904761905,-0.1249848952380956,-0.524091922883492,-0.6796658147632099,4.6341244533426416e-4,2,2,2,2,2,2,2,2,2,2,2,2,Heptapteridae,332,1.290512280171232,1.383993723434361,1.847496614873108,1.2510638297872338,1.024528301886794,0.979746835443037,FALSE,d-d
96,18,125.89650600000002,Characidae_Roeboides_descalvadensis_P3_G04_RG35,Roeboides_affinis,demersal,freshwater,descalvadensis,Roeboides,11.09629186,0.0208381030253475,0.02153229762878173,0.0207602207686018,0.0023,0.0026,0.00231666666666666,76.02340000000001,85.944,75.72865,74.094,76.0311,73.75711666666666,0.01625,0.0178,0.01635,0.01615,0.0169,0.01578333333333333,0.025532654,0.028906098,0.025735998,0.1803677865,0.197167716,0.18144064483333333,0.17892362099999998,0.187180674,0.17500141233333333,0.1115063986033595,0.12675343312139994,0.1114816086054086,0.15294646873594242,0.16249999999999998,0.14463248783445026,0.9994526716127264,0.99982417580935,0.9995294919257204,0.00241428571428571,0.02094720242962271,73.15447142857143,70.36070714285714,0.01504999999999999,0.01585714285714285,0.02662886935714284,0.17584876257142856,0.1668184250714286,0.11536021165543715,0.15566633007290934,0.9994353378652252,0.0087142857142857,0.02171796519098229,-30.162928571428218,-95.82639285714228,0.00425000000000007,-0.00364285714285708,0.09189313892857132,-0.03767624142857061,0.0401476796428569,0.3197791410851507,0.4657522322486979,-0.00324261554081659,-0.00642857142857141,-0.01650897480823883,19.55023809523784,45.46702380952339,-0.00773809523809529,-7.142857142857566e-4,-0.06839899880952373,-0.01074522619047671,-0.0805877940476188,-0.2330579558795339,-0.3076813147935624,0.00206347220961154,2,2,2,2,2,2,2,2,2,2,2,2,Characidae,375,1.3155247641509458,1.5428420065521082,2.1076020559118005,1.3555555555555572,-5.099999999999611,0.5492307692307745,FALSE,d-d
96,19,125.89650499999999,Serrasalmidae_Serrasalmus_rhombeus_P1_A02_RG27,Serrasalmus_rhombeus,demersal,freshwater,rhombeus,Serrasalmus,6.407916901,0.01944605695509308,0.02360405257393209,0.01961354508944871,0.00174999999999999,0.0031,0.00195,90.2179,92.9137,89.56741666666667,90.3616,93.53,88.07885,0.0194,0.0208,0.01926666666666666,0.01935,0.021,0.01916666666666666,0.0112718285,0.019571395,0.01245497283333333,0.124336748,0.133468864,0.12349326333333334,0.1239816265,0.134653176,0.122892602,0.09454151351623856,0.17174150485436873,0.10177766302732438,0.092196907094794,0.16847826086956522,0.1022655864131202,0.9999277105883702,0.9999734673949878,0.999810313183607,0.00221357142857142,0.01760468236582695,93.47267785714284,90.33171785714288,0.01823214285714286,0.01870285714285714,0.01410096024285713,0.11987093558571432,0.11695568630714286,0.12405992760307324,0.11952718140296108,0.9996915841996432,0.01184642857142857,-0.02491583867939367,182.3590964285715,6.654696428572045,0.00341071428571426,0.01597142857142871,0.07390201221428581,0.0959292037857154,0.01801350746428508,0.6592903753728377,0.5528176538155452,-0.00308784472349716,-0.00803571428571429,0.0091779455484281,-116.60196428571442,-1.2419642857147646,-0.00767857142857142,-0.01571428571428584,-0.05012025357142867,-0.09563738928571522,-0.04587048749999964,-0.4067856198062482,-0.34864275973003994,0.00182892597112094,2,2,2,2,2,2,2,2,2,2,2,2,Serrasalmidae,427,2.7147511987212636,1.5639453206957112,5.358202731846022,1.4742222222222212,1.016363636363637,0.4441860465116251,FALSE,d-d
99,21,104.47840299999999,Umbridae_Novumbra_hubbsi_G01402,Novumbra_hubbsi,demersal,freshwater,hubbsi,Novumbra,6.073487177,0.02090490033222589,0.02193798449612403,0.02063796603912881,0.0034,0.0036,0.00313333333333333,79.08279999999999,86.4207,77.22753333333333,66.25495000000001,79.9925,68.23983333333334,0.0146,0.0149,0.01448333333333333,0.0155,0.0163,0.01533333333333333,0.0207062965,0.021831496,0.0191119415,0.088567328,0.090639084,0.08787844033333334,0.0939587755,0.099242713,0.09307288733333333,0.16190689332547037,0.19439677081776024,0.15301069771257692,0.22628365012470977,0.2482758620689655,0.2107022653173347,0.9973688111818322,0.99933582856059,0.9977123815631987,0.00344285714285714,0.02001212229077675,73.20074285714288,72.62997142857142,0.01481428571428571,0.01452142857142857,0.02097203128571428,0.08807036642857143,0.08982754085714284,0.1731294253203094,0.23506986475878355,0.9968299850816328,-0.00192857142857142,0.02809850102831761,-138.35435714285674,63.84321428571468,0.009,-0.00189285714285711,-0.00840212428571427,-0.00725547214285668,0.05483502857142925,-0.32765183107493,-0.18377740606071183,0.00693164354619943,0.00285714285714285,-0.02554019669883402,133.76380952380924,-73.63380952380983,-0.00999999999999999,0.00154761904761902,0.01468726190476189,0.00579388571428538,-0.06147700000000049,0.35187841979828394,0.2560087943558809,-0.00969046424198445,2,2,2,2,2,2,2,2,2,2,2,2,Umbridae,463,1.1001677614174517,1.0343183080340606,0.8670366873395391,0.6749999999999986,1.2230769230769238,0.9000000000000008,FALSE,d-d
99,22,104.478403,Salmonidae_Oncorhynchus_nerka_mykiss_E00437,Oncorhynchus_gorbuscha,demersal,freshwater,nerka,Oncorhynchus,8.501736811,0.01245297215951843,0.01323664409330323,0.01198984198645599,0.0062,0.0073,0.00623333333333333,103.99375,117.3519,105.03735,111.24705,117.9191,112.26521666666667,0.01735,0.0181,0.01688333333333333,0.01675,0.0181,0.01658333333333333,0.052485972,0.061699555,0.05277866066666667,0.1476011625,0.15420784,0.143536949,0.14238566749999998,0.153492975,0.14092124916666665,0.5233446204296499,0.6240429765220824,0.5253650686086462,0.3693312576147285,0.4055555555555555,0.3727652908423727,0.9813793360327108,0.9870131187698648,0.9801328292412532,0.00609285714285713,0.01292902827045038,111.63177499999998,100.23835535714284,0.01701785714285714,0.01734940476190476,0.05155768051190475,0.14759896469047615,0.1445762204047619,0.46808681181829376,0.35269865468828915,0.9844175462245172,0.01157142857142857,0.02135897022465839,26.16471428571458,7.894839285714407,0.03207142857142857,0.03356547619047621,0.09466640261904773,0.28413375619047593,0.2724684908333333,-0.3255879693454086,-0.1281154994307534,0.04911101629184618,-0.01,-0.01235354186821432,-23.189047619047848,-28.806726190476297,-0.02333333333333333,-0.0242261904761905,-0.08219457857142867,-0.2046359880952379,-0.19830024404761903,-0.02790549286817394,-0.00723902268484014,-0.01572635120578755,2,2,2,2,2,2,2,2,2,2,2,2,Salmonidae,466,1.7289754187513662,1.128322073228332,0.27406235729502976,1.1571428571428568,1.3855036855036849,1.3744897959183675,FALSE,d-d
101,23,129.39999899999998,Osmeridae_Hypomesus_pretiosus_G01333,Hypomesus_pretiosus,demersal,marine,pretiosus,Hypomesus,10.0217945,0.01252748930971288,0.01393097128894315,0.01243219303604152,0.00505,0.0056,0.00473333333333333,91.30665,107.3322,93.7254,86.2671,91.1346,86.14618333333334,0.013,0.0136,0.01281666666666666,0.0123,0.013,0.01216666666666666,0.050288094,0.056059113,0.0473553215,0.1302504385,0.136165176,0.12854036416666667,0.1233645655,0.130012727,0.12191497516666666,0.3879650108703382,0.44396291683962785,0.3791165820854696,0.4108126721763085,0.42911877394636017,0.3778019228280883,0.9714829799896804,0.9957621882225464,0.9765444143244836,0.00487380952380952,0.01304859353637603,86.06565178571428,89.61115833333334,0.01220535714285714,0.01299285714285714,0.04877946663095237,0.1304992119702381,0.1223923334523809,0.3721094115319334,0.3867076649053152,0.9756730118108784,0.01148809523809524,0.01781881781423629,-27.373839285713995,-41.66934523809549,0.01287500000000003,0.01460714285714289,0.11728089630952392,0.14376310791666694,0.12970923452380964,0.3862029786818501,0.5500480908220723,-0.1258146623380831,-0.00797619047619048,-0.0112058934752888,23.42648809523788,12.395595238095437,-0.01017857142857145,-0.01011904761904765,-0.08158383928571442,-0.09847331011904786,-0.10203731904761916,-0.29118156966468933,-0.3557319291838906,0.09276372076365416,2,2,2,2,2,2,2,2,2,2,2,2,Osmeridae,475,1.590129145304682,1.168499485472538,3.3616251932809895,1.440298507462686,1.4435294117647046,1.2649122807017548,TRUE,d-p
101,24,129.399999,Stomiidae_Malacosteus_niger_E00783,Malacosteus_niger,pelagic,marine,niger,Malacosteus,9.603080431,0.02017156268927923,0.02077528770442146,0.01985397738744194,0.0029,0.0039,0.00291666666666666,82.09145,89.6855,76.09886666666667,79.7671,87.1677,74.9767,0.01785,0.0192,0.01608333333333333,0.01725,0.0192,0.01571666666666666,0.027980256,0.037652559,0.02810100666666666,0.17116765150000002,0.184340253,0.15426547766666668,0.1659010215,0.184010343,0.15106660833333332,0.14162195599422983,0.19442590775269836,0.14594124771535558,0.19878542510121455,0.2483660130718954,0.19057622565319915,0.9984285633199304,0.9997507061883868,0.9983736491587334,0.00252559523809523,0.01924810540509358,65.79615297619043,66.66553392857138,0.0127315476190476,0.01370238095238094,0.02446738863690475,0.13130148994642848,0.12244642110119046,0.13002463551601165,0.20437523822810816,0.9978326214173456,0.0036845238095238,0.00541585546998951,164.5158511904761,228.69673214285703,0.04602976190476185,0.05952380952380948,0.0381846242261905,0.5738664766071423,0.44135562529761857,0.16262150524467167,-0.47378396091449226,0.01355623969810531,-0.00494047619047618,-0.00799028727178347,-180.25446428571425,-233.3123214285714,-0.05267857142857139,-0.0607142857142857,-0.04898509226190479,-0.5853002660714283,-0.5050302696428568,-0.2074956440058966,0.4611210357932573,-0.01397669860440718,2,2,2,2,2,2,2,2,2,2,2,2,Stomiidae,507,0.6778048505358263,0.9126866945703408,0.9802171215928368,0.7457831325301201,0.9803921568627446,0.873785310734463,TRUE,d-p
105,27,41.500001000000005,Macrouridae_Coryphaenoides_armatus_M20312,Coryphaenoides_filifer,benthic,marine,armatus,Coryphaenoides,7.757249287,0.02496446700507617,0.02992131979695428,0.02570736040609137,0.00185,0.0023,0.00186666666666666,69.98365000000001,84.9295,62.76688333333333,66.461,72.5872,65.43758333333334,0.01685,0.0186,0.01573333333333333,0.01625,0.0183,0.01616666666666666,0.014444096,0.017832215,0.01451493766666666,0.130531638,0.144179005,0.12187925516666669,0.1260001525,0.141996085,0.1254416045,0.07178409245775069,0.09544372590735772,0.07313923819059906,0.12376407040520916,0.15767634854771784,0.1185530923944654,0.9997652988338852,0.9999675558435538,0.9997471343875342,0.00196428571428571,0.02835667150108771,60.9273,49.83740714285711,0.01575714285714285,0.01415714285714285,0.01526260107142856,0.1095807733571428,0.12225502385714283,0.06854810404606977,0.13365144291945563,0.9996326665030436,0.00146428571428571,0.05189213197969628,-195.32542857142803,143.20210714285713,0.01357142857142868,0.07585714285714276,0.0103056367857143,0.5862402974999987,0.10447874285714276,-0.24200337384519888,-0.31216185718024475,0.00249238134197069,-8.33333333333333e-4,-0.02632402707275881,124.34999999999962,-183.0803571428571,-0.01333333333333341,-0.06904761904761897,-0.00558065833333334,-0.5343050511904752,-0.10291438333333323,0.15462200709664276,0.32111504424218323,-0.0025734686903194,2,2,2,2,2,2,2,2,2,2,2,2,Macrouridae,611,1.9712839466495,1.5707714400597397,0.7821817117776153,1.757142857142853,1.0986206896551722,1.0178571428571452,TRUE,b-d
105,28,41.500001,Gadidae_Microgadus_proximus_E00333,Microgadus_proximus,demersal,marine,proximus,Microgadus,8.025396534,0.01687052932761087,0.01770135908440627,0.01692274678111588,0.00185,0.0023,0.00181666666666666,79.80015,88.1967,80.69543333333334,80.80879999999999,94.3238,81.011,0.0149,0.0164,0.0148,0.0147,0.0164,0.01426666666666666,0.0146121715,0.018800033,0.014544094,0.119902659,0.131276067,0.11887900166666666,0.117935926,0.132003112,0.114575557,0.10753092158313984,0.14212969102241088,0.10774479849809464,0.1205292668422394,0.1503267973856209,0.12434983087569064,0.9997889507889626,0.9998429833010284,0.9997438747880067,0.00165714285714285,0.01723753321070918,73.49306428571427,79.05792142857143,0.0130642857142857,0.01436428571428571,0.01319349599999999,0.1153646742142857,0.104926944,0.09638103247625358,0.12000001722533787,0.999788938217468,0.0087142857142857,0.01469369507459591,-15.698321428571148,60.8599642857144,0.00796428571428577,0.02803571428571425,0.06975549285714286,0.22080706892857152,0.0576524942857143,0.44764783317331847,0.43778408507786937,-0.00267293076217177,-0.00761904761904761,-0.00984825260576295,-26.32583333333353,-60.42392857142864,-0.01250000000000004,-0.02511904761904759,-0.06136812142857143,-0.1981785416666667,-0.09527913809523812,-0.40750025575660725,-0.3598350592709938,0.00229459966605273,2,2,2,2,2,2,2,2,2,2,2,2,Gadidae,634,1.4920103761349022,-0.5963086231611926,1.0072162754821594,1.1437499999999994,1.1161137440758293,0.6371428571428595,TRUE,b-d
118,33,9.331634000000001,Exocoetidae_Cheilopogon_melanurus_N14975,Cheilopogon_melanurus,pelagic,marine,melanurus,Cheilopogon,10.35988652,0.01804423076923084,0.01916923076923073,0.01789275641025642,1e-4,3e-4,1.1666666666666668e-4,68.6132,75.4044,69.57003333333333,69.953,85.6817,73.00101666666667,0.01265,0.0138,0.01283333333333333,0.0127,0.0142,0.01285,0.0012373505,0.003331102,0.00126987816666666,0.1310517335,0.143042204,0.13281786483333333,0.1318674195,0.147382963,0.13328483283333334,0.00522141203610347,0.01696758755710244,0.00637923910216862,0.00803679496489953,0.02439024390243902,0.00936864422138351,0.999999995813587,1,0.9999999293726596,8.571428571428562e-5,0.01703063186813187,78.67677857142857,72.51165,0.01324285714285714,0.01325714285714285,9.56290499999997e-4,0.1371926022142857,0.1374030552142857,0.00482380600071489,0.00684594752054843,0.99999992062193,0.00121428571428571,-0.00181304945054873,12.45860714285745,-20.21867857142843,-0.00528571428571427,0.0011428571428572,0.01743217035714281,0.01157683464285827,-0.05221018535714204,0.07285106601582587,0.09125783778196728,-1.3722694499322894e-6,-0.00119047619047618,-0.00296016483516548,19.997976190475978,31.62630952380942,0.00642857142857142,0.00142857142857137,-0.01600266785714282,0.01475004404761821,0.06505010119047558,-0.06953925018579375,-0.09090349538445404,1.110985283493301e-6,2,2,2,2,2,2,2,2,2,2,2,2,Exocoetidae,717,-0.6124825986075118,-0.6229933981415006,0.6392993326080959,1.0200000000000056,-0.8000000000000728,0.822222222222221,FALSE,p-p
118,34,9.331635,Exocoetidae_Hirundichthys_marginatus_E00401,Hirundichthys_rondeletii,pelagic,marine,marginatus,Hirundichthys,6.854431933,0.01989856801909309,0.02424264120922828,0.02046486343145053,1.5e-4,3e-4,1.3333333333333334e-4,72.4651,82.1795,72.43953333333333,68.97125,84.2623,70.96418333333334,0.01445,0.0169,0.01505,0.01415,0.0162,0.01455,0.001063566,0.001854023,8.543811666666667e-4,0.0992174935,0.115658314,0.10328907316666666,0.0969817595,0.110750607,0.09973552916666668,0.00703018543102393,0.01657254608978443,0.00678615842754627,0.01054006968641115,0.02112676056338027,0.00948546371485729,0.999999979832348,1,0.9999999522792692,1.571428571428569e-4,0.01889345380156835,76.20121428571429,76.55912142857146,0.01479285714285714,0.01504285714285714,9.971871428571405e-4,0.1031903995714286,0.10133248164285716,0.00825798012807545,0.01109360611300515,0.9999999312821336,0.00249999999999999,-0.00623224230026119,-42.80071428571363,-125.09067857142806,-0.01232142857142845,-0.04342857142857122,0.0167511478571428,-0.2912880371428557,-0.08475533678571377,0.12283819189091344,0.17838878938727606,-5.160976510467833e-7,-0.00190476190476189,-0.00237432283971677,63.59666666666618,118.93821428571393,0.01178571428571419,0.03499999999999984,-0.01285570476190472,0.23454428809523703,0.08062662976190438,-0.09219318947382636,-0.136310621809699,3.14188114427699e-7,2,2,2,2,2,2,2,2,2,2,2,2,Exocoetidae,718,-2.624850418827048,0.6730024784168032,1.0517282382509514,1.3125000000000049,1.240816326530612,1.0454545454545436,FALSE,p-p
120,35,47.155319,Poeciliidae_Poecilia_latipinna_reticulata_E01065,Poecilia_reticulata,demersal,freshwater,latipinna,Poecilia,5.942279503,0.02624690539345714,0.03009725906277627,0.026091806660772172,0.00205,0.0024,0.00186666666666666,68.40215,109.7406,75.8085,58.2696,78.7895,58.946133333333336,0.01645,0.0318,0.0187,0.01575,0.0169,0.01575,0.012136751,0.013975653,0.01103341016666666,0.0977244905,0.188828935,0.111122203,0.093652637,0.100509113,0.09365263666666666,0.08212577725207768,0.09806100733033804,0.0732075421386085,0.12757217631121515,0.14457831325301207,0.10949236004786685,0.9997314209459656,0.9999947157818684,0.9997753781460496,0.00236642857142856,0.02445635025893645,70.47769857142859,67.60475357142857,0.01639142857142857,0.01767999999999998,0.01390660035714283,0.1049900286499999,0.09738673310714288,0.09684566118359922,0.1411969719349383,0.9996425459523406,0.01835357142857144,0.02473902677781931,-6.1370928571420515,-42.953767857146616,0.0096571428571429,0.04969999999999852,0.0997285203571429,0.2927231347499914,0.05599268160714314,0.5825239219842322,1.0292767077084353,-0.00393275226630391,-0.01196428571428573,-0.02838748894783337,66.1174999999994,-9.348749999997162,-0.00428571428571433,-0.0449999999999989,-0.06417391785714292,-0.2657025374999936,-0.02476888035714313,-0.33844496948306546,-0.6514348368275771,0.00242697688267047,2,2,2,2,2,2,2,2,2,2,2,2,Poeciliidae,732,0.8714764036819634,0.09282100589317666,-4.59460011842863,1.5340298507462675,1.1044444444444386,2.25333333333332,FALSE,d-d
120,36,47.155318,Fundulidae_Fundulus_heteroclitus_G01293,Fundulus_heteroclitus,demersal,marine,heteroclitus,Fundulus,5.33035636,0.02021086490350248,0.02330914939242318,0.02064468668096259,9e-4,0.0018,9e-4,70.4417,72.8315,70.80196666666667,71.46955,74.3999,69.49921666666667,0.01449999999999999,0.0151,0.01458333333333333,0.0145,0.0152,0.01455,0.00482441699999999,0.009552037,0.004801221,0.07729654250000001,0.080603292000000007,0.077691037,0.0773082665,0.081065974,0.07757350516666667,0.0429412266121611,0.07722289516858577,0.04236437180240399,0.06228448275862069,0.12080536912751676,0.06133497351578194,0.9999849495097516,1,0.9999489318565696,5.928571428571437e-4,0.02033350352292452,70.40423571428572,69.12997857142858,0.01407142857142857,0.01459285714285714,0.00316123164285713,0.07770054750000001,0.07506185292857145,0.02810514870526889,0.04057403717864152,0.9999790196120408,0.01582142857142855,0.04815991013989559,-180.06282142857094,-149.46603571428534,-0.02278571428571421,-0.00325000000000001,0.0846536639285713,-0.01671309464285681,-0.12213226964285724,0.7181558080176369,1.0802802557563072,-9.490301005117284e-4,-0.01392857142857141,-0.03968310698117683,146.8646428571425,107.17630952380928,0.01523809523809519,0.00226190476190477,-0.07452013928571419,0.01121048214285692,0.0820268083333334,-0.632659714941805,-0.9502285350613277,8.858263604675723e-4,2,2,2,2,2,2,2,2,2,2,2,2,Fundulidae,742,1.213612385812926,1.2260460920040557,1.3945809141812386,1.135897435897436,1.436842105263157,1.4953124999999998,FALSE,d-d
123,39,86.925923,Embiotocidae_Cymatogaster_aggregata_E00139,Cymatogaster_aggregata,pelagic,freshwater,aggregata,Cymatogaster,7.147340197,0.02020525928762378,0.02181129635946723,0.02054971888902674,0.002396817,0.004512409,0.00283040883333333,74.63451054500001,80.61431272,75.08832835833334,73.01001964,74.4412849,71.69530626666666,0.01532637749999999,0.016079117,0.01547431583333333,0.015280816,0.015919652,0.015259098,0.0171308685,0.032251719,0.02022989483333333,0.109542832,0.114922917,0.110600199,0.1092171905,0.113783167,0.10906196383333332,0.11416782969946002,0.223242459544626,0.13825437003722407,0.157192776193757,0.29263776942551667,0.18434526461234296,0.9993881193636264,0.9997545947006468,0.9979980028663504,0.00293067557142857,0.02024208728572153,71.70315174000002,74.76950483785714,0.01425563207142857,0.01577124942857143,0.02094653592857142,0.11272248421428573,0.10188985242857156,0.14498151952885413,0.19305190233742947,0.9978789823618752,0.01473541428571425,0.00553317867704845,-207.20265641428537,-41.479083282142504,-0.10171192821428555,0.02323646500000004,0.10531898892857113,0.16607890392857166,-0.7269697749999992,0.7031117039208052,1.1820854079664411,-0.04225512892471029,-0.01129482380952378,-0.0053659989488414,158.2572343333331,27.35226067857118,0.07294986309523799,-0.01663571904761908,-0.08072792023809501,-0.11890113214285732,0.5213975119047614,-0.532448166355767,-0.8935332629744965,0.0335667613317848,2,2,2,2,2,2,2,2,2,2,2,2,Embiotocidae,810,1.031155378486078,1.3092776282053546,1.5164773314199518,1.304616568988829,1.3967815237493846,1.3942716805581654,FALSE,p-p
123,40,86.925923,Mugilidae_Mugil_cephalus_E00049,Mugil_cephalus,pelagic,marine,cephalus,Mugil,5.88651497,0.03278745883644347,0.03516739846322725,0.03224798755945848,6.000000000000001e-4,8e-4,6.166666666666666e-4,58.1031,62.3396,58.13191666666667,54.2209,61.2156,54.893883333333335,0.018,0.0182,0.0174,0.01745,0.018,0.01725,0.00344954399999999,0.004892389,0.00358468033333333,0.1058095385,0.106906248,0.10235039066666668,0.1028881485,0.105680166,0.1014900905,0.01903807957838751,0.02461954226838948,0.01920884776156969,0.03507493122987877,0.0443213296398892,0.03552458848668222,0.999998372686962,0.9999993979643548,0.9999980913317534,6.428571428571426e-4,0.03116683001411324,58.169664285714305,61.09005,0.0175142857142857,0.01816428571428571,0.00384271599999999,0.10682413278571427,0.10301742357142858,0.02064818984155699,0.0360570471726938,0.9999979926956392,0.00314285714285713,0.0471705935392818,5.545607142857096,31.38696428571457,0.03592857142857144,0.02260714285714288,0.0175128121428571,0.13460653178571422,0.2119638735714286,0.07439688120809367,0.13295322594438438,-2.5224631091997126e-5,-0.00238095238095237,-0.0432364356280382,12.463690476190513,-9.355119047619253,-0.02714285714285715,-0.01416666666666669,-0.01271973571428568,-0.08475541309523806,-0.16026206190476194,-0.05217846680078187,-0.103682423392611,1.980424123457622e-5,2,2,2,2,2,2,2,2,2,2,2,2,Mugilidae,817,1.0909917261702384,-0.44494101915086176,3.355057709682713,1.3200000000000007,1.59579831932773,1.323684210526316,FALSE,p-p
127,44,59.233118999999995,Pleuronectidae_Parophrys_vetulus_E00445,Parophrys_vetulus,benthic,marine,vetulus,Parophrys,11.47472529,0.01634945164506478,0.01844815553339977,0.01662396144898635,0.00285,0.0035,0.00278333333333333,84.45760000000001,98.6408,84.72381666666666,88.91025,94.593,88.69083333333333,0.01585,0.0172,0.01595,0.01555,0.0177,0.01593333333333333,0.0321750175,0.039939595,0.03173735383333333,0.181418122,0.19775431500000001,0.1830660941666667,0.1783829995,0.203198556,0.18278706083333335,0.1807318106225227,0.20975114271203685,0.16934842643528245,0.17562894013952293,0.22151898734177217,0.17468839965842403,0.9990455747172282,0.9998455754619744,0.9988403521982364,0.00244285714285714,0.01712220481412902,86.34872857142855,79.43562857142857,0.01542857142857142,0.01549285714285714,0.02800423499999997,0.17787739292857138,0.17700414028571426,0.1455366757618361,0.15788419953975497,0.9991641342383688,0.00699999999999999,-0.02174797037459036,93.39778571428572,65.57578571428625,0.01099999999999994,-0.00882142857142845,0.07285398499999991,-0.0900345903571417,0.12832702428571408,0.6036178580141525,0.4560722294308425,-0.00735759224849352,-0.00738095238095237,0.02022978682998609,-88.25309523809524,-81.79904761904803,-0.01166666666666662,0.00440476190476182,-0.0777480904761904,0.04179854880952295,-0.1353115023809522,-0.609177697446139,-0.45021978337979907,0.00734749090948861,2,2,2,2,2,2,2,2,2,2,2,2,Pleuronectidae,974,1.0750469373386529,1.058294731332774,0.8016693057318193,0.9483870967741936,2.0027027027027136,0.9428571428571416,TRUE,b-p
127,43,59.233119,Centropomidae_Centropomus_undecimalis_E00194,Centropomus_undecimalis,pelagic,marine,undecimalis,Centropomus,7.859009063,0.02966472351765491,0.03222418387741505,0.02955773928492115,4e-4,4e-4,3.166666666666667e-4,63.52855,79.8975,63.509,57.86455,67.0049,58.56308333333334,0.01825,0.0206,0.01755,0.0173,0.0194,0.01738333333333333,0.00313638099999999,0.00350211,0.00262353516666666,0.1433467995,0.161727836,0.13793548466666666,0.1361293555,0.152832604,0.1367506115,0.01301531888680279,0.01493532338308458,0.01081295921266783,0.02133348503811582,0.0249221183800623,0.01847415040163038,0.9999997928591472,1,0.999999791239665,2.992857142857146e-4,0.03005045921766441,55.24362214285717,55.59956000000001,0.01609928571428571,0.01568285714285714,0.00263448635714286,0.12328487563571423,0.12668323505714282,0.00997871852004531,0.01940028443928398,0.9999997471005868,-0.00258214285714286,0.01834516274864353,-18.353882142857024,-4.155742857142636,-0.00743928571428571,0.02252857142857151,-0.01494305535714299,0.17779027667857175,-0.0637572677142872,-0.09698528695841738,-0.1441499201528591,-1.607995842157344e-7,0.00196428571428572,-0.01199497953745109,-3.007321428571548,-38.68714285714308,-8.92857142857139e-4,-0.02785714285714293,0.01195969642857154,-0.2193937196428576,-0.00267497142857037,0.07281532221844284,0.11972719678185367,-1.0629632295290773e-7,2,2,2,2,2,2,2,2,2,2,2,2,Centropomidae,924,1.529403421770392,-6.103066326227377,-0.107419223810045,1.3145454545454522,0.8087179487179494,-8.332000000000031,TRUE,b-p
128,46,29.106174,Carangidae_Alectis_ciliaris_E00469,Alectis_ciliaris,demersal,marine,ciliaris,Alectis,8.754754029,0.03462828535669592,0.03567209011264081,0.03260523571130581,0.0017,0.0045,0.00218333333333333,76.5827,89.624,78.15756666666667,76.10925,86.3325,76.7483,0.0258,0.0292,0.02595,0.0271,0.0283,0.02608333333333333,0.015113313,0.039118657,0.0191531875,0.2261229885,0.255888773,0.22733409783333333,0.237221361,0.247538183,0.22838240633333337,0.04927499826909835,0.20182996996828445,0.07488105524474764,0.05964912280701755,0.2054794520547945,0.08811577444270019,0.999969898752378,0.999999660140488,0.9995993534240568,7.807142857142891e-4,0.03587215716073662,74.70164571428577,73.89042142857147,0.02732285714285713,0.0275085714285714,0.00696836502142862,0.24096899139999975,0.23922130067142844,0.01489268441726543,0.02455836063401451,1.0001523376217722,-0.0257178571428573,0.1882267343107464,-100.36917142857064,-107.93282142857122,0.11498571428571432,0.11262857142857166,-0.2192271646785728,0.9777035602857168,0.9998470007857132,-1.690908298794059,-1.5249202485223945,0.02187785113986836,0.01303571428571441,-0.13256861255140423,69.07285714285658,63.30678571428556,-0.08500000000000008,-0.08142857142857166,0.10990753392857253,-0.706304285714288,-0.7387866678571426,1.028218799955538,0.8770652573610968,-0.01448863791114227,2,2,2,2,2,2,2,2,2,2,2,2,Carangidae,1032,1.4198438882941498,1.4530913528158678,1.70491709870867,1.9728767123287605,1.383157894736841,1.3527731092436963,TRUE,d-p
128,45,29.106173000000002,Carangidae_Trachurus_lathami_E00598,Trachurus_trachurus,pelagic,marine,lathami,Trachurus,6.95458655,0.03887607142857141,0.04259000000000002,0.03898297619047618,7.5e-4,9e-4,7.5e-4,54.45375,65.0717,54.79095,51.65465,57.1755,51.5522,0.0187,0.0205,0.01878333333333333,0.0206,0.0211,0.02015,0.005066913,0.00645783,0.00519938133333333,0.129951417,0.142370322,0.13056408316666668,0.143314159,0.146443722,0.14000245083333335,0.01944943531738117,0.0229864088296999,0.01937395655520277,0.03814968814968815,0.04591836734693878,0.03846334653108578,0.9999978809653668,0.9999987090037156,0.9999976618765904,7.257142857142853e-4,0.04070572448979591,48.77620928571429,49.08518571428573,0.01951071428571428,0.01776214285714286,0.00495975557857142,0.12353971407857148,0.13558179414285715,0.01789183320869728,0.03876726775147694,0.9999975268817044,0.00252857142857144,0.01050168367346832,31.714496428571454,-58.65285714285777,0.01658928571428576,-0.01106785714285727,0.01421786510714298,-0.07467310525000109,0.11709963214285717,0.05074312671412451,0.12785472323541114,-3.301927807754748e-5,-0.00214285714285715,7.831632653069865e-4,-39.9991071428572,16.418571428571862,-0.0166071428571429,0.00339285714285724,-0.01259631250000011,0.02217661964285794,-0.11673770714285728,-0.04828456116968578,-0.10021745450400273,2.5581753055979087e-5,2,2,2,2,2,2,2,2,2,2,2,2,Carangidae,1019,-13.409315960895896,0.7928801089310025,3.572348385974015,1.1800000000000015,3.2621052631578387,0.998924731182796,TRUE,d-p
129,48,31.9,Echeneidae_Remora_osteochir_australis_E00503,Remora_remora,benthic,marine,osteochir,Remora,6.836097066,0.02856750645994833,0.03044896640826873,0.02893168604651163,0.00165,0.0019,0.00145,52.0248,57.6151,51.7453,53.18815,54.6796,50.36383333333333,0.0148,0.0152,0.01443333333333333,0.01424999999999999,0.0149,0.01403333333333333,0.0112002945,0.012648291,0.00993649466666666,0.101114507,0.103862122,0.09868801283333334,0.097361183,0.10165309,0.09597149633333334,0.05825675389248541,0.06765889903613911,0.05059183052834375,0.11535626535626536,0.12709030100334448,0.10100472566520564,0.9998197862125632,0.9999931843090212,0.999851001578666,0.00127857142857142,0.02981312292358805,47.52414285714285,50.587628571428525,0.01367857142857142,0.0149142857142857,0.00889381764285713,0.1019463096428571,0.0936134509285714,0.04350759112590505,0.08861870225820663,0.9998889948086296,0.01289285714285713,0.01078696013289039,86.29328571428569,177.85442857142837,0.02317857142857145,0.04764285714285717,0.08563596964285705,0.3266019453571426,0.15888747035714287,0.4428022581278228,0.6992883100018525,-0.00289527388897067,-0.01107142857142856,-0.00345145810262088,-82.61166666666665,-147.83999999999986,-0.01964285714285716,-0.03523809523809526,-0.07305343690476185,-0.24164249642857125,-0.13424284166666667,-0.3868634655073181,-0.6167438354850902,0.00249783836515455,2,2,2,2,2,2,2,2,2,2,2,2,Echeneidae,1047,3.1253342245989497,1.0445653646291166,1.203019673778602,1.164516129032258,1.3520270270270267,1.1800000000000002,TRUE,b-p
129,47,31.9,Coryphaenidae_Coryphaena_hippurus_E00937,Coryphaena_hippurus,pelagic,marine,hippurus,Coryphaena,12.13358373,0.02380383580080752,0.02646366083445494,0.02343231269627635,0.002,0.0023,0.00178333333333333,70.26425,86.9286,71.91721666666666,66.78975,72.4049,60.760666666666665,0.0168,0.0286,0.01828333333333333,0.01605,0.0211,0.01673333333333333,0.0242508365,0.028170164,0.0217876485,0.2036825345,0.34669715,0.221605291,0.194578264,0.256307667,0.20300209566666663,0.08239691904667601,0.10396565431706146,0.07600909282071892,0.12250874310032445,0.14193548387096774,0.10892907478316696,0.9997588029522392,0.999999660140488,0.9997726500774068,0.00158571428571428,0.02459889925014418,50.96407857142856,72.88865714285717,0.01786428571428571,0.02113571428571429,0.01931085149999999,0.25610353542857145,0.21675862285714295,0.06255781121567686,0.0916546510821646,0.999810691830287,0.00964285714285711,0.04117176985195116,195.3636071428565,-135.01471428571378,-0.02803571428571416,-0.05646428571428542,0.11457616107142822,-0.6846283035714246,-0.3446616699999988,0.28232961553216546,0.5982783662177105,-0.00156551603888538,-0.00880952380952379,-0.02770340639620557,-210.6951190476185,115.95642857142818,0.0286904761904761,0.06107142857142835,-0.1052735916666664,0.7400257380952351,0.3519812452380943,-0.29544019676049854,-0.5722760173165486,0.00142091148195575,2,2,2,2,2,2,2,2,2,2,2,2,Coryphaenidae,1046,1.486162721765158,0.9272336636270296,1.1643573016958335,1.0945945945945932,0.9245614035087704,0.9771784232365132,TRUE,b-p
133,49,69.7,Percichthyidae_Gadopsis_marmoratus_E01144,Gadopsis_marmoratus,demersal,freshwater,marmoratus,Gadopsis,8.079605375,0.01722368421052634,0.01867894736842105,0.01735553728070176,0.00124999999999999,0.0014,0.00105,72.0073,83.5253,74.97318333333334,74.25200000000001,79.4067,74.09178333333334,0.0133,0.0164,0.01371666666666666,0.01295,0.0145,0.01291666666666666,0.010094157,0.011255869,0.008496455,0.107520535,0.132644071,0.11091377766666666,0.1044890395,0.117104861,0.10425217233333334,0.07054645493265795,0.08040808615152094,0.06021254323847372,0.08547266686801569,0.1111111111111111,0.078132014620148793,0.9999441262909174,0.9999990002811908,0.9999358555269584,8.071428571428574e-4,0.01698456296992482,71.14845714285715,69.9342142857143,0.0118,0.0123,0.00666306285714286,0.09944993207142858,0.09518587121428572,0.04712360784944791,0.06813922434655856,0.9999553367786148,-0.00639285714285713,0.02268691259398534,-56.30099999999953,-149.76321428571384,-0.00685714285714277,-0.00899999999999986,-0.05184951714285704,-0.07607861964285637,-0.05756071392857085,-0.4885087168046233,-0.33079428967859353,0.00154676641452304,0.00369047619047618,-0.01972940162907295,28.511190476190144,91.5052380952378,-4.761904761905357e-4,-2.38095238095335e-4,0.03075649761904755,6.908392857137277e-4,-0.00243523452380992,0.3109585090139833,0.2031330526801941,-0.00107581340492171,2,2,2,2,2,2,2,2,2,2,2,2,Percichthyidae,1075,1.14990373355035,1.9746983222961811,1.6366627463429109,1.7322580645161303,-37.79999999998403,-14.399999999998018,FALSE,d-d
133,50,69.69999899999999,Centrarchidae_Lepomis_macrochirus_E01113,Lepomis_macrochirus,demersal,freshwater,macrochirus,Lepomis,6.108500641,0.02627520396270399,0.02834090909090911,0.02631390831390833,0.00155,0.0023,0.00156666666666666,65.8125,82.8093,68.22728333333333,58.9799,73.477,59.52693333333333,0.01675,0.0178,0.01664999999999999,0.01555,0.0186,0.01586666666666666,0.0094460095,0.014226289,0.009574902,0.102509324,0.108611543,0.10176560183333332,0.0947981485,0.113648014,0.09691502083333334,0.05809947558512549,0.08378372641008773,0.05911063790728838,0.09485864745011088,0.15181518151815182,0.09815488569187558,0.9998950409383548,0.9999892013011944,0.9998319509548926,0.00156071428571428,0.02654283633033632,60.39744428571436,62.374586428571504,0.01525785714285717,0.01620357142857144,0.00954774664285711,0.09909093311428575,0.09321095119285722,0.05835887362561359,0.10039609492468572,0.9998028277011152,0.01498214285714287,0.06434446803196758,-385.29990714285736,-285.1644892857166,-0.09127500000000031,-0.04266071428571447,0.0993322932142858,-0.2583378047142878,-0.5563407063928585,0.4229626944773416,1.3108595595003372,-0.00697042972203026,-0.01196428571428573,-0.05003225940725914,311.4982142857146,196.0458928571447,0.06946428571428596,0.03160714285714301,-0.07925840357142867,0.1915539928571444,0.4234355910714297,-0.3408646112563326,-1.032147210755258,0.00539703294438971,2,2,2,2,2,2,2,2,2,2,2,2,Centrarchidae,1088,1.2860596102248365,1.2369249307780938,1.4545802777593058,1.2522388059701486,1.3497175141242932,1.3139845758354751,FALSE,d-d
135,52,79.926452,Serranidae_Cephalopholis_argus_E00868,Cephalopholis_argus,benthic,marine,argus,Cephalopholis,6.474975891,0.03258510638297873,0.03615121580547116,0.03269294579533941,0.0023,0.0029,0.00211666666666666,61.34735,78.0723,63.81511666666667,57.6053,64.0797,58.59616666666667,0.02105,0.0229,0.02038333333333333,0.0184,0.021,0.01861666666666666,0.015101104,0.018520235,0.01370814366666666,0.13639293800000002,0.148383218,0.132046908,0.1192832915,0.13593028,0.12061378316666668,0.07360490109544082,0.08778479338462782,0.06554854755208422,0.12218644977265666,0.14356435643564355,0.11044220346536587,0.9997754906118476,0.999997173610966,0.9997764295001554,0.00253571428571428,0.0322403929656969,56.79940714285715,60.36963571428572,0.01724999999999999,0.01936428571428571,0.01644294407142856,0.1254891541428571,0.11182403750000004,0.07996918028666164,0.13678128165190617,0.9996900087951992,0.0201071428571428,0.06905992184107611,-267.6926071428567,-12.822607142856825,-0.06167857142857127,0.04382142857142856,0.13124323821428546,0.282459709285714,-0.399144305357142,0.5883232410887748,0.9289068726932972,-0.00234692245573646,-0.01392857142857139,-0.05488583731364831,193.18202380952349,-5.435357142857384,0.04035714285714274,-0.03916666666666666,-0.09079701785714268,-0.2523695214285713,0.26151752023809466,-0.39829517819704474,-0.6064874429238399,0.00146262308303214,2,2,2,2,2,2,2,2,2,2,2,2,Serranidae,1189,1.258246666556787,1.3857014325867103,-2.3591103226228736,1.4435897435897436,1.1188449848024316,1.5283185840707971,TRUE,b-d
135,51,79.92645399999999,Serranidae_Diplectrum_formosum_E01002,Diplectrum_formosum,demersal,marine,formosum,Diplectrum,4.959817887,0.02910883171070935,0.03683936022253131,0.02986764024107556,0.00109999999999999,0.0016,0.00108333333333333,64.63785,81.5709,62.628483333333335,60.102450000000005,68.6061,60.32455,0.01979999999999999,0.021,0.01911666666666666,0.01995,0.0223,0.02001666666666667,0.005286494,0.008010707,0.00529047566666666,0.098132013,0.103946503,0.09472906933333332,0.0990065745,0.110456622,0.099280232,0.03773949120930774,0.06014534427772274,0.03803100078776361,0.0532408607726212,0.08226221079691516,0.05471185027535843,0.9999913774003104,0.9999991360181382,0.9999860526336886,0.00102428571428571,0.03155738128352867,56.45731,53.286260000000006,0.01885714285714285,0.01798071428571428,0.00501956916428569,0.08910968595714283,0.09353361272142856,0.03513952582878744,0.05410194907862545,0.99998373962198,0.01350714285714288,-0.0946265646731596,54.952864285714554,-31.078242857142595,-0.00414285714285719,0.04242499999999988,0.07008552746428591,0.20947683292857144,-0.02173861203571496,0.5577787566885978,0.663403761077608,-5.353749880040363e-4,-0.01107142857142859,0.0843383667792587,-64.30178571428598,-24.852142857143093,-0.00285714285714282,-0.03982142857142852,-0.05725877321428589,-0.1966773892857144,-0.013199083928570981,-0.4596015316580485,-0.5316130903984467,4.141233796017622e-4,2,2,2,2,2,2,2,2,2,2,2,2,Serranidae,1170,1.1219871606101706,0.8546086811630431,-1.2505256804529423,1.2200000000000002,1.065381165919281,-1.4500000000000357,TRUE,b-d
140,57,2.281334,Pholidae_Pholis_crassispina_G01437,Apodichthys_flavidus,benthic,marine,crassispina,Pholis,19.39483536,0.01131435947873124,0.01191517088763217,0.01104753708712401,0.00105,0.0012,0.00103333333333333,91.48065,97.7826,90.76853333333334,65.4859,71.6535,65.94158333333333,0.0083,0.009,0.00811666666666666,0.0097,0.0103,0.00925,0.0197141615,0.023076818,0.01983552783333333,0.16043782499999998,0.175116979,0.1570765625,0.1878312485,0.200044361,0.17902825966666666,0.09618177924027856,0.10860604000776848,0.09400145117908634,0.12574481865284975,0.145985401459854,0.12098858774297422,0.9997368595488574,0.9999464063291738,0.9997463010990484,0.00104583333333333,0.0105253177432763,63.6325119047619,88.33782738095236,0.00842857142857142,0.00741488095238095,0.02008042349999999,0.14334804282738095,0.1630344809880952,0.09973132537667016,0.13381120126265805,0.999646525787362,6.547619047619067e-5,0.00837912144203633,41.72376190476186,10.015988095238365,0.01371428571428574,0.00411309523809524,0.00629299964285721,0.0857229297023814,0.2684151234523812,-0.06464210591770206,-0.1287593671590817,8.387591641360403e-4,5.952380952380917e-5,-0.00928531911904176,-43.82071428571425,-22.980595238095457,-0.01500000000000003,-0.0068452380952381,-0.00342106547619053,-0.13818454464285754,-0.29320374166666696,0.08458951082032001,0.17329769509324944,-0.00120762757728075,2,2,2,2,2,2,2,2,2,2,2,2,Pholidae,1248,0.9024053276589,0.9521470059278332,0.435845459678722,-1.1000000000000096,0.6008695652173912,0.914285714285714,TRUE,b-d
140,56,2.281334,Pholidae_Pholis_ornata_N01732,Pholis_laeta,demersal,marine,ornata,Pholis,17.91865938,0.01317552816901408,0.01449706572769951,0.01329999999999999,0.001,0.0016,9.833333333333332e-4,90.15305,98.4982,90.4361,54.26075,60.6636,54.74071666666667,0.00854999999999999,0.009,0.00825,0.0098,0.0105,0.00955,0.017860255,0.028261639,0.01776348516666667,0.153006642,0.161778302,0.14784547733333334,0.1755745765,0.187457823,0.17100996883333333,0.07382365530273738,0.1103671618831722,0.07251258767909723,0.10646453089244852,0.16580310880829016,0.10731156762373624,0.9998079153602364,0.9999976957896758,0.9997135108514148,6.982142857142844e-4,0.01298871702436841,53.60636904761905,88.79734464285713,0.00915833333333333,0.00773869047619047,0.01264506044047615,0.13886982247619042,0.16398308518452376,0.05232663161507675,0.07910285142066376,0.9998579224285684,0.00891071428571428,0.01130345964676938,8.049940476190544,30.43573214285752,0.01033333333333337,0.0077797619047619,0.1603024533333333,0.1407640515476199,0.18035550255952432,0.6123297227644386,0.8973109950179521,-0.00455508141161912,-0.00839285714285714,-0.01062989045383402,-10.84654761904768,-32.50017857142886,-0.01000000000000003,-0.00875,-0.15056359523809523,-0.1568634488095245,-0.17545858273809573,-0.5784345832736589,-0.8424115123785801,0.00426089386250535,2,2,2,2,2,2,2,2,2,2,2,2,Pholidae,1247,1.063365581786632,0.7421661489831106,0.9364789204454952,1.0617021276595744,0.8891156462585027,1.033333333333334,TRUE,b-d
143,60,16.194993,Psychrolutidae_Malacocottus_zonurus_E00253,Malacocottus_zonurus,benthic,marine,zonurus,Malacocottus,3.904458285,0.02220873786407767,0.02480436893203882,0.02241998381877024,0.00319999999999999,0.0035,0.00315,73.6054,92.1056,76.11788333333334,76.1802,82.2953,75.72433333333333,0.0175,0.0208,0.01796666666666666,0.01755,0.0196,0.01728333333333333,0.012518634,0.013752321,0.01233494216666666,0.0684050635,0.08105618,0.07015501016666667,0.068476381,0.076492137,0.06748352616666667,0.1412073855554899,0.1662822878228784,0.14149491305435918,0.17274477447744774,0.2127659574468085,0.17970176493296652,0.9991094803250148,0.9995548757366416,0.9988533007390388,0.00316785714285714,0.02238153606102638,73.26411071428572,71.62037071428578,0.01596928571428571,0.01690642857142857,0.01241358855714287,0.06601933545000004,0.06237368412857143,0.14174709184274828,0.19314156703244115,0.9985093940639552,-0.00862499999999998,0.01176048890429905,22.468946428571535,-204.13951071428536,-0.00360357142857149,-0.04047499999999997,-0.03448995592857135,-0.15447339110714323,-0.0163322859285719,-0.4718495959043046,-0.29398012023755965,0.00703053716425049,0.0069642857142857,-0.00957090846047106,-30.958750000000137,138.7083928571426,-0.00410714285714281,0.02660714285714284,0.0278874678571428,0.10107256964285746,-0.01412388928571397,0.3771484150833696,0.30550523965544363,-0.00742559601621839,2,2,2,2,2,2,2,2,2,2,2,2,Psychrolutidae,1289,1.2287745675210673,0.7257704664617091,1.4717170786091585,1.238461538461538,1.521208053691275,-0.8773913043478511,FALSE,b-b
143,61,16.194992,Psychrolutidae_Myoxocephalus_polyacanthocephalus_E00267,Myoxocephalus_polyacanthocephalus,benthic,marine,polyacanthocephalus,Myoxocephalus,2.718203594,0.01914723851417397,0.02306060606060601,0.01922360703812314,0.0026,0.0034,0.00246666666666666,79.8681,111.8336,84.64628333333334,78.887200000000007,90.5408,78.26158333333333,0.0172,0.0209,0.01766666666666666,0.01645,0.0179,0.01618333333333333,0.0071023575,0.009270662,0.00670255883333333,0.046723877,0.056775106,0.04804190233333333,0.044718726,0.04877354,0.0440396935,0.1334062012049977,0.1714856220187108,0.12858004678512855,0.15424594785059903,0.20481927710843373,0.14563812854242045,0.9994328850770016,0.9999611536130018,0.9993503123112178,0.00240714285714284,0.01976202695154302,76.65623714285722,76.65753785714293,0.01531285714285714,0.01640285714285715,0.0065116777285714,0.04459693292142861,0.04166466134285714,0.119575171886985,0.14910799562504118,0.9992233554968132,0.02875000000000004,0.09915331308476384,-200.49208571428545,-384.5691464285706,0.00540714285714291,-0.04788571428571445,0.07980125092857152,-0.12894120117857197,0.01316168728571448,0.8001665349252599,1.9035388236641264,-0.02405571492540821,-0.02321428571428576,-0.07611279849183014,151.15999999999983,263.87589285714233,-0.00892857142857148,0.03142857142857155,-0.06457204642857153,0.08440465892857187,-0.02309355000000016,-0.6851142750633585,-1.4976687953999894,0.01848531198799853,2,2,2,2,2,2,2,2,2,2,2,2,Psychrolutidae,1298,1.3027153783526544,1.3263567459267378,1.4573864336927869,1.2384615384615376,1.523636363636363,0.6056000000000024,FALSE,b-b
146,62,80.46514900000001,Ogcocephalidae_Halieutichthys_aculeatus_E01122,Halieutichthys_aculeatus,benthic,marine,aculeatus,Halieutichthys,1.216508605,0.04410332103321032,0.06774415744157444,0.04540293152931527,3e-4,8e-4,3.666666666666666e-4,49.043099999999995,73.8169,50.99315,52.366,83.0822,54.33866666666667,0.02055,0.0214,0.0202,0.01975,0.0242,0.01953333333333333,0.00037782100000000003,9.98e-4,4.557736666666666e-4,0.0249493035,0.026039131,0.02455181266666666,0.024006798,0.029477448,0.02376834416666666,0.00590456823298714,0.02155164796324117,0.00764890358415558,0.01662049861495844,0.04040404040404041,0.01863853252530951,0.9999993895273932,1,0.9999989979576842,3.6142857142856897e-4,0.03209244421015634,66.75693785714284,60.62228285714285,0.01733500000000001,0.01967857142857142,4.5222575714285503e-4,0.02392685789285714,0.02109241030714287,0.00935834362498869,0.01904544966577631,0.9999990618213516,0.01027857142857139,-0.06842839571253127,132.1683535714304,148.96574285714448,-0.04447499999999998,0.02746428571428542,0.01282032635714281,0.03416018339285696,-0.05381092753571434,0.19858913596122613,0.5252106926255222,-3.097947626658324e-5,-0.00821428571428569,-0.01617466174661548,-39.32910714285857,-67.51714285714412,0.02374999999999999,-0.02464285714285695,-0.01022971785714282,-0.03052556964285703,0.02864976250000004,-0.14909166559301298,-0.41614877922138854,2.5013018266570425e-5,2,2,2,2,2,2,2,2,2,2,2,2,Ogcocephalidae,1376,-4.230592069528118,3.3605734574991417,2.2063395539756927,1.251304347826086,1.1144927536231852,1.8726315789473684,TRUE,b-d
146,63,80.46514799999999,Monacanthidae_Stephanolepis_hispidus_E00646,Stephanolepis_hispidus,demersal,marine,hispidus,Stephanolepis,3.429902033,0.03635015290519877,0.04176529051987766,0.03661697247706422,0.0029,0.0062,0.00298,72.9726,86.2852,70.51412,64.8267,67.713,60.2578,0.0293,0.0331,0.02878,0.0323,0.0339,0.03038,0.009799386,0.021205191,0.0101693712,0.100362379,0.11338963,0.0986880878,0.110680355,0.116286585,0.1041303436,0.0830221716386877,0.15967551390092144,0.07923863275262381,0.09177215189873417,0.22024866785079927,0.1029419804311194,0.9999290677622404,1,0.9994503757699844,0.00464285714285712,0.03915412844036695,57.08123428571426,63.50182000000001,0.02905428571428569,0.02689428571428571,0.01585981508571429,0.09228031277142856,0.0995920526285714,0.12267855664353045,0.16092280298108963,0.9990049260013828,0.14570000000000097,0.03009250764525899,220.61820000000313,-70.46749999999903,0.13160000000000127,-0.01049999999999952,0.4969139810000036,-0.03543562099999758,0.4526497460000029,4.0268008505614334,4.593870973728032,-0.03202274301025691,-0.09928571428571498,-0.00363149847094738,-194.1414285714307,0.26499999999929874,-0.11142857142857232,-0.00642857142857176,-0.3384688785714311,-0.02203240714285881,-0.3831020428571449,-2.763385855117206,-3.087740575560252,0.02120634255711074,2,2,2,2,2,2,2,2,2,2,2,2,Monacanthidae,1429,8.286526315790654,1.1363787813008226,265.9150943403227,1.4674820143884888,-1.6333333333331743,1.181025641025643,TRUE,b-d
148,66,92.200002,Sciaenidae_Pareques_acuminatus_E01050,Equetus_lanceolatus,demersal,marine,acuminatus,Pareques,6.742789478,0.03748055694932261,0.03908003010536877,0.03631213413614316,7e-4,0.002,7.166666666666667e-4,42.1031,65.004,45.1967,40.239,42.7697,38.53608333333334,0.0149,0.0156,0.01455,0.0136,0.0148,0.01303333333333333,0.004568004,0.013239243,0.004771429,0.1002989315,0.105231294,0.098098637,0.0914124035,0.099874061,0.0878279425,0.01929969781248144,0.05390492933937391,0.020321422927127,0.05133599831685251,0.14285714285714285,0.05380397091353101,0.999991292655655,1,0.9999217329849668,5.357142857142848e-4,0.03960938283993977,37.3106928571429,37.442600000000056,0.01360714285714286,0.01461428571428571,0.00346413907142856,0.0984443382857143,0.0917062365,0.0136285296778158,0.0392077704411333,0.9999369679593384,0.00782142857142856,0.1601802738154966,-415.40374999999955,-457.71078571428455,-0.0518214285714285,-0.02242857142857132,0.05299899607142853,-0.14940406999999953,-0.3525919310714271,0.13469293038837815,0.6786375436427114,-0.00249198293674689,-0.00702380952380951,-0.10804482354908808,314.22535714285686,319.5428571428563,0.0434523809523809,0.01785714285714278,-0.0479877345238095,0.11844320476190442,0.29547825119047516,-0.13875635780900214,-0.6051451259969446,0.00209360904712271,2,2,2,2,2,2,2,2,2,2,2,2,Sciaenidae,1536,1.482535382574083,1.3219930873088124,1.4323924803290418,1.1135593220338988,1.2559999999999991,1.192602739726027,TRUE,d-p
148,65,92.2,Chaetodontidae_Hemitaurichthys_polylepis_E00240,Hemitaurichthys_polylepis,pelagic,marine,polylepis,Hemitaurichthys,8.151151254,0.03278908709338925,0.03488824763903463,0.03289244491080794,5e-4,8e-4,5.5e-4,73.53585000000001,75.8472,72.93856666666667,70.52019999999999,72.0396,68.86933333333333,0.02365,0.0247,0.02341666666666667,0.0242,0.0249,0.02356666666666666,0.004201753,0.006225759,0.00431874166666666,0.192580828,0.201223625,0.1907310733333333,0.197199348,0.203186564,0.192167563,0.01507802786279651,0.02591214206814516,0.01683540207384588,0.02176889111698127,0.03628117913832199,0.02355092731734367,0.9999997436721558,0.9999999306618468,0.999999486462783,6.714285714285715e-4,0.032716234447609,70.78407857142858,73.03574285714286,0.02362142857142856,0.02412857142857142,0.00524822878571428,0.19663774792857147,0.1925601944285714,0.02098496538830353,0.02881734589684965,0.9999991292573456,0.00185714285714285,0.07973804527057374,-14.57246428571412,-44.06128571428536,0.06024999999999999,0.04835714285714282,0.01721644107142857,0.3916328153571425,0.4880454114285704,0.04740288754268054,0.05481593228666728,7.811478442789407e-6,-7.142857142857163e-4,-0.06204342177584546,17.56749999999987,30.86142857142834,-0.04773809523809523,-0.03499999999999997,-0.00790349166666667,-0.28281048690476157,-0.38675812380952296,-0.01219148647899005,-0.00971812370681467,-8.30359827338851e-6,2,2,2,2,2,2,2,2,2,2,2,2,Chaetodontidae,1514,1.28519741478245,0.829512695927948,1.4277137434615554,2.5999999999999823,1.3816326530612246,1.2620947630922692,TRUE,d-p
149,68,76.385134,Acanthuridae_Ctenochaetus_strigosus_E00050,Ctenochaetus_strigosus,demersal,marine,strigosus,Ctenochaetus,5.783638624,0.03737353206865402,0.04057588075880755,0.03664754591990363,0.00219999999999999,0.0034,0.00221666666666666,59.407799999999995,75.2856,60.037083333333335,60.9401,63.0501,59.60843333333334,0.02105,0.0231,0.02086666666666666,0.02235,0.0232,0.02141666666666666,0.01258034649999999,0.019489268,0.012669659,0.121688823,0.133555296,0.12066096483333331,0.129361902,0.13446861,0.123977992,0.05705387785093383,0.11445687872521604,0.06211325875185698,0.10289803681377133,0.16915422885572137,0.10520897604762532,0.9998705140373668,0.9999841838693108,0.9997751914141272,0.00198642857142857,0.04005120015485868,60.72388285714288,55.23794000000005,0.02274428571428571,0.02193071428571429,0.01129830812857145,0.12668096640000004,0.1317320521857143,0.04766618719149346,0.08823885279843147,0.9999560966291098,-0.02956071428571425,0.07457849399922596,2.121742857143506,-239.1564714285715,0.019164285714286092,-0.01689642857142867,-0.1702657702142856,-0.0991606890000015,0.1109670370714302,-1.0458356295927729,-1.405373183414246,0.01083594766560076,0.02232142857142855,-0.0413263001677638,4.232857142856636,164.9964285714287,-0.008214285714286,0.01910714285714293,0.12832839642857138,0.11094215000000109,-0.04720882500000135,0.7562563161693039,1.029216925289962,-0.00766984213198868,2,2,2,2,2,2,2,2,2,2,2,2,Acanthuridae,1603,1.8046254732815457,-0.5012554843066596,1.4494645338643686,1.3243199999999995,0.8842990654205625,2.3330434782608345,TRUE,d-p
149,67,76.38513299999998,Lutjanidae_Aphareus_furca_E00563,Aphareus_furca,pelagic,marine,furca,Aphareus,5.012241139,0.03121475487531058,0.03340896263793003,0.03116921397345624,7.999999999999999e-4,0.0013,8.666666666666666e-4,67.59275,77.8479,68.9585,63.28665,71.6108,63.78005,0.0217,0.0227,0.02178333333333333,0.022,0.0223,0.02166666666666666,0.00397817999999999,0.00652477,0.004303088,0.10868348,0.113736792,0.10915040233333334,0.1102361305,0.111771933,0.10854125083333334,0.02565947802914457,0.04297833813565918,0.02785059108533555,0.03693306383479312,0.06220095693779903,0.03999519777731871,0.9999980035702514,0.999999410106788,0.999995921812818,9.93571428571428e-4,0.03239085427418413,62.47240571428576,65.42432000000002,0.02163785714285715,0.02187071428571429,0.00500624117142856,0.10954466475714288,0.10830106837857144,0.03095915165623592,0.04581736828227274,0.9999939933378944,0.0037607142857143,0.01168275561670722,-222.57819999999975,-134.3334857142861,-0.0201464285714288,-0.0063678571428573,0.01898883328571439,-0.03648749792857161,-0.10285285075000088,0.11950279764165228,0.20298974226682287,-1.2068385358211856e-4,-0.00232142857142858,-0.00281826393864531,170.33142857142852,88.22571428571459,0.01589285714285731,0.00553571428571439,-0.01139029285714294,0.03115426785714298,0.08064289464285782,-0.07867358801069442,-0.13075906638089935,8.588019352254063e-5,2,2,2,2,2,2,2,2,2,2,2,2,Lutjanidae,1577,4.145373134328545,1.306735943370906,1.5226114835324969,1.62,1.150322580645168,1.2676404494382034,TRUE,d-p
150,70,96.300001,Ammodytidae_Ammodytes_dubius_N02375,Ammodytes_personatus,benthic,marine,dubius,Ammodytes,16.87886312,0.01320041079812204,0.01408372456964008,0.01325120631194573,0.0023,0.0043,0.0026,67.78435,75.1987,65.97771666666667,64.75215,68.91,64.36175,0.0084,0.0092,0.00825,0.00879999999999999,0.0096,0.00888333333333333,0.0382658625,0.072181605,0.04366949,0.1416123915,0.15592577,0.139037789,0.1480174735,0.162727828,0.1497674365,0.17744760561022505,0.3331908508026024,0.19738393561382797,0.2730186685452624,0.4673913043478261,0.30326668427480924,0.9944412667955465,0.9984350671624882,0.9866489642786496,0.00267142857142857,0.01318332215515312,65.4624857142857,60.03528571428571,0.00875714285714286,0.00762142857142856,0.0449277022142857,0.12825062121428568,0.14747745292857142,0.2029924522961351,0.3252318319438878,0.9852301270015756,0.0032142857142857,-0.00341954504806672,2.057785714286038,-3.024714285714605,-0.00557142857142859,0.00317857142857144,0.03707642107142846,0.04447406178571508,-0.08698427035714247,0.3073625634044485,0.31670407416933316,-0.14920902435590505,-0.0026190476190476,0.00266459870333154,1.8928571428569092,-31.782380952380706,0.00333333333333335,-0.00583333333333334,-0.03023946547619037,-0.09196441547619108,0.0498001464285712,-0.2517272050819549,-0.17597698594891173,0.11592812655539554,2,2,2,2,2,2,2,2,2,2,2,2,Ammodytidae,1696,1.2833245936025086,-1.0871320754720033,-0.09516953088714504,1.2272727272727308,0.5448979591836748,1.6714285714285686,TRUE,b-d
150,69,96.299999,Labridae_Labroides_dimidiatus_E00848,Labroides_dimidiatus,demersal,marine,dimidiatus,Labroides,9.329456258,0.0317715490318551,0.03329793878825737,0.03193301061836353,0.0012,0.0023,0.00141666666666666,51.58875,54.6429,50.527566666666665,52.0855,58.6546,52.73161666666667,0.01525,0.0168,0.01553333333333333,0.01555,0.0172,0.01543333333333333,0.0113650825,0.021207942,0.013096179,0.142362987,0.157184334,0.14490534033333333,0.144900938,0.160487514,0.14389763483333334,0.03699403813314055,0.07469622897945104,0.04448298872675549,0.07749183006535948,0.1503267973856209,0.09266371285831272,0.9999580232596073,0.9999902351284768,0.9998394564847064,0.00128571428571428,0.0328092709913447,50.81652857142857,47.38587142857143,0.01487142857142857,0.01526428571428571,0.01184620621428572,0.14232789485714284,0.1386640875714285,0.03824595481569248,0.08669568574614162,0.9999289061358652,-0.02221428571428565,0.03842107611314385,-2.199142857142929,-42.55399999999961,0.01442857142857148,0.01360714285714288,-0.20770277178571375,0.12897742857142902,0.13520075785714283,-0.8318768813912788,-1.5163377658282378,0.01110922419874016,0.0171428571428571,-0.02521638261800682,-10.2569047619047,16.450714285714003,-0.01452380952380956,-0.01226190476190478,0.16010006071428531,-0.1164361404761908,-0.13602146904761905,0.631160494981703,1.186030132005872,-0.00833843234480536,2,2,2,2,2,2,2,2,2,2,2,2,Labridae,1657,1.5236553432413285,-0.2144060911349,2.586756979723003,1.2958333333333327,1.109708737864078,0.9934426229508208,TRUE,b-d
151,72,102.3,Gobiidae_Risor_ruber_E00107,Risor_ruber,benthic,marine,ruber,Risor,6.775573483,0.03117090395480224,0.03549152542372883,0.03034192561205271,0.00275,0.0057,0.00308333333333333,65.10425000000001,72.3713,61.683800000000005,53.79695,71.1907,53.13731666666667,0.01685,0.021,0.01738333333333333,0.0168,0.0207,0.01648333333333333,0.0185453435,0.038384325,0.02082880166666666,0.114181297,0.141982765,0.11768665116666668,0.1136585105,0.14056821,0.11164027266666668,0.09714600611005068,0.18205440519691457,0.10135631358668835,0.14896446479180292,0.4913793103448276,0.20198798441518623,0.9994788784238188,1,0.9888221694441084,0.00302857142857142,0.02792105528652134,53.39160714285714,59.63110714285716,0.01455714285714286,0.01627857142857143,0.02030102042857143,0.11029612157142855,0.09852408864285717,0.10807796998497748,0.21559297183324935,0.9866437016211356,0.01521428571428573,0.106762762308313,-420.379392857142,-259.3407499999994,-0.06949999999999971,-0.03310714285714282,0.10273202499999998,-0.22278921642857055,-0.4710752432142839,0.14358184752217668,1.755212380624328,-0.2951620927719537,-0.01214285714285715,-0.0955012442830239,335.5470238095232,192.35630952380913,0.04619047619047597,0.02107142857142854,-0.08280456666666666,0.1419640571428565,0.31283236309523677,-0.07527845940863283,-1.3352472107920137,0.2302664320917941,2,2,2,2,2,2,2,2,2,2,2,2,Gobiidae,1747,1.1179201183171488,1.252818123923444,1.3482310543491645,1.252941176470589,1.5711864406779668,1.504639175257733,TRUE,b-d
151,71,102.3,Apogonidae_Nectamia_fusca_E00732,Nectamia_fusca,demersal,marine,fusca,Nectamia,4.960883793,0.02958427876823343,0.03157293354943275,0.02787871420853592,4.5e-4,0.009,0.00188333333333333,65.439,78.0513,62.70988333333334,64.78045,77.6795,63.18221666666667,0.01925,0.0208,0.0175,0.01805,0.0215,0.01724999999999999,0.0023016135,0.044516895,0.00937684183333333,0.0953924655,0.103258252,0.086847709,0.0895170575,0.106633129,0.08559728333333333,0.01522291317707169,0.39644463482544423,0.07928545028186271,0.02347193983122515,0.6382978723404255,0.12701080318684496,0.9999996595245226,0.9999999781497518,0.9723334499825872,-3.74285714285695e-4,0.03057873929150265,67.59546428571426,62.03836571428573,0.01932642857142856,0.01961285714285716,-0.00179517890714273,0.09744033955000006,0.09592823377857138,-0.02268245507391508,-0.03790472973803549,1.017783647242929,-0.11818571428571426,0.09109252720537334,101.77617857142634,-264.17858571428366,0.0683249999999993,-0.02223571428571357,-0.5832094228928566,-0.10405594603571008,0.344266968821425,-5.189878439542957,-8.31621186436151,2.16389093889906,0.08214285714285716,-0.05821515397082797,-57.62749999999835,206.8421428571414,-0.04339285714285664,0.02892857142857088,0.4051826160714283,0.13912047321428256,-0.2193403267857117,3.592108994207073,5.747873876438996,-1.4821244791567283,2,2,2,2,2,2,2,2,2,2,2,2,Apogonidae,1720,1.5647562703522255,1.7661043524607047,1.2771990372230022,1.4387826086956517,0.7686419753086319,1.57456790123457,TRUE,b-d
153,74,38.025911,Scombridae_Scomber_japonicus_E00247,Scomber_japonicus,pelagic,marine,japonicus,Scomber,9.112440287,0.02647866189427313,0.02688931718061675,0.02602257709251102,0.0025,0.003,0.00253333333333333,61.134150000000005,63.2238,60.77676666666667,54.7488,58.1623,54.967216666666666,0.015,0.0157,0.01471666666666666,0.01495,0.0156,0.01456666666666666,0.022831279,0.027196821,0.02302363083333333,0.13641062199999998,0.14310947,0.13406058916666666,0.135933925,0.142105897,0.13250505133333337,0.09762729378752856,0.11879245118454454,0.09741621333118249,0.17279020234291803,0.21897810218978103,0.17344491312353025,0.999101873458736,0.9996209197318008,0.9989626808993392,0.00251428571428571,0.02686524543738199,55.193700000000014,59.69062142857142,0.01510714285714285,0.01514285714285714,0.02270583292857141,0.13794465464285716,0.13738552114285713,0.09396971582212084,0.16663089527326447,0.9991477531226608,0.01549999999999997,0.04205396475770927,-56.861571428571246,-45.564678571428075,0.00775000000000006,0.01300000000000002,0.13732817035714262,0.12395915178571364,0.0660745107142859,0.4773084595906247,0.9638530702696698,-0.01655463071676131,-0.01238095238095236,-0.02890116949863648,43.58428571428559,28.477499999999647,-0.00392857142857147,-0.00857142857142858,-0.110452732142857,-0.0826155392857138,-0.03255637619047632,-0.39546822580433566,-0.7921371234218596,0.01402764910404289,2,2,2,2,2,2,2,2,2,2,2,2,Scombridae,1908,1.455095606414589,1.304634697957979,1.6000238283356558,1.2519230769230767,1.5166666666666675,1.9727272727272671,FALSE,p-p
153,75,38.025909,Gempylidae_Nealotus_tripes_E00287,Nealotus_tripes,pelagic,marine,tripes,Nealotus,18.59031968,0.02267679558011049,0.02388922651933699,0.02254139042357274,0.00174999999999999,0.0027,0.00188333333333333,49.08955,51.6762,46.81715,50.95195,66.1721,52.09166666666667,0.01075,0.0113,0.01033333333333333,0.0106,0.0114,0.01076666666666666,0.033078762,0.049317706,0.03501091766666667,0.19931071,0.209555364,0.19173730633333333,0.197780516,0.212244727,0.200160187,0.0771901715184942,0.13332423953075948,0.0844948963186464,0.1601979247134476,0.3050847457627119,0.18292289296666361,0.9993246665882662,0.9996895073941124,0.9979780850370852,0.00200833333333333,0.02230128420152592,56.389792857142865,42.81870297619045,0.01089464285714285,0.00969464285714285,0.0371597217202381,0.1799682474345237,0.20240357776190465,0.09103574226503412,0.20320955107418437,0.9965164403507446,-0.00445238095238094,0.06724222244146233,-143.1253571428567,-0.7978273809521121,0.01576785714285716,0.02537499999999997,-0.07370157601190472,0.4596485275595239,0.2926232726190477,-0.5862104826856465,-0.8551049532416979,0.03695165256188997,0.00428571428571428,-0.05447168508287248,138.66142857142822,-21.130535714285937,-0.01196428571428573,-0.02398809523809522,0.07147176964285712,-0.43561109940476206,-0.222336611904762,0.5046810685261665,0.8008789047753591,-0.03772922528913565,2,2,2,2,2,2,2,2,2,2,2,2,Gempylidae,1953,1.234443589163084,1.032193008664475,-0.03775708253400867,1.0388888888888874,1.0578163771712157,1.3179104477611938,FALSE,p-p
